crop_path,absolute_crop_path,crop_filename,parent_filename,split,class_name,class_idx,bbox_x,bbox_y,bbox_w,bbox_h
processed\train\PEDESTRAIN_CROSSING\GX010109.MP4_snapshot_00.18.192_crop00_17.jpg,C:\Users\ASUS G 16 JVR\Desktop\deepLearning_CNN\dataset\processed\train\PEDESTRAIN_CROSSING\GX010109.MP4_snapshot_00.18.192_crop00_17.jpg,GX010109.MP4_snapshot_00.18.192_crop00_17.jpg,GX010109.MP4_snapshot_00.18.192.jpg,train,PEDESTRAIN_CROSSING,17,2993,716,226,211
processed\train\PEDESTRAIN_CR_AREA\GX010109.MP4_snapshot_00.21.104_crop00_18.jpg,C:\Users\ASUS G 16 JVR\Desktop\deepLearning_CNN\dataset\processed\train\PEDESTRAIN_CR_AREA\GX010109.MP4_snapshot_00.21.104_crop00_18.jpg,GX010109.MP4_snapshot_00.21.104_crop00_18.jpg,GX010109.MP4_snapshot_00.21.104.jpg,train,PEDESTRAIN_CR_AREA,18,3270,785,128,116
processed\train\PEDESTRAIN_CR_AREA\GX010109.MP4_snapshot_00.28.509_crop00_18.jpg,C:\Users\ASUS G 16 JVR\Desktop\deepLearning_CNN\dataset\processed\train\PEDESTRAIN_CR_AREA\GX010109.MP4_snapshot_00.28.509_crop00_18.jpg,GX010109.MP4_snapshot_00.28.509_crop00_18.jpg,GX010109.MP4_snapshot_00.28.509.jpg,train,PEDESTRAIN_CR_AREA,18,2668,877,106,98
processed\train\PEDESTRAIN_CR_AREA\GX010109.MP4_snapshot_00.48.325_crop00_18.jpg,C:\Users\ASUS G 16 JVR\Desktop\deepLearning_CNN\dataset\processed\train\PEDESTRAIN_CR_AREA\GX010109.MP4_snapshot_00.48.325_crop00_18.jpg,GX010109.MP4_snapshot_00.48.325_crop00_18.jpg,GX010109.MP4_snapshot_00.48.325.jpg,train,PEDESTRAIN_CR_AREA,18,3503,716,167,150
processed\train\END_SPEED_LIMIT\GX010109.MP4_snapshot_00.56.887_crop00_08.jpg,C:\Users\ASUS G 16 JVR\Desktop\deepLearning_CNN\dataset\processed\train\END_SPEED_LIMIT\GX010109.MP4_snapshot_00.56.887_crop00_08.jpg,GX010109.MP4_snapshot_00.56.887_crop00_08.jpg,GX010109.MP4_snapshot_00.56.887.jpg,train,END_SPEED_LIMIT,8,2912,813,142,134
processed\train\PEDESTRAIN_CR_AREA\GX010109.MP4_snapshot_00.56.887_crop01_18.jpg,C:\Users\ASUS G 16 JVR\Desktop\deepLearning_CNN\dataset\processed\train\PEDESTRAIN_CR_AREA\GX010109.MP4_snapshot_00.56.887_crop01_18.jpg,GX010109.MP4_snapshot_00.56.887_crop01_18.jpg,GX010109.MP4_snapshot_00.56.887.jpg,train,PEDESTRAIN_CR_AREA,18,2344,957,53,56
processed\train\PEDESTRAIN_CROSSING\GX010109.MP4_snapshot_01.22.517_crop00_17.jpg,C:\Users\ASUS G 16 JVR\Desktop\deepLearning_CNN\dataset\processed\train\PEDESTRAIN_CROSSING\GX010109.MP4_snapshot_01.22.517_crop00_17.jpg,GX010109.MP4_snapshot_01.22.517_crop00_17.jpg,GX010109.MP4_snapshot_01.22.517.jpg,train,PEDESTRAIN_CROSSING,17,3026,651,301,262
processed\train\PEDESTRAIN_CR_AREA\GX010109.MP4_snapshot_01.29.119_crop00_18.jpg,C:\Users\ASUS G 16 JVR\Desktop\deepLearning_CNN\dataset\processed\train\PEDESTRAIN_CR_AREA\GX010109.MP4_snapshot_01.29.119_crop00_18.jpg,GX010109.MP4_snapshot_01.29.119_crop00_18.jpg,GX010109.MP4_snapshot_01.29.119.jpg,train,PEDESTRAIN_CR_AREA,18,2863,801,144,134
processed\train\ROAD_JUNCTION_ON_THE_RIGHT\GX010109.MP4_snapshot_01.46.569_crop00_22.jpg,C:\Users\ASUS G 16 JVR\Desktop\deepLearning_CNN\dataset\processed\train\ROAD_JUNCTION_ON_THE_RIGHT\GX010109.MP4_snapshot_01.46.569_crop00_22.jpg,GX010109.MP4_snapshot_01.46.569_crop00_22.jpg,GX010109.MP4_snapshot_01.46.569.jpg,train,ROAD_JUNCTION_ON_THE_RIGHT,22,2929,843,140,131
processed\train\SLOW_DOWN\GX010109.MP4_snapshot_02.06.740_crop00_23.jpg,C:\Users\ASUS G 16 JVR\Desktop\deepLearning_CNN\dataset\processed\train\SLOW_DOWN\GX010109.MP4_snapshot_02.06.740_crop00_23.jpg,GX010109.MP4_snapshot_02.06.740_crop00_23.jpg,GX010109.MP4_snapshot_02.06.740.jpg,train,SLOW_DOWN,23,3099,671,224,205
processed\train\CHILDREN_CROSSING\GX010109.MP4_snapshot_02.10.370_crop00_05.jpg,C:\Users\ASUS G 16 JVR\Desktop\deepLearning_CNN\dataset\processed\train\CHILDREN_CROSSING\GX010109.MP4_snapshot_02.10.370_crop00_05.jpg,GX010109.MP4_snapshot_02.10.370_crop00_05.jpg,GX010109.MP4_snapshot_02.10.370.jpg,train,CHILDREN_CROSSING,5,2763,712,150,138
processed\train\30_SPEED_LIMIT\GX010109.MP4_snapshot_02.10.370_crop01_00.jpg,C:\Users\ASUS G 16 JVR\Desktop\deepLearning_CNN\dataset\processed\train\30_SPEED_LIMIT\GX010109.MP4_snapshot_02.10.370_crop01_00.jpg,GX010109.MP4_snapshot_02.10.370_crop01_00.jpg,GX010109.MP4_snapshot_02.10.370.jpg,train,30_SPEED_LIMIT,0,2778,854,122,120
processed\train\PEDESTRAIN_CR_AREA\GX010109.MP4_snapshot_02.19.105_crop00_18.jpg,C:\Users\ASUS G 16 JVR\Desktop\deepLearning_CNN\dataset\processed\train\PEDESTRAIN_CR_AREA\GX010109.MP4_snapshot_02.19.105_crop00_18.jpg,GX010109.MP4_snapshot_02.19.105_crop00_18.jpg,GX010109.MP4_snapshot_02.19.105.jpg,train,PEDESTRAIN_CR_AREA,18,3205,844,132,116
processed\train\PEDESTRAIN_CROSSING\GX010109.MP4_snapshot_02.57.243_crop00_17.jpg,C:\Users\ASUS G 16 JVR\Desktop\deepLearning_CNN\dataset\processed\train\PEDESTRAIN_CROSSING\GX010109.MP4_snapshot_02.57.243_crop00_17.jpg,GX010109.MP4_snapshot_02.57.243_crop00_17.jpg,GX010109.MP4_snapshot_02.57.243.jpg,train,PEDESTRAIN_CROSSING,17,3190,724,146,134
processed\train\LEFT_BEND\GX010110.MP4_snapshot_00.39.360_crop00_12.jpg,C:\Users\ASUS G 16 JVR\Desktop\deepLearning_CNN\dataset\processed\train\LEFT_BEND\GX010110.MP4_snapshot_00.39.360_crop00_12.jpg,GX010110.MP4_snapshot_00.39.360_crop00_12.jpg,GX010110.MP4_snapshot_00.39.360.jpg,train,LEFT_BEND,12,3481,824,145,136
processed\train\KEEP_RIGHT\GX010110.MP4_snapshot_01.04.979_crop00_10.jpg,C:\Users\ASUS G 16 JVR\Desktop\deepLearning_CNN\dataset\processed\train\KEEP_RIGHT\GX010110.MP4_snapshot_01.04.979_crop00_10.jpg,GX010110.MP4_snapshot_01.04.979_crop00_10.jpg,GX010110.MP4_snapshot_01.04.979.jpg,train,KEEP_RIGHT,10,1650,1012,54,54
processed\train\KEEP_RIGHT\GX010110.MP4_snapshot_01.16.385_crop00_10.jpg,C:\Users\ASUS G 16 JVR\Desktop\deepLearning_CNN\dataset\processed\train\KEEP_RIGHT\GX010110.MP4_snapshot_01.16.385_crop00_10.jpg,GX010110.MP4_snapshot_01.16.385_crop00_10.jpg,GX010110.MP4_snapshot_01.16.385.jpg,train,KEEP_RIGHT,10,860,943,147,154
processed\train\PEDESTRAIN_CROSSING\GX010110.MP4_snapshot_01.16.385_crop01_17.jpg,C:\Users\ASUS G 16 JVR\Desktop\deepLearning_CNN\dataset\processed\train\PEDESTRAIN_CROSSING\GX010110.MP4_snapshot_01.16.385_crop01_17.jpg,GX010110.MP4_snapshot_01.16.385_crop01_17.jpg,GX010110.MP4_snapshot_01.16.385.jpg,train,PEDESTRAIN_CROSSING,17,2470,891,92,96
processed\train\PEDESTRAIN_CR_AREA\GX010110.MP4_snapshot_01.22.794_crop00_18.jpg,C:\Users\ASUS G 16 JVR\Desktop\deepLearning_CNN\dataset\processed\train\PEDESTRAIN_CR_AREA\GX010110.MP4_snapshot_01.22.794_crop00_18.jpg,GX010110.MP4_snapshot_01.22.794_crop00_18.jpg,GX010110.MP4_snapshot_01.22.794.jpg,train,PEDESTRAIN_CR_AREA,18,3044,850,98,92
processed\train\NO_UTURN\GX010110.MP4_snapshot_01.22.794_crop01_16.jpg,C:\Users\ASUS G 16 JVR\Desktop\deepLearning_CNN\dataset\processed\train\NO_UTURN\GX010110.MP4_snapshot_01.22.794_crop01_16.jpg,GX010110.MP4_snapshot_01.22.794_crop01_16.jpg,GX010110.MP4_snapshot_01.22.794.jpg,train,NO_UTURN,16,541,943,171,183
processed\train\PEDESTRAIN_CR_AREA\GX010110.MP4_snapshot_01.37.710_crop00_18.jpg,C:\Users\ASUS G 16 JVR\Desktop\deepLearning_CNN\dataset\processed\train\PEDESTRAIN_CR_AREA\GX010110.MP4_snapshot_01.37.710_crop00_18.jpg,GX010110.MP4_snapshot_01.37.710_crop00_18.jpg,GX010110.MP4_snapshot_01.37.710.jpg,train,PEDESTRAIN_CR_AREA,18,3207,793,126,112
processed\train\PEDESTRAIN_CR_AREA\GX010110.MP4_snapshot_02.12.306_crop00_18.jpg,C:\Users\ASUS G 16 JVR\Desktop\deepLearning_CNN\dataset\processed\train\PEDESTRAIN_CR_AREA\GX010110.MP4_snapshot_02.12.306_crop00_18.jpg,GX010110.MP4_snapshot_02.12.306_crop00_18.jpg,GX010110.MP4_snapshot_02.12.306.jpg,train,PEDESTRAIN_CR_AREA,18,3654,857,111,99
processed\train\NO_UTURN\GX010110.MP4_snapshot_02.12.306_crop01_16.jpg,C:\Users\ASUS G 16 JVR\Desktop\deepLearning_CNN\dataset\processed\train\NO_UTURN\GX010110.MP4_snapshot_02.12.306_crop01_16.jpg,GX010110.MP4_snapshot_02.12.306_crop01_16.jpg,GX010110.MP4_snapshot_02.12.306.jpg,train,NO_UTURN,16,1539,974,98,120
processed\train\KEEP_RIGHT\GX010110.MP4_snapshot_02.12.306_crop02_10.jpg,C:\Users\ASUS G 16 JVR\Desktop\deepLearning_CNN\dataset\processed\train\KEEP_RIGHT\GX010110.MP4_snapshot_02.12.306_crop02_10.jpg,GX010110.MP4_snapshot_02.12.306_crop02_10.jpg,GX010110.MP4_snapshot_02.12.306.jpg,train,KEEP_RIGHT,10,1871,1020,38,43
processed\train\SLOW_DOWN\GX010110.MP4_snapshot_02.15.853_crop00_23.jpg,C:\Users\ASUS G 16 JVR\Desktop\deepLearning_CNN\dataset\processed\train\SLOW_DOWN\GX010110.MP4_snapshot_02.15.853_crop00_23.jpg,GX010110.MP4_snapshot_02.15.853_crop00_23.jpg,GX010110.MP4_snapshot_02.15.853.jpg,train,SLOW_DOWN,23,3409,830,140,125
processed\train\30_SPEED_LIMIT\GX010110.MP4_snapshot_02.19.671_crop00_00.jpg,C:\Users\ASUS G 16 JVR\Desktop\deepLearning_CNN\dataset\processed\train\30_SPEED_LIMIT\GX010110.MP4_snapshot_02.19.671_crop00_00.jpg,GX010110.MP4_snapshot_02.19.671_crop00_00.jpg,GX010110.MP4_snapshot_02.19.671.jpg,train,30_SPEED_LIMIT,0,3218,738,113,106
processed\train\CHILDREN_CROSSING\GX010110.MP4_snapshot_02.19.671_crop01_05.jpg,C:\Users\ASUS G 16 JVR\Desktop\deepLearning_CNN\dataset\processed\train\CHILDREN_CROSSING\GX010110.MP4_snapshot_02.19.671_crop01_05.jpg,GX010110.MP4_snapshot_02.19.671_crop01_05.jpg,GX010110.MP4_snapshot_02.19.671.jpg,train,CHILDREN_CROSSING,5,3207,838,132,120
processed\train\PEDESTRAIN_CR_AREA\GX010110.MP4_snapshot_02.34.120_crop00_18.jpg,C:\Users\ASUS G 16 JVR\Desktop\deepLearning_CNN\dataset\processed\train\PEDESTRAIN_CR_AREA\GX010110.MP4_snapshot_02.34.120_crop00_18.jpg,GX010110.MP4_snapshot_02.34.120_crop00_18.jpg,GX010110.MP4_snapshot_02.34.120.jpg,train,PEDESTRAIN_CR_AREA,18,3168,844,118,106
processed\train\NO_UTURN\GX010110.MP4_snapshot_02.42.008_crop00_16.jpg,C:\Users\ASUS G 16 JVR\Desktop\deepLearning_CNN\dataset\processed\train\NO_UTURN\GX010110.MP4_snapshot_02.42.008_crop00_16.jpg,GX010110.MP4_snapshot_02.42.008_crop00_16.jpg,GX010110.MP4_snapshot_02.42.008.jpg,train,NO_UTURN,16,543,925,165,177
processed\train\KEEP_RIGHT\GX010110.MP4_snapshot_02.42.008_crop01_10.jpg,C:\Users\ASUS G 16 JVR\Desktop\deepLearning_CNN\dataset\processed\train\KEEP_RIGHT\GX010110.MP4_snapshot_02.42.008_crop01_10.jpg,GX010110.MP4_snapshot_02.42.008_crop01_10.jpg,GX010110.MP4_snapshot_02.42.008.jpg,train,KEEP_RIGHT,10,1461,1010,75,75
processed\train\STAGGERED_JUNCTION_RL\GX010110.MP4_snapshot_02.42.008_crop02_24.jpg,C:\Users\ASUS G 16 JVR\Desktop\deepLearning_CNN\dataset\processed\train\STAGGERED_JUNCTION_RL\GX010110.MP4_snapshot_02.42.008_crop02_24.jpg,GX010110.MP4_snapshot_02.42.008_crop02_24.jpg,GX010110.MP4_snapshot_02.42.008.jpg,train,STAGGERED_JUNCTION_RL,24,2415,973,46,48
processed\train\STAGGERED_JUNCTION_RL\GX010110.MP4_snapshot_02.45.189_crop00_24.jpg,C:\Users\ASUS G 16 JVR\Desktop\deepLearning_CNN\dataset\processed\train\STAGGERED_JUNCTION_RL\GX010110.MP4_snapshot_02.45.189_crop00_24.jpg,GX010110.MP4_snapshot_02.45.189_crop00_24.jpg,GX010110.MP4_snapshot_02.45.189.jpg,train,STAGGERED_JUNCTION_RL,24,3288,817,136,124
processed\train\PEDESTRAIN_CR_AREA\GX010110.MP4_snapshot_02.57.326_crop00_18.jpg,C:\Users\ASUS G 16 JVR\Desktop\deepLearning_CNN\dataset\processed\train\PEDESTRAIN_CR_AREA\GX010110.MP4_snapshot_02.57.326_crop00_18.jpg,GX010110.MP4_snapshot_02.57.326_crop00_18.jpg,GX010110.MP4_snapshot_02.57.326.jpg,train,PEDESTRAIN_CR_AREA,18,3546,834,128,112
processed\train\30_SPEED_LIMIT\GX010110.MP4_snapshot_03.38.747_crop00_00.jpg,C:\Users\ASUS G 16 JVR\Desktop\deepLearning_CNN\dataset\processed\train\30_SPEED_LIMIT\GX010110.MP4_snapshot_03.38.747_crop00_00.jpg,GX010110.MP4_snapshot_03.38.747_crop00_00.jpg,GX010110.MP4_snapshot_03.38.747.jpg,train,30_SPEED_LIMIT,0,3479,773,118,106
processed\train\CHILDREN_CROSSING\GX010110.MP4_snapshot_03.38.747_crop01_05.jpg,C:\Users\ASUS G 16 JVR\Desktop\deepLearning_CNN\dataset\processed\train\CHILDREN_CROSSING\GX010110.MP4_snapshot_03.38.747_crop01_05.jpg,GX010110.MP4_snapshot_03.38.747_crop01_05.jpg,GX010110.MP4_snapshot_03.38.747.jpg,train,CHILDREN_CROSSING,5,3471,869,133,116
processed\train\KEEP_RIGHT\GX010110.MP4_snapshot_04.00.589_crop00_10.jpg,C:\Users\ASUS G 16 JVR\Desktop\deepLearning_CNN\dataset\processed\train\KEEP_RIGHT\GX010110.MP4_snapshot_04.00.589_crop00_10.jpg,GX010110.MP4_snapshot_04.00.589_crop00_10.jpg,GX010110.MP4_snapshot_04.00.589.jpg,train,KEEP_RIGHT,10,828,968,148,153
processed\train\PEDESTRAIN_CR_AREA\GX010110.MP4_snapshot_04.00.589_crop01_18.jpg,C:\Users\ASUS G 16 JVR\Desktop\deepLearning_CNN\dataset\processed\train\PEDESTRAIN_CR_AREA\GX010110.MP4_snapshot_04.00.589_crop01_18.jpg,GX010110.MP4_snapshot_04.00.589_crop01_18.jpg,GX010110.MP4_snapshot_04.00.589.jpg,train,PEDESTRAIN_CR_AREA,18,3487,860,96,89
processed\train\NO_UTURN\GX010110.MP4_snapshot_04.05.837_crop00_16.jpg,C:\Users\ASUS G 16 JVR\Desktop\deepLearning_CNN\dataset\processed\train\NO_UTURN\GX010110.MP4_snapshot_04.05.837_crop00_16.jpg,GX010110.MP4_snapshot_04.05.837_crop00_16.jpg,GX010110.MP4_snapshot_04.05.837.jpg,train,NO_UTURN,16,1234,976,104,106
processed\train\PEDESTRAIN_CR_AREA\GX010110.MP4_snapshot_04.05.837_crop01_18.jpg,C:\Users\ASUS G 16 JVR\Desktop\deepLearning_CNN\dataset\processed\train\PEDESTRAIN_CR_AREA\GX010110.MP4_snapshot_04.05.837_crop01_18.jpg,GX010110.MP4_snapshot_04.05.837_crop01_18.jpg,GX010110.MP4_snapshot_04.05.837.jpg,train,PEDESTRAIN_CR_AREA,18,3524,830,118,106
processed\train\KEEP_RIGHT\GX010110.MP4_snapshot_04.05.837_crop02_10.jpg,C:\Users\ASUS G 16 JVR\Desktop\deepLearning_CNN\dataset\processed\train\KEEP_RIGHT\GX010110.MP4_snapshot_04.05.837_crop02_10.jpg,GX010110.MP4_snapshot_04.05.837_crop02_10.jpg,GX010110.MP4_snapshot_04.05.837.jpg,train,KEEP_RIGHT,10,1797,1027,35,34
processed\train\KEEP_RIGHT\GX010110.MP4_snapshot_04.10.183_crop00_10.jpg,C:\Users\ASUS G 16 JVR\Desktop\deepLearning_CNN\dataset\processed\train\KEEP_RIGHT\GX010110.MP4_snapshot_04.10.183_crop00_10.jpg,GX010110.MP4_snapshot_04.10.183_crop00_10.jpg,GX010110.MP4_snapshot_04.10.183.jpg,train,KEEP_RIGHT,10,663,963,161,175
processed\train\NO_UTURN\GX010110.MP4_snapshot_04.27.092_crop00_16.jpg,C:\Users\ASUS G 16 JVR\Desktop\deepLearning_CNN\dataset\processed\train\NO_UTURN\GX010110.MP4_snapshot_04.27.092_crop00_16.jpg,GX010110.MP4_snapshot_04.27.092_crop00_16.jpg,GX010110.MP4_snapshot_04.27.092.jpg,train,NO_UTURN,16,653,948,165,182
processed\train\KEEP_RIGHT\GX010110.MP4_snapshot_04.27.092_crop01_10.jpg,C:\Users\ASUS G 16 JVR\Desktop\deepLearning_CNN\dataset\processed\train\KEEP_RIGHT\GX010110.MP4_snapshot_04.27.092_crop01_10.jpg,GX010110.MP4_snapshot_04.27.092_crop01_10.jpg,GX010110.MP4_snapshot_04.27.092.jpg,train,KEEP_RIGHT,10,1515,1017,76,65
processed\train\PRIORITY_ROAD\GX010110.MP4_snapshot_04.27.092_crop02_19.jpg,C:\Users\ASUS G 16 JVR\Desktop\deepLearning_CNN\dataset\processed\train\PRIORITY_ROAD\GX010110.MP4_snapshot_04.27.092_crop02_19.jpg,GX010110.MP4_snapshot_04.27.092_crop02_19.jpg,GX010110.MP4_snapshot_04.27.092.jpg,train,PRIORITY_ROAD,19,2349,971,48,42
processed\train\KEEP_RIGHT\GX010110.MP4_snapshot_04.28.407_crop00_10.jpg,C:\Users\ASUS G 16 JVR\Desktop\deepLearning_CNN\dataset\processed\train\KEEP_RIGHT\GX010110.MP4_snapshot_04.28.407_crop00_10.jpg,GX010110.MP4_snapshot_04.28.407_crop00_10.jpg,GX010110.MP4_snapshot_04.28.407.jpg,train,KEEP_RIGHT,10,789,967,159,162
processed\train\PRIORITY_ROAD\GX010110.MP4_snapshot_04.28.407_crop01_19.jpg,C:\Users\ASUS G 16 JVR\Desktop\deepLearning_CNN\dataset\processed\train\PRIORITY_ROAD\GX010110.MP4_snapshot_04.28.407_crop01_19.jpg,GX010110.MP4_snapshot_04.28.407_crop01_19.jpg,GX010110.MP4_snapshot_04.28.407.jpg,train,PRIORITY_ROAD,19,2490,925,65,67
processed\train\PRIORITY_ROAD\GX010110.MP4_snapshot_04.30.195_crop00_19.jpg,C:\Users\ASUS G 16 JVR\Desktop\deepLearning_CNN\dataset\processed\train\PRIORITY_ROAD\GX010110.MP4_snapshot_04.30.195_crop00_19.jpg,GX010110.MP4_snapshot_04.30.195_crop00_19.jpg,GX010110.MP4_snapshot_04.30.195.jpg,train,PRIORITY_ROAD,19,3253,755,181,162
processed\train\NO_UTURN\GX010110.MP4_snapshot_06.05.909_crop00_16.jpg,C:\Users\ASUS G 16 JVR\Desktop\deepLearning_CNN\dataset\processed\train\NO_UTURN\GX010110.MP4_snapshot_06.05.909_crop00_16.jpg,GX010110.MP4_snapshot_06.05.909_crop00_16.jpg,GX010110.MP4_snapshot_06.05.909.jpg,train,NO_UTURN,16,340,913,214,224
processed\train\KEEP_RIGHT\GX010110.MP4_snapshot_06.05.909_crop01_10.jpg,C:\Users\ASUS G 16 JVR\Desktop\deepLearning_CNN\dataset\processed\train\KEEP_RIGHT\GX010110.MP4_snapshot_06.05.909_crop01_10.jpg,GX010110.MP4_snapshot_06.05.909_crop01_10.jpg,GX010110.MP4_snapshot_06.05.909.jpg,train,KEEP_RIGHT,10,1484,992,71,77
processed\train\40_SPEED_LIMIT\GX010110.MP4_snapshot_06.22.362_crop00_01.jpg,C:\Users\ASUS G 16 JVR\Desktop\deepLearning_CNN\dataset\processed\train\40_SPEED_LIMIT\GX010110.MP4_snapshot_06.22.362_crop00_01.jpg,GX010110.MP4_snapshot_06.22.362_crop00_01.jpg,GX010110.MP4_snapshot_06.22.362.jpg,train,40_SPEED_LIMIT,1,3316,699,254,205
processed\train\KEEP_RIGHT\GX010110.MP4_snapshot_10.32.390_crop00_10.jpg,C:\Users\ASUS G 16 JVR\Desktop\deepLearning_CNN\dataset\processed\train\KEEP_RIGHT\GX010110.MP4_snapshot_10.32.390_crop00_10.jpg,GX010110.MP4_snapshot_10.32.390_crop00_10.jpg,GX010110.MP4_snapshot_10.32.390.jpg,train,KEEP_RIGHT,10,1294,906,166,159
processed\train\NO_UTURN\GX010110.MP4_snapshot_10.46.920_crop00_16.jpg,C:\Users\ASUS G 16 JVR\Desktop\deepLearning_CNN\dataset\processed\train\NO_UTURN\GX010110.MP4_snapshot_10.46.920_crop00_16.jpg,GX010110.MP4_snapshot_10.46.920_crop00_16.jpg,GX010110.MP4_snapshot_10.46.920.jpg,train,NO_UTURN,16,96,237,447,481
processed\train\KEEP_RIGHT\GX010110.MP4_snapshot_10.50.009_crop00_10.jpg,C:\Users\ASUS G 16 JVR\Desktop\deepLearning_CNN\dataset\processed\train\KEEP_RIGHT\GX010110.MP4_snapshot_10.50.009_crop00_10.jpg,GX010110.MP4_snapshot_10.50.009_crop00_10.jpg,GX010110.MP4_snapshot_10.50.009.jpg,train,KEEP_RIGHT,10,1097,892,224,231
processed\train\30_SPEED_LIMIT\GX010110.MP4_snapshot_11.23.096_crop00_00.jpg,C:\Users\ASUS G 16 JVR\Desktop\deepLearning_CNN\dataset\processed\train\30_SPEED_LIMIT\GX010110.MP4_snapshot_11.23.096_crop00_00.jpg,GX010110.MP4_snapshot_11.23.096_crop00_00.jpg,GX010110.MP4_snapshot_11.23.096.jpg,train,30_SPEED_LIMIT,0,3251,826,122,118
processed\train\CHILDREN_CROSSING\GX010110.MP4_snapshot_11.23.096_crop01_05.jpg,C:\Users\ASUS G 16 JVR\Desktop\deepLearning_CNN\dataset\processed\train\CHILDREN_CROSSING\GX010110.MP4_snapshot_11.23.096_crop01_05.jpg,GX010110.MP4_snapshot_11.23.096_crop01_05.jpg,GX010110.MP4_snapshot_11.23.096.jpg,train,CHILDREN_CROSSING,5,3233,687,157,142
processed\train\PEDESTRAIN_CR_AREA\GX010110.MP4_snapshot_11.34.907_crop00_18.jpg,C:\Users\ASUS G 16 JVR\Desktop\deepLearning_CNN\dataset\processed\train\PEDESTRAIN_CR_AREA\GX010110.MP4_snapshot_11.34.907_crop00_18.jpg,GX010110.MP4_snapshot_11.34.907_crop00_18.jpg,GX010110.MP4_snapshot_11.34.907.jpg,train,PEDESTRAIN_CR_AREA,18,3317,783,133,123
processed\train\KEEP_RIGHT\GX010110.MP4_snapshot_11.34.907_crop01_10.jpg,C:\Users\ASUS G 16 JVR\Desktop\deepLearning_CNN\dataset\processed\train\KEEP_RIGHT\GX010110.MP4_snapshot_11.34.907_crop01_10.jpg,GX010110.MP4_snapshot_11.34.907_crop01_10.jpg,GX010110.MP4_snapshot_11.34.907.jpg,train,KEEP_RIGHT,10,1691,1005,55,58
processed\train\NO_UTURN\GX010110.MP4_snapshot_11.45.111_crop00_16.jpg,C:\Users\ASUS G 16 JVR\Desktop\deepLearning_CNN\dataset\processed\train\NO_UTURN\GX010110.MP4_snapshot_11.45.111_crop00_16.jpg,GX010110.MP4_snapshot_11.45.111_crop00_16.jpg,GX010110.MP4_snapshot_11.45.111.jpg,train,NO_UTURN,16,937,667,167,175
processed\train\KEEP_RIGHT\GX010110.MP4_snapshot_11.45.111_crop01_10.jpg,C:\Users\ASUS G 16 JVR\Desktop\deepLearning_CNN\dataset\processed\train\KEEP_RIGHT\GX010110.MP4_snapshot_11.45.111_crop01_10.jpg,GX010110.MP4_snapshot_11.45.111_crop01_10.jpg,GX010110.MP4_snapshot_11.45.111.jpg,train,KEEP_RIGHT,10,1614,972,63,67
processed\train\PRIORITY_ROAD\GX010110.MP4_snapshot_11.50.552_crop00_19.jpg,C:\Users\ASUS G 16 JVR\Desktop\deepLearning_CNN\dataset\processed\train\PRIORITY_ROAD\GX010110.MP4_snapshot_11.50.552_crop00_19.jpg,GX010110.MP4_snapshot_11.50.552_crop00_19.jpg,GX010110.MP4_snapshot_11.50.552.jpg,train,PRIORITY_ROAD,19,3091,840,124,114
processed\train\SLOW_DOWN\GX010110.MP4_snapshot_12.10.346_crop00_23.jpg,C:\Users\ASUS G 16 JVR\Desktop\deepLearning_CNN\dataset\processed\train\SLOW_DOWN\GX010110.MP4_snapshot_12.10.346_crop00_23.jpg,GX010110.MP4_snapshot_12.10.346_crop00_23.jpg,GX010110.MP4_snapshot_12.10.346.jpg,train,SLOW_DOWN,23,3035,814,108,108
processed\train\40_SPEED_LIMIT\GX010110.MP4_snapshot_12.10.346_crop01_01.jpg,C:\Users\ASUS G 16 JVR\Desktop\deepLearning_CNN\dataset\processed\train\40_SPEED_LIMIT\GX010110.MP4_snapshot_12.10.346_crop01_01.jpg,GX010110.MP4_snapshot_12.10.346_crop01_01.jpg,GX010110.MP4_snapshot_12.10.346.jpg,train,40_SPEED_LIMIT,1,2690,925,76,76
processed\train\STAGGERED_JUNCTION_RL\GX010111.MP4_snapshot_00.02.373_crop00_24.jpg,C:\Users\ASUS G 16 JVR\Desktop\deepLearning_CNN\dataset\processed\train\STAGGERED_JUNCTION_RL\GX010111.MP4_snapshot_00.02.373_crop00_24.jpg,GX010111.MP4_snapshot_00.02.373_crop00_24.jpg,GX010111.MP4_snapshot_00.02.373.jpg,train,STAGGERED_JUNCTION_RL,24,3599,643,185,167
processed\train\END_SPEED_LIMIT\GX010111.MP4_snapshot_00.02.373_crop01_08.jpg,C:\Users\ASUS G 16 JVR\Desktop\deepLearning_CNN\dataset\processed\train\END_SPEED_LIMIT\GX010111.MP4_snapshot_00.02.373_crop01_08.jpg,GX010111.MP4_snapshot_00.02.373_crop01_08.jpg,GX010111.MP4_snapshot_00.02.373.jpg,train,END_SPEED_LIMIT,8,3613,803,165,150
processed\train\STAGGERED_JUNCTION_RL\GX010111.MP4_snapshot_00.28.362_crop00_24.jpg,C:\Users\ASUS G 16 JVR\Desktop\deepLearning_CNN\dataset\processed\train\STAGGERED_JUNCTION_RL\GX010111.MP4_snapshot_00.28.362_crop00_24.jpg,GX010111.MP4_snapshot_00.28.362_crop00_24.jpg,GX010111.MP4_snapshot_00.28.362.jpg,train,STAGGERED_JUNCTION_RL,24,3105,779,142,130
processed\train\CARRIAGE_WAY_NARROWS\GX010111.MP4_snapshot_00.28.362_crop01_04.jpg,C:\Users\ASUS G 16 JVR\Desktop\deepLearning_CNN\dataset\processed\train\CARRIAGE_WAY_NARROWS\GX010111.MP4_snapshot_00.28.362_crop01_04.jpg,GX010111.MP4_snapshot_00.28.362_crop01_04.jpg,GX010111.MP4_snapshot_00.28.362.jpg,train,CARRIAGE_WAY_NARROWS,4,2447,908,58,60
processed\train\60_SPEED_LIMIT\GX010111.MP4_snapshot_00.28.362_crop02_02.jpg,C:\Users\ASUS G 16 JVR\Desktop\deepLearning_CNN\dataset\processed\train\60_SPEED_LIMIT\GX010111.MP4_snapshot_00.28.362_crop02_02.jpg,GX010111.MP4_snapshot_00.28.362_crop02_02.jpg,GX010111.MP4_snapshot_00.28.362.jpg,train,60_SPEED_LIMIT,2,2452,964,46,39
processed\train\SLOW_DOWN\GX010111.MP4_snapshot_02.00.141_crop00_23.jpg,C:\Users\ASUS G 16 JVR\Desktop\deepLearning_CNN\dataset\processed\train\SLOW_DOWN\GX010111.MP4_snapshot_02.00.141_crop00_23.jpg,GX010111.MP4_snapshot_02.00.141_crop00_23.jpg,GX010111.MP4_snapshot_02.00.141.jpg,train,SLOW_DOWN,23,3276,895,120,98
processed\train\60_SPEED_LIMIT\GX010111.MP4_snapshot_02.12.287_crop00_02.jpg,C:\Users\ASUS G 16 JVR\Desktop\deepLearning_CNN\dataset\processed\train\60_SPEED_LIMIT\GX010111.MP4_snapshot_02.12.287_crop00_02.jpg,GX010111.MP4_snapshot_02.12.287_crop00_02.jpg,GX010111.MP4_snapshot_02.12.287.jpg,train,60_SPEED_LIMIT,2,2774,807,146,132
processed\train\PEDESTRAIN_CR_AREA\GX010111.MP4_snapshot_02.28.838_crop00_18.jpg,C:\Users\ASUS G 16 JVR\Desktop\deepLearning_CNN\dataset\processed\train\PEDESTRAIN_CR_AREA\GX010111.MP4_snapshot_02.28.838_crop00_18.jpg,GX010111.MP4_snapshot_02.28.838_crop00_18.jpg,GX010111.MP4_snapshot_02.28.838.jpg,train,PEDESTRAIN_CR_AREA,18,3298,726,136,126
processed\train\STAGGERED_JUNCTION_RL\GX010111.MP4_snapshot_02.30.598_crop00_24.jpg,C:\Users\ASUS G 16 JVR\Desktop\deepLearning_CNN\dataset\processed\train\STAGGERED_JUNCTION_RL\GX010111.MP4_snapshot_02.30.598_crop00_24.jpg,GX010111.MP4_snapshot_02.30.598_crop00_24.jpg,GX010111.MP4_snapshot_02.30.598.jpg,train,STAGGERED_JUNCTION_RL,24,3493,720,189,181
processed\train\RIGHT_BEND\GX010111.MP4_snapshot_02.40.368_crop00_20.jpg,C:\Users\ASUS G 16 JVR\Desktop\deepLearning_CNN\dataset\processed\train\RIGHT_BEND\GX010111.MP4_snapshot_02.40.368_crop00_20.jpg,GX010111.MP4_snapshot_02.40.368_crop00_20.jpg,GX010111.MP4_snapshot_02.40.368.jpg,train,RIGHT_BEND,20,3209,779,140,136
processed\train\ROAD_JUNCTION_ON_THE_LEFT\GX010111.MP4_snapshot_02.51.737_crop00_21.jpg,C:\Users\ASUS G 16 JVR\Desktop\deepLearning_CNN\dataset\processed\train\ROAD_JUNCTION_ON_THE_LEFT\GX010111.MP4_snapshot_02.51.737_crop00_21.jpg,GX010111.MP4_snapshot_02.51.737_crop00_21.jpg,GX010111.MP4_snapshot_02.51.737.jpg,train,ROAD_JUNCTION_ON_THE_LEFT,21,3036,746,136,128
processed\train\HOSPITAL\GX010111.MP4_snapshot_02.59.721_crop00_09.jpg,C:\Users\ASUS G 16 JVR\Desktop\deepLearning_CNN\dataset\processed\train\HOSPITAL\GX010111.MP4_snapshot_02.59.721_crop00_09.jpg,GX010111.MP4_snapshot_02.59.721_crop00_09.jpg,GX010111.MP4_snapshot_02.59.721.jpg,train,HOSPITAL,9,3221,730,122,114
processed\train\END_SPEED_LIMIT\GX010111.MP4_snapshot_04.09.935_crop01_08.jpg,C:\Users\ASUS G 16 JVR\Desktop\deepLearning_CNN\dataset\processed\train\END_SPEED_LIMIT\GX010111.MP4_snapshot_04.09.935_crop01_08.jpg,GX010111.MP4_snapshot_04.09.935_crop01_08.jpg,GX010111.MP4_snapshot_04.09.935.jpg,train,END_SPEED_LIMIT,8,3290,734,153,140
processed\train\PRIORITY_ROAD\GX010111.MP4_snapshot_05.03.484_crop00_19.jpg,C:\Users\ASUS G 16 JVR\Desktop\deepLearning_CNN\dataset\processed\train\PRIORITY_ROAD\GX010111.MP4_snapshot_05.03.484_crop00_19.jpg,GX010111.MP4_snapshot_05.03.484_crop00_19.jpg,GX010111.MP4_snapshot_05.03.484.jpg,train,PRIORITY_ROAD,19,3011,916,101,99
processed\train\PRIORITY_ROAD\GX010111.MP4_snapshot_05.04.032_crop00_19.jpg,C:\Users\ASUS G 16 JVR\Desktop\deepLearning_CNN\dataset\processed\train\PRIORITY_ROAD\GX010111.MP4_snapshot_05.04.032_crop00_19.jpg,GX010111.MP4_snapshot_05.04.032_crop00_19.jpg,GX010111.MP4_snapshot_05.04.032.jpg,train,PRIORITY_ROAD,19,3425,832,166,154
processed\train\ROAD_JUNCTION_ON_THE_LEFT\GX010111.MP4_snapshot_05.48.865_crop00_21.jpg,C:\Users\ASUS G 16 JVR\Desktop\deepLearning_CNN\dataset\processed\train\ROAD_JUNCTION_ON_THE_LEFT\GX010111.MP4_snapshot_05.48.865_crop00_21.jpg,GX010111.MP4_snapshot_05.48.865_crop00_21.jpg,GX010111.MP4_snapshot_05.48.865.jpg,train,ROAD_JUNCTION_ON_THE_LEFT,21,3034,795,187,171
processed\train\RIGHT_BEND\GX010111.MP4_snapshot_06.52.654_crop00_20.jpg,C:\Users\ASUS G 16 JVR\Desktop\deepLearning_CNN\dataset\processed\train\RIGHT_BEND\GX010111.MP4_snapshot_06.52.654_crop00_20.jpg,GX010111.MP4_snapshot_06.52.654_crop00_20.jpg,GX010111.MP4_snapshot_06.52.654.jpg,train,RIGHT_BEND,20,2827,762,175,161
processed\train\DIRECTION\GX010111.MP4_snapshot_07.05.494_crop00_07.jpg,C:\Users\ASUS G 16 JVR\Desktop\deepLearning_CNN\dataset\processed\train\DIRECTION\GX010111.MP4_snapshot_07.05.494_crop00_07.jpg,GX010111.MP4_snapshot_07.05.494_crop00_07.jpg,GX010111.MP4_snapshot_07.05.494.jpg,train,DIRECTION,7,2387,213,498,364
processed\train\HOSPITAL\GX010111.MP4_snapshot_07.39.143_crop00_09.jpg,C:\Users\ASUS G 16 JVR\Desktop\deepLearning_CNN\dataset\processed\train\HOSPITAL\GX010111.MP4_snapshot_07.39.143_crop00_09.jpg,GX010111.MP4_snapshot_07.39.143_crop00_09.jpg,GX010111.MP4_snapshot_07.39.143.jpg,train,HOSPITAL,9,3601,651,148,142
processed\train\RIGHT_BEND\GX010111.MP4_snapshot_07.43.448_crop00_20.jpg,C:\Users\ASUS G 16 JVR\Desktop\deepLearning_CNN\dataset\processed\train\RIGHT_BEND\GX010111.MP4_snapshot_07.43.448_crop00_20.jpg,GX010111.MP4_snapshot_07.43.448_crop00_20.jpg,GX010111.MP4_snapshot_07.43.448.jpg,train,RIGHT_BEND,20,3178,746,138,122
processed\train\PEDESTRAIN_CR_AREA\GX010111.MP4_snapshot_07.49.025_crop00_18.jpg,C:\Users\ASUS G 16 JVR\Desktop\deepLearning_CNN\dataset\processed\train\PEDESTRAIN_CR_AREA\GX010111.MP4_snapshot_07.49.025_crop00_18.jpg,GX010111.MP4_snapshot_07.49.025_crop00_18.jpg,GX010111.MP4_snapshot_07.49.025.jpg,train,PEDESTRAIN_CR_AREA,18,3072,789,98,89
processed\train\DIRECTION\GX010111.MP4_snapshot_08.08.068_crop00_07.jpg,C:\Users\ASUS G 16 JVR\Desktop\deepLearning_CNN\dataset\processed\train\DIRECTION\GX010111.MP4_snapshot_08.08.068_crop00_07.jpg,GX010111.MP4_snapshot_08.08.068_crop00_07.jpg,GX010111.MP4_snapshot_08.08.068.jpg,train,DIRECTION,7,2068,371,405,302
processed\train\ROAD_JUNCTION_ON_THE_RIGHT\GX010111.MP4_snapshot_08.25.679_crop00_22.jpg,C:\Users\ASUS G 16 JVR\Desktop\deepLearning_CNN\dataset\processed\train\ROAD_JUNCTION_ON_THE_RIGHT\GX010111.MP4_snapshot_08.25.679_crop00_22.jpg,GX010111.MP4_snapshot_08.25.679_crop00_22.jpg,GX010111.MP4_snapshot_08.25.679.jpg,train,ROAD_JUNCTION_ON_THE_RIGHT,22,3567,697,183,161
processed\train\SLOW_DOWN\GX010111.MP4_snapshot_09.06.355_crop00_23.jpg,C:\Users\ASUS G 16 JVR\Desktop\deepLearning_CNN\dataset\processed\train\SLOW_DOWN\GX010111.MP4_snapshot_09.06.355_crop00_23.jpg,GX010111.MP4_snapshot_09.06.355_crop00_23.jpg,GX010111.MP4_snapshot_09.06.355.jpg,train,SLOW_DOWN,23,3131,754,126,118
processed\train\40_SPEED_LIMIT\GX010111.MP4_snapshot_09.41.626_crop00_01.jpg,C:\Users\ASUS G 16 JVR\Desktop\deepLearning_CNN\dataset\processed\train\40_SPEED_LIMIT\GX010111.MP4_snapshot_09.41.626_crop00_01.jpg,GX010111.MP4_snapshot_09.41.626_crop00_01.jpg,GX010111.MP4_snapshot_09.41.626.jpg,train,40_SPEED_LIMIT,1,3030,788,142,136
processed\train\CARRIAGE_WAY_NARROWS\GX010111.MP4_snapshot_10.30.557_crop00_04.jpg,C:\Users\ASUS G 16 JVR\Desktop\deepLearning_CNN\dataset\processed\train\CARRIAGE_WAY_NARROWS\GX010111.MP4_snapshot_10.30.557_crop00_04.jpg,GX010111.MP4_snapshot_10.30.557_crop00_04.jpg,GX010111.MP4_snapshot_10.30.557.jpg,train,CARRIAGE_WAY_NARROWS,4,2953,576,225,217
processed\train\60_SPEED_LIMIT\GX010111.MP4_snapshot_10.30.557_crop01_02.jpg,C:\Users\ASUS G 16 JVR\Desktop\deepLearning_CNN\dataset\processed\train\60_SPEED_LIMIT\GX010111.MP4_snapshot_10.30.557_crop01_02.jpg,GX010111.MP4_snapshot_10.30.557_crop01_02.jpg,GX010111.MP4_snapshot_10.30.557.jpg,train,60_SPEED_LIMIT,2,2969,777,205,183
processed\train\ROAD_JUNCTION_ON_THE_LEFT\GX010111.MP4_snapshot_10.49.094_crop00_21.jpg,C:\Users\ASUS G 16 JVR\Desktop\deepLearning_CNN\dataset\processed\train\ROAD_JUNCTION_ON_THE_LEFT\GX010111.MP4_snapshot_10.49.094_crop00_21.jpg,GX010111.MP4_snapshot_10.49.094_crop00_21.jpg,GX010111.MP4_snapshot_10.49.094.jpg,train,ROAD_JUNCTION_ON_THE_LEFT,21,2830,763,173,167
processed\train\40_SPEED_LIMIT\GX010111.MP4_snapshot_10.49.094_crop01_01.jpg,C:\Users\ASUS G 16 JVR\Desktop\deepLearning_CNN\dataset\processed\train\40_SPEED_LIMIT\GX010111.MP4_snapshot_10.49.094_crop01_01.jpg,GX010111.MP4_snapshot_10.49.094_crop01_01.jpg,GX010111.MP4_snapshot_10.49.094.jpg,train,40_SPEED_LIMIT,1,2369,954,67,61
processed\train\40_SPEED_LIMIT\GX010111.MP4_snapshot_16.11.503_crop00_01.jpg,C:\Users\ASUS G 16 JVR\Desktop\deepLearning_CNN\dataset\processed\train\40_SPEED_LIMIT\GX010111.MP4_snapshot_16.11.503_crop00_01.jpg,GX010111.MP4_snapshot_16.11.503_crop00_01.jpg,GX010111.MP4_snapshot_16.11.503.jpg,train,40_SPEED_LIMIT,1,2893,815,171,145
processed\train\LEFT_BEND\GX010111.MP4_snapshot_18.36.493_crop00_12.jpg,C:\Users\ASUS G 16 JVR\Desktop\deepLearning_CNN\dataset\processed\train\LEFT_BEND\GX010111.MP4_snapshot_18.36.493_crop00_12.jpg,GX010111.MP4_snapshot_18.36.493_crop00_12.jpg,GX010111.MP4_snapshot_18.36.493.jpg,train,LEFT_BEND,12,2824,830,122,116
processed\train\ROAD_JUNCTION_ON_THE_RIGHT\GX010111.MP4_snapshot_19.37.790_crop00_22.jpg,C:\Users\ASUS G 16 JVR\Desktop\deepLearning_CNN\dataset\processed\train\ROAD_JUNCTION_ON_THE_RIGHT\GX010111.MP4_snapshot_19.37.790_crop00_22.jpg,GX010111.MP4_snapshot_19.37.790_crop00_22.jpg,GX010111.MP4_snapshot_19.37.790.jpg,train,ROAD_JUNCTION_ON_THE_RIGHT,22,3045,883,114,114
processed\train\PEDESTRAIN_CR_AREA\GX010111.MP4_snapshot_19.55.112_crop00_18.jpg,C:\Users\ASUS G 16 JVR\Desktop\deepLearning_CNN\dataset\processed\train\PEDESTRAIN_CR_AREA\GX010111.MP4_snapshot_19.55.112_crop00_18.jpg,GX010111.MP4_snapshot_19.55.112_crop00_18.jpg,GX010111.MP4_snapshot_19.55.112.jpg,train,PEDESTRAIN_CR_AREA,18,2735,807,124,118
processed\train\ROAD_JUNCTION_ON_THE_RIGHT\GX010111.MP4_snapshot_19.57.493_crop00_22.jpg,C:\Users\ASUS G 16 JVR\Desktop\deepLearning_CNN\dataset\processed\train\ROAD_JUNCTION_ON_THE_RIGHT\GX010111.MP4_snapshot_19.57.493_crop00_22.jpg,GX010111.MP4_snapshot_19.57.493_crop00_22.jpg,GX010111.MP4_snapshot_19.57.493.jpg,train,ROAD_JUNCTION_ON_THE_RIGHT,22,2511,858,104,100
processed\train\ROAD_JUNCTION_ON_THE_LEFT\GX010111.MP4_snapshot_20.22.869_crop00_21.jpg,C:\Users\ASUS G 16 JVR\Desktop\deepLearning_CNN\dataset\processed\train\ROAD_JUNCTION_ON_THE_LEFT\GX010111.MP4_snapshot_20.22.869_crop00_21.jpg,GX010111.MP4_snapshot_20.22.869_crop00_21.jpg,GX010111.MP4_snapshot_20.22.869.jpg,train,ROAD_JUNCTION_ON_THE_LEFT,21,3267,835,122,109
processed\train\KM_POST\GX010111.MP4_snapshot_20.49.640_crop01_11.jpg,C:\Users\ASUS G 16 JVR\Desktop\deepLearning_CNN\dataset\processed\train\KM_POST\GX010111.MP4_snapshot_20.49.640_crop01_11.jpg,GX010111.MP4_snapshot_20.49.640_crop01_11.jpg,GX010111.MP4_snapshot_20.49.640.jpg,train,KM_POST,11,992,1139,65,124
processed\train\PRIORITY_ROAD\GX010111.MP4_snapshot_21.12.234_crop00_19.jpg,C:\Users\ASUS G 16 JVR\Desktop\deepLearning_CNN\dataset\processed\train\PRIORITY_ROAD\GX010111.MP4_snapshot_21.12.234_crop00_19.jpg,GX010111.MP4_snapshot_21.12.234_crop00_19.jpg,GX010111.MP4_snapshot_21.12.234.jpg,train,PRIORITY_ROAD,19,2883,739,198,186
processed\train\STAGGERED_JUNCTION_RL\GX010111.MP4_snapshot_21.30.576_crop00_24.jpg,C:\Users\ASUS G 16 JVR\Desktop\deepLearning_CNN\dataset\processed\train\STAGGERED_JUNCTION_RL\GX010111.MP4_snapshot_21.30.576_crop00_24.jpg,GX010111.MP4_snapshot_21.30.576_crop00_24.jpg,GX010111.MP4_snapshot_21.30.576.jpg,train,STAGGERED_JUNCTION_RL,24,3115,720,197,179
processed\train\PRIORITY_ROAD\GX010111.MP4_snapshot_22.31.536_crop00_19.jpg,C:\Users\ASUS G 16 JVR\Desktop\deepLearning_CNN\dataset\processed\train\PRIORITY_ROAD\GX010111.MP4_snapshot_22.31.536_crop00_19.jpg,GX010111.MP4_snapshot_22.31.536_crop00_19.jpg,GX010111.MP4_snapshot_22.31.536.jpg,train,PRIORITY_ROAD,19,2947,786,145,139
processed\train\ROAD_JUNCTION_ON_THE_LEFT\GX010111.MP4_snapshot_22.57.131_crop00_21.jpg,C:\Users\ASUS G 16 JVR\Desktop\deepLearning_CNN\dataset\processed\train\ROAD_JUNCTION_ON_THE_LEFT\GX010111.MP4_snapshot_22.57.131_crop00_21.jpg,GX010111.MP4_snapshot_22.57.131_crop00_21.jpg,GX010111.MP4_snapshot_22.57.131.jpg,train,ROAD_JUNCTION_ON_THE_LEFT,21,2959,736,189,191
processed\train\SLOW_DOWN\GX010111.MP4_snapshot_23.15.919_crop00_23.jpg,C:\Users\ASUS G 16 JVR\Desktop\deepLearning_CNN\dataset\processed\train\SLOW_DOWN\GX010111.MP4_snapshot_23.15.919_crop00_23.jpg,GX010111.MP4_snapshot_23.15.919_crop00_23.jpg,GX010111.MP4_snapshot_23.15.919.jpg,train,SLOW_DOWN,23,3297,621,245,220
processed\train\CHILDREN_CROSSING\GX010111.MP4_snapshot_23.30.497_crop00_05.jpg,C:\Users\ASUS G 16 JVR\Desktop\deepLearning_CNN\dataset\processed\train\CHILDREN_CROSSING\GX010111.MP4_snapshot_23.30.497_crop00_05.jpg,GX010111.MP4_snapshot_23.30.497_crop00_05.jpg,GX010111.MP4_snapshot_23.30.497.jpg,train,CHILDREN_CROSSING,5,3119,409,250,248
processed\train\40_SPEED_LIMIT\GX010111.MP4_snapshot_23.30.497_crop01_01.jpg,C:\Users\ASUS G 16 JVR\Desktop\deepLearning_CNN\dataset\processed\train\40_SPEED_LIMIT\GX010111.MP4_snapshot_23.30.497_crop01_01.jpg,GX010111.MP4_snapshot_23.30.497_crop01_01.jpg,GX010111.MP4_snapshot_23.30.497.jpg,train,40_SPEED_LIMIT,1,3119,659,232,218
processed\train\ROAD_JUNCTION_ON_THE_LEFT\GX010111.MP4_snapshot_24.05.234_crop00_21.jpg,C:\Users\ASUS G 16 JVR\Desktop\deepLearning_CNN\dataset\processed\train\ROAD_JUNCTION_ON_THE_LEFT\GX010111.MP4_snapshot_24.05.234_crop00_21.jpg,GX010111.MP4_snapshot_24.05.234_crop00_21.jpg,GX010111.MP4_snapshot_24.05.234.jpg,train,ROAD_JUNCTION_ON_THE_LEFT,21,2887,771,175,167
processed\train\END_SPEED_LIMIT\GX010111.MP4_snapshot_24.22.607_crop00_08.jpg,C:\Users\ASUS G 16 JVR\Desktop\deepLearning_CNN\dataset\processed\train\END_SPEED_LIMIT\GX010111.MP4_snapshot_24.22.607_crop00_08.jpg,GX010111.MP4_snapshot_24.22.607_crop00_08.jpg,GX010111.MP4_snapshot_24.22.607.jpg,train,END_SPEED_LIMIT,8,3125,769,179,163
processed\train\LEFT_BEND\GX010111.MP4_snapshot_25.04.002_crop00_12.jpg,C:\Users\ASUS G 16 JVR\Desktop\deepLearning_CNN\dataset\processed\train\LEFT_BEND\GX010111.MP4_snapshot_25.04.002_crop00_12.jpg,GX010111.MP4_snapshot_25.04.002_crop00_12.jpg,GX010111.MP4_snapshot_25.04.002.jpg,train,LEFT_BEND,12,3230,713,211,198
processed\train\PEDESTRAIN_CR_AREA\GX010111.MP4_snapshot_26.38.317_crop00_18.jpg,C:\Users\ASUS G 16 JVR\Desktop\deepLearning_CNN\dataset\processed\train\PEDESTRAIN_CR_AREA\GX010111.MP4_snapshot_26.38.317_crop00_18.jpg,GX010111.MP4_snapshot_26.38.317_crop00_18.jpg,GX010111.MP4_snapshot_26.38.317.jpg,train,PEDESTRAIN_CR_AREA,18,3353,728,142,128
processed\train\STAGGERED_JUNCTION_RL\GX010111.MP4_snapshot_26.46.236_crop00_24.jpg,C:\Users\ASUS G 16 JVR\Desktop\deepLearning_CNN\dataset\processed\train\STAGGERED_JUNCTION_RL\GX010111.MP4_snapshot_26.46.236_crop00_24.jpg,GX010111.MP4_snapshot_26.46.236_crop00_24.jpg,GX010111.MP4_snapshot_26.46.236.jpg,train,STAGGERED_JUNCTION_RL,24,3597,618,160,142
processed\train\PEDESTRAIN_CR_AREA\GX010111.MP4_snapshot_26.46.236_crop01_18.jpg,C:\Users\ASUS G 16 JVR\Desktop\deepLearning_CNN\dataset\processed\train\PEDESTRAIN_CR_AREA\GX010111.MP4_snapshot_26.46.236_crop01_18.jpg,GX010111.MP4_snapshot_26.46.236_crop01_18.jpg,GX010111.MP4_snapshot_26.46.236.jpg,train,PEDESTRAIN_CR_AREA,18,3614,775,124,102
processed\train\40_SPEED_LIMIT\GX010111.MP4_snapshot_27.41.168_crop00_01.jpg,C:\Users\ASUS G 16 JVR\Desktop\deepLearning_CNN\dataset\processed\train\40_SPEED_LIMIT\GX010111.MP4_snapshot_27.41.168_crop00_01.jpg,GX010111.MP4_snapshot_27.41.168_crop00_01.jpg,GX010111.MP4_snapshot_27.41.168.jpg,train,40_SPEED_LIMIT,1,3257,800,133,131
processed\train\CHILDREN_CROSSING\GX010111.MP4_snapshot_27.41.168_crop01_05.jpg,C:\Users\ASUS G 16 JVR\Desktop\deepLearning_CNN\dataset\processed\train\CHILDREN_CROSSING\GX010111.MP4_snapshot_27.41.168_crop01_05.jpg,GX010111.MP4_snapshot_27.41.168_crop01_05.jpg,GX010111.MP4_snapshot_27.41.168.jpg,train,CHILDREN_CROSSING,5,3258,663,149,142
processed\train\ROAD_JUNCTION_ON_THE_LEFT\GX010111.MP4_snapshot_27.54.811_crop00_21.jpg,C:\Users\ASUS G 16 JVR\Desktop\deepLearning_CNN\dataset\processed\train\ROAD_JUNCTION_ON_THE_LEFT\GX010111.MP4_snapshot_27.54.811_crop00_21.jpg,GX010111.MP4_snapshot_27.54.811_crop00_21.jpg,GX010111.MP4_snapshot_27.54.811.jpg,train,ROAD_JUNCTION_ON_THE_LEFT,21,2822,832,112,120
processed\train\PEDESTRAIN_CR_AREA\GX010111.MP4_snapshot_28.00.223_crop00_18.jpg,C:\Users\ASUS G 16 JVR\Desktop\deepLearning_CNN\dataset\processed\train\PEDESTRAIN_CR_AREA\GX010111.MP4_snapshot_28.00.223_crop00_18.jpg,GX010111.MP4_snapshot_28.00.223_crop00_18.jpg,GX010111.MP4_snapshot_28.00.223.jpg,train,PEDESTRAIN_CR_AREA,18,3073,863,105,94
processed\train\PEDESTRAIN_CR_AREA\GX010111.MP4_snapshot_28.23.215_crop00_18.jpg,C:\Users\ASUS G 16 JVR\Desktop\deepLearning_CNN\dataset\processed\train\PEDESTRAIN_CR_AREA\GX010111.MP4_snapshot_28.23.215_crop00_18.jpg,GX010111.MP4_snapshot_28.23.215_crop00_18.jpg,GX010111.MP4_snapshot_28.23.215.jpg,train,PEDESTRAIN_CR_AREA,18,3220,874,119,106
processed\train\RIGHT_BEND\GX010111.MP4_snapshot_28.39.616_crop00_20.jpg,C:\Users\ASUS G 16 JVR\Desktop\deepLearning_CNN\dataset\processed\train\RIGHT_BEND\GX010111.MP4_snapshot_28.39.616_crop00_20.jpg,GX010111.MP4_snapshot_28.39.616_crop00_20.jpg,GX010111.MP4_snapshot_28.39.616.jpg,train,RIGHT_BEND,20,3047,747,208,195
processed\train\END_SPEED_LIMIT\GX010111.MP4_snapshot_28.52.804_crop00_08.jpg,C:\Users\ASUS G 16 JVR\Desktop\deepLearning_CNN\dataset\processed\train\END_SPEED_LIMIT\GX010111.MP4_snapshot_28.52.804_crop00_08.jpg,GX010111.MP4_snapshot_28.52.804_crop00_08.jpg,GX010111.MP4_snapshot_28.52.804.jpg,train,END_SPEED_LIMIT,8,3307,748,149,135
processed\train\ROAD_JUNCTION_ON_THE_LEFT\GX010111.MP4_snapshot_29.01.329_crop00_21.jpg,C:\Users\ASUS G 16 JVR\Desktop\deepLearning_CNN\dataset\processed\train\ROAD_JUNCTION_ON_THE_LEFT\GX010111.MP4_snapshot_29.01.329_crop00_21.jpg,GX010111.MP4_snapshot_29.01.329_crop00_21.jpg,GX010111.MP4_snapshot_29.01.329.jpg,train,ROAD_JUNCTION_ON_THE_LEFT,21,3352,747,221,194
processed\train\SLOW_DOWN\GX010111.MP4_snapshot_30.01.401_crop00_23.jpg,C:\Users\ASUS G 16 JVR\Desktop\deepLearning_CNN\dataset\processed\train\SLOW_DOWN\GX010111.MP4_snapshot_30.01.401_crop00_23.jpg,GX010111.MP4_snapshot_30.01.401_crop00_23.jpg,GX010111.MP4_snapshot_30.01.401.jpg,train,SLOW_DOWN,23,3460,608,291,255
processed\train\PEDESTRAIN_CR_AREA\GX010111.MP4_snapshot_30.11.844_crop00_18.jpg,C:\Users\ASUS G 16 JVR\Desktop\deepLearning_CNN\dataset\processed\train\PEDESTRAIN_CR_AREA\GX010111.MP4_snapshot_30.11.844_crop00_18.jpg,GX010111.MP4_snapshot_30.11.844_crop00_18.jpg,GX010111.MP4_snapshot_30.11.844.jpg,train,PEDESTRAIN_CR_AREA,18,3596,730,174,149
processed\train\CHILDREN_CROSSING\GX010111.MP4_snapshot_30.22.392_crop00_05.jpg,C:\Users\ASUS G 16 JVR\Desktop\deepLearning_CNN\dataset\processed\train\CHILDREN_CROSSING\GX010111.MP4_snapshot_30.22.392_crop00_05.jpg,GX010111.MP4_snapshot_30.22.392_crop00_05.jpg,GX010111.MP4_snapshot_30.22.392.jpg,train,CHILDREN_CROSSING,5,3259,491,225,198
processed\train\40_SPEED_LIMIT\GX010111.MP4_snapshot_30.22.392_crop01_01.jpg,C:\Users\ASUS G 16 JVR\Desktop\deepLearning_CNN\dataset\processed\train\40_SPEED_LIMIT\GX010111.MP4_snapshot_30.22.392_crop01_01.jpg,GX010111.MP4_snapshot_30.22.392_crop01_01.jpg,GX010111.MP4_snapshot_30.22.392.jpg,train,40_SPEED_LIMIT,1,3274,686,195,174
processed\train\RIGHT_BEND\GX010111.MP4_snapshot_30.34.011_crop00_20.jpg,C:\Users\ASUS G 16 JVR\Desktop\deepLearning_CNN\dataset\processed\train\RIGHT_BEND\GX010111.MP4_snapshot_30.34.011_crop00_20.jpg,GX010111.MP4_snapshot_30.34.011_crop00_20.jpg,GX010111.MP4_snapshot_30.34.011.jpg,train,RIGHT_BEND,20,3424,683,246,216
processed\train\END_SPEED_LIMIT\GX010111.MP4_snapshot_30.50.872_crop00_08.jpg,C:\Users\ASUS G 16 JVR\Desktop\deepLearning_CNN\dataset\processed\train\END_SPEED_LIMIT\GX010111.MP4_snapshot_30.50.872_crop00_08.jpg,GX010111.MP4_snapshot_30.50.872_crop00_08.jpg,GX010111.MP4_snapshot_30.50.872.jpg,train,END_SPEED_LIMIT,8,3259,711,222,187
processed\train\ROAD_JUNCTION_ON_THE_LEFT\GX010111.MP4_snapshot_31.52.089_crop00_21.jpg,C:\Users\ASUS G 16 JVR\Desktop\deepLearning_CNN\dataset\processed\train\ROAD_JUNCTION_ON_THE_LEFT\GX010111.MP4_snapshot_31.52.089_crop00_21.jpg,GX010111.MP4_snapshot_31.52.089_crop00_21.jpg,GX010111.MP4_snapshot_31.52.089.jpg,train,ROAD_JUNCTION_ON_THE_LEFT,21,3128,796,154,141
processed\train\PEDESTRAIN_CR_AREA\GX010111.MP4_snapshot_33.43.287_crop00_18.jpg,C:\Users\ASUS G 16 JVR\Desktop\deepLearning_CNN\dataset\processed\train\PEDESTRAIN_CR_AREA\GX010111.MP4_snapshot_33.43.287_crop00_18.jpg,GX010111.MP4_snapshot_33.43.287_crop00_18.jpg,GX010111.MP4_snapshot_33.43.287.jpg,train,PEDESTRAIN_CR_AREA,18,3206,790,133,116
processed\train\PRIORITY_ROAD\GX010111.MP4_snapshot_34.16.545_crop00_19.jpg,C:\Users\ASUS G 16 JVR\Desktop\deepLearning_CNN\dataset\processed\train\PRIORITY_ROAD\GX010111.MP4_snapshot_34.16.545_crop00_19.jpg,GX010111.MP4_snapshot_34.16.545_crop00_19.jpg,GX010111.MP4_snapshot_34.16.545.jpg,train,PRIORITY_ROAD,19,3369,758,157,146
processed\train\PEDESTRAIN_CR_AREA\GX010111.MP4_snapshot_34.34.439_crop00_18.jpg,C:\Users\ASUS G 16 JVR\Desktop\deepLearning_CNN\dataset\processed\train\PEDESTRAIN_CR_AREA\GX010111.MP4_snapshot_34.34.439_crop00_18.jpg,GX010111.MP4_snapshot_34.34.439_crop00_18.jpg,GX010111.MP4_snapshot_34.34.439.jpg,train,PEDESTRAIN_CR_AREA,18,3412,663,205,164
processed\train\PRIORITY_ROAD\GX010112.MP4_snapshot_00.22.805_crop00_19.jpg,C:\Users\ASUS G 16 JVR\Desktop\deepLearning_CNN\dataset\processed\train\PRIORITY_ROAD\GX010112.MP4_snapshot_00.22.805_crop00_19.jpg,GX010112.MP4_snapshot_00.22.805_crop00_19.jpg,GX010112.MP4_snapshot_00.22.805.jpg,train,PRIORITY_ROAD,19,3034,791,166,164
processed\train\END_SPEED_LIMIT\GX010112.MP4_snapshot_01.00.398_crop00_08.jpg,C:\Users\ASUS G 16 JVR\Desktop\deepLearning_CNN\dataset\processed\train\END_SPEED_LIMIT\GX010112.MP4_snapshot_01.00.398_crop00_08.jpg,GX010112.MP4_snapshot_01.00.398_crop00_08.jpg,GX010112.MP4_snapshot_01.00.398.jpg,train,END_SPEED_LIMIT,8,2968,800,159,144
processed\train\80_SPEED_LIMIT\GX010112.MP4_snapshot_02.16.481_crop00_03.jpg,C:\Users\ASUS G 16 JVR\Desktop\deepLearning_CNN\dataset\processed\train\80_SPEED_LIMIT\GX010112.MP4_snapshot_02.16.481_crop00_03.jpg,GX010112.MP4_snapshot_02.16.481_crop00_03.jpg,GX010112.MP4_snapshot_02.16.481.jpg,train,80_SPEED_LIMIT,3,2675,955,74,74
processed\train\ROAD_JUNCTION_ON_THE_RIGHT\GX010112.MP4_snapshot_02.16.481_crop01_22.jpg,C:\Users\ASUS G 16 JVR\Desktop\deepLearning_CNN\dataset\processed\train\ROAD_JUNCTION_ON_THE_RIGHT\GX010112.MP4_snapshot_02.16.481_crop01_22.jpg,GX010112.MP4_snapshot_02.16.481_crop01_22.jpg,GX010112.MP4_snapshot_02.16.481.jpg,train,ROAD_JUNCTION_ON_THE_RIGHT,22,3235,875,135,117
processed\train\80_SPEED_LIMIT\GX010112.MP4_snapshot_02.17.059_crop00_03.jpg,C:\Users\ASUS G 16 JVR\Desktop\deepLearning_CNN\dataset\processed\train\80_SPEED_LIMIT\GX010112.MP4_snapshot_02.17.059_crop00_03.jpg,GX010112.MP4_snapshot_02.17.059_crop00_03.jpg,GX010112.MP4_snapshot_02.17.059.jpg,train,80_SPEED_LIMIT,3,3218,852,138,129
processed\train\SLOW_DOWN\GX010112.MP4_snapshot_02.28.968_crop00_23.jpg,C:\Users\ASUS G 16 JVR\Desktop\deepLearning_CNN\dataset\processed\train\SLOW_DOWN\GX010112.MP4_snapshot_02.28.968_crop00_23.jpg,GX010112.MP4_snapshot_02.28.968_crop00_23.jpg,GX010112.MP4_snapshot_02.28.968.jpg,train,SLOW_DOWN,23,3408,790,222,187
processed\train\60_SPEED_LIMIT\GX010112.MP4_snapshot_02.38.659_crop00_02.jpg,C:\Users\ASUS G 16 JVR\Desktop\deepLearning_CNN\dataset\processed\train\60_SPEED_LIMIT\GX010112.MP4_snapshot_02.38.659_crop00_02.jpg,GX010112.MP4_snapshot_02.38.659_crop00_02.jpg,GX010112.MP4_snapshot_02.38.659.jpg,train,60_SPEED_LIMIT,2,3249,779,208,187
processed\train\CARRIAGE_WAY_NARROWS\GX010112.MP4_snapshot_02.38.659_crop01_04.jpg,C:\Users\ASUS G 16 JVR\Desktop\deepLearning_CNN\dataset\processed\train\CARRIAGE_WAY_NARROWS\GX010112.MP4_snapshot_02.38.659_crop01_04.jpg,GX010112.MP4_snapshot_02.38.659_crop01_04.jpg,GX010112.MP4_snapshot_02.38.659.jpg,train,CARRIAGE_WAY_NARROWS,4,3233,579,227,208
processed\train\40_SPEED_LIMIT\GX010112.MP4_snapshot_02.45.548_crop00_01.jpg,C:\Users\ASUS G 16 JVR\Desktop\deepLearning_CNN\dataset\processed\train\40_SPEED_LIMIT\GX010112.MP4_snapshot_02.45.548_crop00_01.jpg,GX010112.MP4_snapshot_02.45.548_crop00_01.jpg,GX010112.MP4_snapshot_02.45.548.jpg,train,40_SPEED_LIMIT,1,3009,850,179,152
processed\train\CHILDREN_CROSSING\GX010112.MP4_snapshot_03.43.807_crop00_05.jpg,C:\Users\ASUS G 16 JVR\Desktop\deepLearning_CNN\dataset\processed\train\CHILDREN_CROSSING\GX010112.MP4_snapshot_03.43.807_crop00_05.jpg,GX010112.MP4_snapshot_03.43.807_crop00_05.jpg,GX010112.MP4_snapshot_03.43.807.jpg,train,CHILDREN_CROSSING,5,3458,656,284,256
processed\train\ROAD_JUNCTION_ON_THE_LEFT\GX010112.MP4_snapshot_03.43.807_crop01_21.jpg,C:\Users\ASUS G 16 JVR\Desktop\deepLearning_CNN\dataset\processed\train\ROAD_JUNCTION_ON_THE_LEFT\GX010112.MP4_snapshot_03.43.807_crop01_21.jpg,GX010112.MP4_snapshot_03.43.807_crop01_21.jpg,GX010112.MP4_snapshot_03.43.807.jpg,train,ROAD_JUNCTION_ON_THE_LEFT,21,3442,387,280,260
processed\train\SLOW_DOWN\GX010112.MP4_snapshot_04.51.314_crop00_23.jpg,C:\Users\ASUS G 16 JVR\Desktop\deepLearning_CNN\dataset\processed\train\SLOW_DOWN\GX010112.MP4_snapshot_04.51.314_crop00_23.jpg,GX010112.MP4_snapshot_04.51.314_crop00_23.jpg,GX010112.MP4_snapshot_04.51.314.jpg,train,SLOW_DOWN,23,3056,692,222,206
processed\train\RIGHT_BEND\GX010112.MP4_snapshot_04.51.314_crop01_20.jpg,C:\Users\ASUS G 16 JVR\Desktop\deepLearning_CNN\dataset\processed\train\RIGHT_BEND\GX010112.MP4_snapshot_04.51.314_crop01_20.jpg,GX010112.MP4_snapshot_04.51.314_crop01_20.jpg,GX010112.MP4_snapshot_04.51.314.jpg,train,RIGHT_BEND,20,3030,450,241,241
processed\train\40_SPEED_LIMIT\GX010112.MP4_snapshot_05.06.590_crop00_01.jpg,C:\Users\ASUS G 16 JVR\Desktop\deepLearning_CNN\dataset\processed\train\40_SPEED_LIMIT\GX010112.MP4_snapshot_05.06.590_crop00_01.jpg,GX010112.MP4_snapshot_05.06.590_crop00_01.jpg,GX010112.MP4_snapshot_05.06.590.jpg,train,40_SPEED_LIMIT,1,3104,825,154,143
processed\train\CHILDREN_CROSSING\GX010112.MP4_snapshot_05.06.590_crop01_05.jpg,C:\Users\ASUS G 16 JVR\Desktop\deepLearning_CNN\dataset\processed\train\CHILDREN_CROSSING\GX010112.MP4_snapshot_05.06.590_crop01_05.jpg,GX010112.MP4_snapshot_05.06.590_crop01_05.jpg,GX010112.MP4_snapshot_05.06.590.jpg,train,CHILDREN_CROSSING,5,3090,666,173,162
processed\train\PEDESTRAIN_CR_AREA\GX010112.MP4_snapshot_05.13.774_crop00_18.jpg,C:\Users\ASUS G 16 JVR\Desktop\deepLearning_CNN\dataset\processed\train\PEDESTRAIN_CR_AREA\GX010112.MP4_snapshot_05.13.774_crop00_18.jpg,GX010112.MP4_snapshot_05.13.774_crop00_18.jpg,GX010112.MP4_snapshot_05.13.774.jpg,train,PEDESTRAIN_CR_AREA,18,3307,824,173,141
processed\train\END_SPEED_LIMIT\GX010112.MP4_snapshot_05.33.584_crop00_08.jpg,C:\Users\ASUS G 16 JVR\Desktop\deepLearning_CNN\dataset\processed\train\END_SPEED_LIMIT\GX010112.MP4_snapshot_05.33.584_crop00_08.jpg,GX010112.MP4_snapshot_05.33.584_crop00_08.jpg,GX010112.MP4_snapshot_05.33.584.jpg,train,END_SPEED_LIMIT,8,3503,687,235,211
processed\train\ROAD_JUNCTION_ON_THE_RIGHT\GX010112.MP4_snapshot_06.21.204_crop00_22.jpg,C:\Users\ASUS G 16 JVR\Desktop\deepLearning_CNN\dataset\processed\train\ROAD_JUNCTION_ON_THE_RIGHT\GX010112.MP4_snapshot_06.21.204_crop00_22.jpg,GX010112.MP4_snapshot_06.21.204_crop00_22.jpg,GX010112.MP4_snapshot_06.21.204.jpg,train,ROAD_JUNCTION_ON_THE_RIGHT,22,2959,747,189,192
processed\train\PEDESTRAIN_CR_AREA\GX010112.MP4_snapshot_07.23.575_crop00_18.jpg,C:\Users\ASUS G 16 JVR\Desktop\deepLearning_CNN\dataset\processed\train\PEDESTRAIN_CR_AREA\GX010112.MP4_snapshot_07.23.575_crop00_18.jpg,GX010112.MP4_snapshot_07.23.575_crop00_18.jpg,GX010112.MP4_snapshot_07.23.575.jpg,train,PEDESTRAIN_CR_AREA,18,2944,798,130,119
processed\train\PEDESTRAIN_CR_AREA\GX010112.MP4_snapshot_07.52.387_crop00_18.jpg,C:\Users\ASUS G 16 JVR\Desktop\deepLearning_CNN\dataset\processed\train\PEDESTRAIN_CR_AREA\GX010112.MP4_snapshot_07.52.387_crop00_18.jpg,GX010112.MP4_snapshot_07.52.387_crop00_18.jpg,GX010112.MP4_snapshot_07.52.387.jpg,train,PEDESTRAIN_CR_AREA,18,3102,799,136,127
processed\train\PRIORITY_ROAD\GX010112.MP4_snapshot_09.49.150_crop00_19.jpg,C:\Users\ASUS G 16 JVR\Desktop\deepLearning_CNN\dataset\processed\train\PRIORITY_ROAD\GX010112.MP4_snapshot_09.49.150_crop00_19.jpg,GX010112.MP4_snapshot_09.49.150_crop00_19.jpg,GX010112.MP4_snapshot_09.49.150.jpg,train,PRIORITY_ROAD,19,3237,697,238,212
processed\train\PEDESTRAIN_CR_AREA\GX010112.MP4_snapshot_10.02.513_crop00_18.jpg,C:\Users\ASUS G 16 JVR\Desktop\deepLearning_CNN\dataset\processed\train\PEDESTRAIN_CR_AREA\GX010112.MP4_snapshot_10.02.513_crop00_18.jpg,GX010112.MP4_snapshot_10.02.513_crop00_18.jpg,GX010112.MP4_snapshot_10.02.513.jpg,train,PEDESTRAIN_CR_AREA,18,3080,850,120,113
processed\train\END_SPEED_LIMIT\GX010112.MP4_snapshot_10.29.631_crop00_08.jpg,C:\Users\ASUS G 16 JVR\Desktop\deepLearning_CNN\dataset\processed\train\END_SPEED_LIMIT\GX010112.MP4_snapshot_10.29.631_crop00_08.jpg,GX010112.MP4_snapshot_10.29.631_crop00_08.jpg,GX010112.MP4_snapshot_10.29.631.jpg,train,END_SPEED_LIMIT,8,3055,776,170,148
processed\train\ROAD_JUNCTION_ON_THE_LEFT\GX010112.MP4_snapshot_11.19.744_crop00_21.jpg,C:\Users\ASUS G 16 JVR\Desktop\deepLearning_CNN\dataset\processed\train\ROAD_JUNCTION_ON_THE_LEFT\GX010112.MP4_snapshot_11.19.744_crop00_21.jpg,GX010112.MP4_snapshot_11.19.744_crop00_21.jpg,GX010112.MP4_snapshot_11.19.744.jpg,train,ROAD_JUNCTION_ON_THE_LEFT,21,3315,758,219,206
processed\train\SLOW_DOWN\GX010112.MP4_snapshot_11.53.179_crop00_23.jpg,C:\Users\ASUS G 16 JVR\Desktop\deepLearning_CNN\dataset\processed\train\SLOW_DOWN\GX010112.MP4_snapshot_11.53.179_crop00_23.jpg,GX010112.MP4_snapshot_11.53.179_crop00_23.jpg,GX010112.MP4_snapshot_11.53.179.jpg,train,SLOW_DOWN,23,3109,794,192,165
processed\train\60_SPEED_LIMIT\GX010112.MP4_snapshot_12.08.099_crop00_02.jpg,C:\Users\ASUS G 16 JVR\Desktop\deepLearning_CNN\dataset\processed\train\60_SPEED_LIMIT\GX010112.MP4_snapshot_12.08.099_crop00_02.jpg,GX010112.MP4_snapshot_12.08.099_crop00_02.jpg,GX010112.MP4_snapshot_12.08.099.jpg,train,60_SPEED_LIMIT,2,3337,668,207,192
processed\train\STAGGERED_JUNCTION_RL\GX010112.MP4_snapshot_12.18.708_crop00_24.jpg,C:\Users\ASUS G 16 JVR\Desktop\deepLearning_CNN\dataset\processed\train\STAGGERED_JUNCTION_RL\GX010112.MP4_snapshot_12.18.708_crop00_24.jpg,GX010112.MP4_snapshot_12.18.708_crop00_24.jpg,GX010112.MP4_snapshot_12.18.708.jpg,train,STAGGERED_JUNCTION_RL,24,3137,737,203,189
processed\train\SLOW_DOWN\GX010112.MP4_snapshot_12.56.413_crop00_23.jpg,C:\Users\ASUS G 16 JVR\Desktop\deepLearning_CNN\dataset\processed\train\SLOW_DOWN\GX010112.MP4_snapshot_12.56.413_crop00_23.jpg,GX010112.MP4_snapshot_12.56.413_crop00_23.jpg,GX010112.MP4_snapshot_12.56.413.jpg,train,SLOW_DOWN,23,3215,788,160,149
processed\train\ROAD_JUNCTION_ON_THE_LEFT\GX010112.MP4_snapshot_13.03.424_crop00_21.jpg,C:\Users\ASUS G 16 JVR\Desktop\deepLearning_CNN\dataset\processed\train\ROAD_JUNCTION_ON_THE_LEFT\GX010112.MP4_snapshot_13.03.424_crop00_21.jpg,GX010112.MP4_snapshot_13.03.424_crop00_21.jpg,GX010112.MP4_snapshot_13.03.424.jpg,train,ROAD_JUNCTION_ON_THE_LEFT,21,3451,785,152,135
processed\train\HOSPITAL\GX010112.MP4_snapshot_13.26.803_crop00_09.jpg,C:\Users\ASUS G 16 JVR\Desktop\deepLearning_CNN\dataset\processed\train\HOSPITAL\GX010112.MP4_snapshot_13.26.803_crop00_09.jpg,GX010112.MP4_snapshot_13.26.803_crop00_09.jpg,GX010112.MP4_snapshot_13.26.803.jpg,train,HOSPITAL,9,3477,757,135,122
processed\train\PEDESTRAIN_CR_AREA\GX010112.MP4_snapshot_13.32.818_crop00_18.jpg,C:\Users\ASUS G 16 JVR\Desktop\deepLearning_CNN\dataset\processed\train\PEDESTRAIN_CR_AREA\GX010112.MP4_snapshot_13.32.818_crop00_18.jpg,GX010112.MP4_snapshot_13.32.818_crop00_18.jpg,GX010112.MP4_snapshot_13.32.818.jpg,train,PEDESTRAIN_CR_AREA,18,3357,813,120,90
processed\train\STAGGERED_JUNCTION_RL\GX010112.MP4_snapshot_13.32.818_crop01_24.jpg,C:\Users\ASUS G 16 JVR\Desktop\deepLearning_CNN\dataset\processed\train\STAGGERED_JUNCTION_RL\GX010112.MP4_snapshot_13.32.818_crop01_24.jpg,GX010112.MP4_snapshot_13.32.818_crop01_24.jpg,GX010112.MP4_snapshot_13.32.818.jpg,train,STAGGERED_JUNCTION_RL,24,3340,684,142,120
processed\train\PEDESTRAIN_CR_AREA\GX010112.MP4_snapshot_13.38.924_crop00_18.jpg,C:\Users\ASUS G 16 JVR\Desktop\deepLearning_CNN\dataset\processed\train\PEDESTRAIN_CR_AREA\GX010112.MP4_snapshot_13.38.924_crop00_18.jpg,GX010112.MP4_snapshot_13.38.924_crop00_18.jpg,GX010112.MP4_snapshot_13.38.924.jpg,train,PEDESTRAIN_CR_AREA,18,3477,823,124,111
processed\train\DIRECTION\GX010112.MP4_snapshot_14.42.962_crop00_07.jpg,C:\Users\ASUS G 16 JVR\Desktop\deepLearning_CNN\dataset\processed\train\DIRECTION\GX010112.MP4_snapshot_14.42.962_crop00_07.jpg,GX010112.MP4_snapshot_14.42.962_crop00_07.jpg,GX010112.MP4_snapshot_14.42.962.jpg,train,DIRECTION,7,2226,501,341,234
processed\train\80_SPEED_LIMIT\GX010112.MP4_snapshot_14.53.284_crop00_03.jpg,C:\Users\ASUS G 16 JVR\Desktop\deepLearning_CNN\dataset\processed\train\80_SPEED_LIMIT\GX010112.MP4_snapshot_14.53.284_crop00_03.jpg,GX010112.MP4_snapshot_14.53.284_crop00_03.jpg,GX010112.MP4_snapshot_14.53.284.jpg,train,80_SPEED_LIMIT,3,3226,638,231,198
processed\train\SLOW_DOWN\GX010112.MP4_snapshot_15.03.889_crop00_23.jpg,C:\Users\ASUS G 16 JVR\Desktop\deepLearning_CNN\dataset\processed\train\SLOW_DOWN\GX010112.MP4_snapshot_15.03.889_crop00_23.jpg,GX010112.MP4_snapshot_15.03.889_crop00_23.jpg,GX010112.MP4_snapshot_15.03.889.jpg,train,SLOW_DOWN,23,3298,793,228,184
processed\train\60_SPEED_LIMIT\GX010112.MP4_snapshot_15.13.250_crop00_02.jpg,C:\Users\ASUS G 16 JVR\Desktop\deepLearning_CNN\dataset\processed\train\60_SPEED_LIMIT\GX010112.MP4_snapshot_15.13.250_crop00_02.jpg,GX010112.MP4_snapshot_15.13.250_crop00_02.jpg,GX010112.MP4_snapshot_15.13.250.jpg,train,60_SPEED_LIMIT,2,3009,882,162,140
processed\train\CARRIAGE_WAY_NARROWS\GX010112.MP4_snapshot_15.13.250_crop01_04.jpg,C:\Users\ASUS G 16 JVR\Desktop\deepLearning_CNN\dataset\processed\train\CARRIAGE_WAY_NARROWS\GX010112.MP4_snapshot_15.13.250_crop01_04.jpg,GX010112.MP4_snapshot_15.13.250_crop01_04.jpg,GX010112.MP4_snapshot_15.13.250.jpg,train,CARRIAGE_WAY_NARROWS,4,2990,732,184,143
processed\train\DIRECTION\GX010112.MP4_snapshot_15.19.387_crop00_07.jpg,C:\Users\ASUS G 16 JVR\Desktop\deepLearning_CNN\dataset\processed\train\DIRECTION\GX010112.MP4_snapshot_15.19.387_crop00_07.jpg,GX010112.MP4_snapshot_15.19.387_crop00_07.jpg,GX010112.MP4_snapshot_15.19.387.jpg,train,DIRECTION,7,2200,43,583,415
processed\train\40_SPEED_LIMIT\GX010112.MP4_snapshot_15.25.908_crop00_01.jpg,C:\Users\ASUS G 16 JVR\Desktop\deepLearning_CNN\dataset\processed\train\40_SPEED_LIMIT\GX010112.MP4_snapshot_15.25.908_crop00_01.jpg,GX010112.MP4_snapshot_15.25.908_crop00_01.jpg,GX010112.MP4_snapshot_15.25.908.jpg,train,40_SPEED_LIMIT,1,3044,728,254,227
processed\train\DIRECTION\GX010112.MP4_snapshot_16.05.450_crop00_07.jpg,C:\Users\ASUS G 16 JVR\Desktop\deepLearning_CNN\dataset\processed\train\DIRECTION\GX010112.MP4_snapshot_16.05.450_crop00_07.jpg,GX010112.MP4_snapshot_16.05.450_crop00_07.jpg,GX010112.MP4_snapshot_16.05.450.jpg,train,DIRECTION,7,2002,588,301,204
processed\train\40_SPEED_LIMIT\GX010112.MP4_snapshot_16.12.536_crop00_01.jpg,C:\Users\ASUS G 16 JVR\Desktop\deepLearning_CNN\dataset\processed\train\40_SPEED_LIMIT\GX010112.MP4_snapshot_16.12.536_crop00_01.jpg,GX010112.MP4_snapshot_16.12.536_crop00_01.jpg,GX010112.MP4_snapshot_16.12.536.jpg,train,40_SPEED_LIMIT,1,2684,677,252,225
processed\train\ROAD_JUNCTION_ON_THE_RIGHT\GX010112.MP4_snapshot_16.38.377_crop00_22.jpg,C:\Users\ASUS G 16 JVR\Desktop\deepLearning_CNN\dataset\processed\train\ROAD_JUNCTION_ON_THE_RIGHT\GX010112.MP4_snapshot_16.38.377_crop00_22.jpg,GX010112.MP4_snapshot_16.38.377_crop00_22.jpg,GX010112.MP4_snapshot_16.38.377.jpg,train,ROAD_JUNCTION_ON_THE_RIGHT,22,3080,904,130,111
processed\train\80_SPEED_LIMIT\GX010112.MP4_snapshot_17.38.513_crop00_03.jpg,C:\Users\ASUS G 16 JVR\Desktop\deepLearning_CNN\dataset\processed\train\80_SPEED_LIMIT\GX010112.MP4_snapshot_17.38.513_crop00_03.jpg,GX010112.MP4_snapshot_17.38.513_crop00_03.jpg,GX010112.MP4_snapshot_17.38.513.jpg,train,80_SPEED_LIMIT,3,3457,711,225,200
processed\train\ROAD_JUNCTION_ON_THE_LEFT\GX010112.MP4_snapshot_19.10.601_crop00_21.jpg,C:\Users\ASUS G 16 JVR\Desktop\deepLearning_CNN\dataset\processed\train\ROAD_JUNCTION_ON_THE_LEFT\GX010112.MP4_snapshot_19.10.601_crop00_21.jpg,GX010112.MP4_snapshot_19.10.601_crop00_21.jpg,GX010112.MP4_snapshot_19.10.601.jpg,train,ROAD_JUNCTION_ON_THE_LEFT,21,3104,741,230,189
processed\train\CHILDREN_CROSSING\GX010112.MP4_snapshot_20.20.140_crop00_05.jpg,C:\Users\ASUS G 16 JVR\Desktop\deepLearning_CNN\dataset\processed\train\CHILDREN_CROSSING\GX010112.MP4_snapshot_20.20.140_crop00_05.jpg,GX010112.MP4_snapshot_20.20.140_crop00_05.jpg,GX010112.MP4_snapshot_20.20.140.jpg,train,CHILDREN_CROSSING,5,2972,786,208,190
processed\train\STAGGERED_JUNCTION_RL\GX010112.MP4_snapshot_20.20.140_crop01_24.jpg,C:\Users\ASUS G 16 JVR\Desktop\deepLearning_CNN\dataset\processed\train\STAGGERED_JUNCTION_RL\GX010112.MP4_snapshot_20.20.140_crop01_24.jpg,GX010112.MP4_snapshot_20.20.140_crop01_24.jpg,GX010112.MP4_snapshot_20.20.140.jpg,train,STAGGERED_JUNCTION_RL,24,2971,594,212,196
processed\train\ROAD_JUNCTION_ON_THE_RIGHT\GX010112.MP4_snapshot_21.21.298_crop00_22.jpg,C:\Users\ASUS G 16 JVR\Desktop\deepLearning_CNN\dataset\processed\train\ROAD_JUNCTION_ON_THE_RIGHT\GX010112.MP4_snapshot_21.21.298_crop00_22.jpg,GX010112.MP4_snapshot_21.21.298_crop00_22.jpg,GX010112.MP4_snapshot_21.21.298.jpg,train,ROAD_JUNCTION_ON_THE_RIGHT,22,2965,707,219,219
processed\train\SLOW_DOWN\GX010112.MP4_snapshot_22.39.110_crop00_23.jpg,C:\Users\ASUS G 16 JVR\Desktop\deepLearning_CNN\dataset\processed\train\SLOW_DOWN\GX010112.MP4_snapshot_22.39.110_crop00_23.jpg,GX010112.MP4_snapshot_22.39.110_crop00_23.jpg,GX010112.MP4_snapshot_22.39.110.jpg,train,SLOW_DOWN,23,2939,810,179,160
processed\train\ROAD_JUNCTION_ON_THE_RIGHT\GX010112.MP4_snapshot_23.50.319_crop00_22.jpg,C:\Users\ASUS G 16 JVR\Desktop\deepLearning_CNN\dataset\processed\train\ROAD_JUNCTION_ON_THE_RIGHT\GX010112.MP4_snapshot_23.50.319_crop00_22.jpg,GX010112.MP4_snapshot_23.50.319_crop00_22.jpg,GX010112.MP4_snapshot_23.50.319.jpg,train,ROAD_JUNCTION_ON_THE_RIGHT,22,3015,690,222,211
processed\train\SLOW_DOWN\GX010112.MP4_snapshot_24.48.793_crop00_23.jpg,C:\Users\ASUS G 16 JVR\Desktop\deepLearning_CNN\dataset\processed\train\SLOW_DOWN\GX010112.MP4_snapshot_24.48.793_crop00_23.jpg,GX010112.MP4_snapshot_24.48.793_crop00_23.jpg,GX010112.MP4_snapshot_24.48.793.jpg,train,SLOW_DOWN,23,3058,752,203,176
processed\train\ROAD_JUNCTION_ON_THE_RIGHT\GX010112.MP4_snapshot_24.51.977_crop00_22.jpg,C:\Users\ASUS G 16 JVR\Desktop\deepLearning_CNN\dataset\processed\train\ROAD_JUNCTION_ON_THE_RIGHT\GX010112.MP4_snapshot_24.51.977_crop00_22.jpg,GX010112.MP4_snapshot_24.51.977_crop00_22.jpg,GX010112.MP4_snapshot_24.51.977.jpg,train,ROAD_JUNCTION_ON_THE_RIGHT,22,3319,624,290,249
processed\train\PEDESTRAIN_CROSSING\GX010112.MP4_snapshot_25.04.730_crop00_17.jpg,C:\Users\ASUS G 16 JVR\Desktop\deepLearning_CNN\dataset\processed\train\PEDESTRAIN_CROSSING\GX010112.MP4_snapshot_25.04.730_crop00_17.jpg,GX010112.MP4_snapshot_25.04.730_crop00_17.jpg,GX010112.MP4_snapshot_25.04.730.jpg,train,PEDESTRAIN_CROSSING,17,3069,644,260,235
processed\train\CHILDREN_CROSSING\GX010112.MP4_snapshot_25.06.938_crop00_05.jpg,C:\Users\ASUS G 16 JVR\Desktop\deepLearning_CNN\dataset\processed\train\CHILDREN_CROSSING\GX010112.MP4_snapshot_25.06.938_crop00_05.jpg,GX010112.MP4_snapshot_25.06.938_crop00_05.jpg,GX010112.MP4_snapshot_25.06.938.jpg,train,CHILDREN_CROSSING,5,3045,424,236,232
processed\train\40_SPEED_LIMIT\GX010112.MP4_snapshot_25.06.938_crop01_01.jpg,C:\Users\ASUS G 16 JVR\Desktop\deepLearning_CNN\dataset\processed\train\40_SPEED_LIMIT\GX010112.MP4_snapshot_25.06.938_crop01_01.jpg,GX010112.MP4_snapshot_25.06.938_crop01_01.jpg,GX010112.MP4_snapshot_25.06.938.jpg,train,40_SPEED_LIMIT,1,3046,662,249,210
processed\train\ROAD_JUNCTION_ON_THE_RIGHT\GX010112.MP4_snapshot_25.20.373_crop00_22.jpg,C:\Users\ASUS G 16 JVR\Desktop\deepLearning_CNN\dataset\processed\train\ROAD_JUNCTION_ON_THE_RIGHT\GX010112.MP4_snapshot_25.20.373_crop00_22.jpg,GX010112.MP4_snapshot_25.20.373_crop00_22.jpg,GX010112.MP4_snapshot_25.20.373.jpg,train,ROAD_JUNCTION_ON_THE_RIGHT,22,3055,757,184,175
processed\train\ROAD_JUNCTION_ON_THE_RIGHT\GX010112.MP4_snapshot_26.05.510_crop00_22.jpg,C:\Users\ASUS G 16 JVR\Desktop\deepLearning_CNN\dataset\processed\train\ROAD_JUNCTION_ON_THE_RIGHT\GX010112.MP4_snapshot_26.05.510_crop00_22.jpg,GX010112.MP4_snapshot_26.05.510_crop00_22.jpg,GX010112.MP4_snapshot_26.05.510.jpg,train,ROAD_JUNCTION_ON_THE_RIGHT,22,2927,866,124,111
processed\train\END_SPEED_LIMIT\GX010112.MP4_snapshot_26.52.221_crop00_08.jpg,C:\Users\ASUS G 16 JVR\Desktop\deepLearning_CNN\dataset\processed\train\END_SPEED_LIMIT\GX010112.MP4_snapshot_26.52.221_crop00_08.jpg,GX010112.MP4_snapshot_26.52.221_crop00_08.jpg,GX010112.MP4_snapshot_26.52.221.jpg,train,END_SPEED_LIMIT,8,3199,690,230,208
processed\train\40_SPEED_LIMIT\GX010112.MP4_snapshot_28.18.103_crop00_01.jpg,C:\Users\ASUS G 16 JVR\Desktop\deepLearning_CNN\dataset\processed\train\40_SPEED_LIMIT\GX010112.MP4_snapshot_28.18.103_crop00_01.jpg,GX010112.MP4_snapshot_28.18.103_crop00_01.jpg,GX010112.MP4_snapshot_28.18.103.jpg,train,40_SPEED_LIMIT,1,3228,728,200,170
processed\train\PEDESTRAIN_CROSSING\GX010112.MP4_snapshot_28.26.392_crop00_17.jpg,C:\Users\ASUS G 16 JVR\Desktop\deepLearning_CNN\dataset\processed\train\PEDESTRAIN_CROSSING\GX010112.MP4_snapshot_28.26.392_crop00_17.jpg,GX010112.MP4_snapshot_28.26.392_crop00_17.jpg,GX010112.MP4_snapshot_28.26.392.jpg,train,PEDESTRAIN_CROSSING,17,3191,679,233,200
processed\train\60_SPEED_LIMIT\GX010113.MP4_snapshot_01.27.630_crop00_02.jpg,C:\Users\ASUS G 16 JVR\Desktop\deepLearning_CNN\dataset\processed\train\60_SPEED_LIMIT\GX010113.MP4_snapshot_01.27.630_crop00_02.jpg,GX010113.MP4_snapshot_01.27.630_crop00_02.jpg,GX010113.MP4_snapshot_01.27.630.jpg,train,60_SPEED_LIMIT,2,3296,922,170,183
processed\train\LEFT_BEND\GX010113.MP4_snapshot_01.27.630_crop01_12.jpg,C:\Users\ASUS G 16 JVR\Desktop\deepLearning_CNN\dataset\processed\train\LEFT_BEND\GX010113.MP4_snapshot_01.27.630_crop01_12.jpg,GX010113.MP4_snapshot_01.27.630_crop01_12.jpg,GX010113.MP4_snapshot_01.27.630.jpg,train,LEFT_BEND,12,3284,712,192,197
processed\train\40_SPEED_LIMIT\GX010113.MP4_snapshot_02.44.657_crop00_01.jpg,C:\Users\ASUS G 16 JVR\Desktop\deepLearning_CNN\dataset\processed\train\40_SPEED_LIMIT\GX010113.MP4_snapshot_02.44.657_crop00_01.jpg,GX010113.MP4_snapshot_02.44.657_crop00_01.jpg,GX010113.MP4_snapshot_02.44.657.jpg,train,40_SPEED_LIMIT,1,3041,1017,186,170
processed\train\END_SPEED_LIMIT\GX010113.MP4_snapshot_07.42.189_crop00_08.jpg,C:\Users\ASUS G 16 JVR\Desktop\deepLearning_CNN\dataset\processed\train\END_SPEED_LIMIT\GX010113.MP4_snapshot_07.42.189_crop00_08.jpg,GX010113.MP4_snapshot_07.42.189_crop00_08.jpg,GX010113.MP4_snapshot_07.42.189.jpg,train,END_SPEED_LIMIT,8,2766,876,165,146
processed\train\SLOW_DOWN\GX010113.MP4_snapshot_08.43.291_crop00_23.jpg,C:\Users\ASUS G 16 JVR\Desktop\deepLearning_CNN\dataset\processed\train\SLOW_DOWN\GX010113.MP4_snapshot_08.43.291_crop00_23.jpg,GX010113.MP4_snapshot_08.43.291_crop00_23.jpg,GX010113.MP4_snapshot_08.43.291.jpg,train,SLOW_DOWN,23,2999,958,168,152
processed\train\STAGGERED_JUNCTION_RL\GX010113.MP4_snapshot_08.50.656_crop00_24.jpg,C:\Users\ASUS G 16 JVR\Desktop\deepLearning_CNN\dataset\processed\train\STAGGERED_JUNCTION_RL\GX010113.MP4_snapshot_08.50.656_crop00_24.jpg,GX010113.MP4_snapshot_08.50.656_crop00_24.jpg,GX010113.MP4_snapshot_08.50.656.jpg,train,STAGGERED_JUNCTION_RL,24,3496,846,271,246
processed\train\LEFT_BEND\GX010113.MP4_snapshot_09.16.260_crop00_12.jpg,C:\Users\ASUS G 16 JVR\Desktop\deepLearning_CNN\dataset\processed\train\LEFT_BEND\GX010113.MP4_snapshot_09.16.260_crop00_12.jpg,GX010113.MP4_snapshot_09.16.260_crop00_12.jpg,GX010113.MP4_snapshot_09.16.260.jpg,train,LEFT_BEND,12,2855,992,129,131
processed\train\40_SPEED_LIMIT\GX010113.MP4_snapshot_09.48.089_crop00_01.jpg,C:\Users\ASUS G 16 JVR\Desktop\deepLearning_CNN\dataset\processed\train\40_SPEED_LIMIT\GX010113.MP4_snapshot_09.48.089_crop00_01.jpg,GX010113.MP4_snapshot_09.48.089_crop00_01.jpg,GX010113.MP4_snapshot_09.48.089.jpg,train,40_SPEED_LIMIT,1,2735,999,133,127
processed\train\CHILDREN_CROSSING\GX010113.MP4_snapshot_09.48.089_crop01_05.jpg,C:\Users\ASUS G 16 JVR\Desktop\deepLearning_CNN\dataset\processed\train\CHILDREN_CROSSING\GX010113.MP4_snapshot_09.48.089_crop01_05.jpg,GX010113.MP4_snapshot_09.48.089_crop01_05.jpg,GX010113.MP4_snapshot_09.48.089.jpg,train,CHILDREN_CROSSING,5,2722,850,149,135
processed\train\ROAD_JUNCTION_ON_THE_LEFT\GX010113.MP4_snapshot_10.00.585_crop00_21.jpg,C:\Users\ASUS G 16 JVR\Desktop\deepLearning_CNN\dataset\processed\train\ROAD_JUNCTION_ON_THE_LEFT\GX010113.MP4_snapshot_10.00.585_crop00_21.jpg,GX010113.MP4_snapshot_10.00.585_crop00_21.jpg,GX010113.MP4_snapshot_10.00.585.jpg,train,ROAD_JUNCTION_ON_THE_LEFT,21,3242,862,268,238
processed\train\KM_POST\GX010113.MP4_snapshot_10.00.585_crop01_11.jpg,C:\Users\ASUS G 16 JVR\Desktop\deepLearning_CNN\dataset\processed\train\KM_POST\GX010113.MP4_snapshot_10.00.585_crop01_11.jpg,GX010113.MP4_snapshot_10.00.585_crop01_11.jpg,GX010113.MP4_snapshot_10.00.585.jpg,train,KM_POST,11,2807,1285,108,144
processed\train\PEDESTRAIN_CR_AREA\GX010113.MP4_snapshot_10.00.585_crop02_18.jpg,C:\Users\ASUS G 16 JVR\Desktop\deepLearning_CNN\dataset\processed\train\PEDESTRAIN_CR_AREA\GX010113.MP4_snapshot_10.00.585_crop02_18.jpg,GX010113.MP4_snapshot_10.00.585_crop02_18.jpg,GX010113.MP4_snapshot_10.00.585.jpg,train,PEDESTRAIN_CR_AREA,18,2432,1081,75,75
processed\train\LEFT_BEND\GX010113.MP4_snapshot_10.29.832_crop00_12.jpg,C:\Users\ASUS G 16 JVR\Desktop\deepLearning_CNN\dataset\processed\train\LEFT_BEND\GX010113.MP4_snapshot_10.29.832_crop00_12.jpg,GX010113.MP4_snapshot_10.29.832_crop00_12.jpg,GX010113.MP4_snapshot_10.29.832.jpg,train,LEFT_BEND,12,3007,890,210,207
processed\train\ROAD_JUNCTION_ON_THE_LEFT\GX010113.MP4_snapshot_10.52.359_crop00_21.jpg,C:\Users\ASUS G 16 JVR\Desktop\deepLearning_CNN\dataset\processed\train\ROAD_JUNCTION_ON_THE_LEFT\GX010113.MP4_snapshot_10.52.359_crop00_21.jpg,GX010113.MP4_snapshot_10.52.359_crop00_21.jpg,GX010113.MP4_snapshot_10.52.359.jpg,train,ROAD_JUNCTION_ON_THE_LEFT,21,2461,1023,133,130
processed\train\STAGGERED_JUNCTION_RL\GX010113.MP4_snapshot_11.42.113_crop00_24.jpg,C:\Users\ASUS G 16 JVR\Desktop\deepLearning_CNN\dataset\processed\train\STAGGERED_JUNCTION_RL\GX010113.MP4_snapshot_11.42.113_crop00_24.jpg,GX010113.MP4_snapshot_11.42.113_crop00_24.jpg,GX010113.MP4_snapshot_11.42.113.jpg,train,STAGGERED_JUNCTION_RL,24,2864,1006,144,135
processed\train\80_SPEED_LIMIT\GX010113.MP4_snapshot_12.13.648_crop00_03.jpg,C:\Users\ASUS G 16 JVR\Desktop\deepLearning_CNN\dataset\processed\train\80_SPEED_LIMIT\GX010113.MP4_snapshot_12.13.648_crop00_03.jpg,GX010113.MP4_snapshot_12.13.648_crop00_03.jpg,GX010113.MP4_snapshot_12.13.648.jpg,train,80_SPEED_LIMIT,3,2861,923,174,177
processed\train\ROAD_JUNCTION_ON_THE_LEFT\GX010113.MP4_snapshot_13.31.425_crop00_21.jpg,C:\Users\ASUS G 16 JVR\Desktop\deepLearning_CNN\dataset\processed\train\ROAD_JUNCTION_ON_THE_LEFT\GX010113.MP4_snapshot_13.31.425_crop00_21.jpg,GX010113.MP4_snapshot_13.31.425_crop00_21.jpg,GX010113.MP4_snapshot_13.31.425.jpg,train,ROAD_JUNCTION_ON_THE_LEFT,21,2917,949,189,173
processed\train\SLOW_DOWN\GX010113.MP4_snapshot_14.19.967_crop00_23.jpg,C:\Users\ASUS G 16 JVR\Desktop\deepLearning_CNN\dataset\processed\train\SLOW_DOWN\GX010113.MP4_snapshot_14.19.967_crop00_23.jpg,GX010113.MP4_snapshot_14.19.967_crop00_23.jpg,GX010113.MP4_snapshot_14.19.967.jpg,train,SLOW_DOWN,23,2888,956,160,152
processed\train\CHILDREN_CROSSING\GX010113.MP4_snapshot_14.49.977_crop00_05.jpg,C:\Users\ASUS G 16 JVR\Desktop\deepLearning_CNN\dataset\processed\train\CHILDREN_CROSSING\GX010113.MP4_snapshot_14.49.977_crop00_05.jpg,GX010113.MP4_snapshot_14.49.977_crop00_05.jpg,GX010113.MP4_snapshot_14.49.977.jpg,train,CHILDREN_CROSSING,5,2885,950,173,162
processed\train\ROAD_JUNCTION_ON_THE_RIGHT\GX010113.MP4_snapshot_16.06.484_crop00_22.jpg,C:\Users\ASUS G 16 JVR\Desktop\deepLearning_CNN\dataset\processed\train\ROAD_JUNCTION_ON_THE_RIGHT\GX010113.MP4_snapshot_16.06.484_crop00_22.jpg,GX010113.MP4_snapshot_16.06.484_crop00_22.jpg,GX010113.MP4_snapshot_16.06.484.jpg,train,ROAD_JUNCTION_ON_THE_RIGHT,22,2774,988,149,143
processed\train\80_SPEED_LIMIT\GX010113.MP4_snapshot_16.23.745_crop00_03.jpg,C:\Users\ASUS G 16 JVR\Desktop\deepLearning_CNN\dataset\processed\train\80_SPEED_LIMIT\GX010113.MP4_snapshot_16.23.745_crop00_03.jpg,GX010113.MP4_snapshot_16.23.745_crop00_03.jpg,GX010113.MP4_snapshot_16.23.745.jpg,train,80_SPEED_LIMIT,3,3352,888,227,211
processed\train\DIRECTION\GX010113.MP4_snapshot_17.18.377_crop00_07.jpg,C:\Users\ASUS G 16 JVR\Desktop\deepLearning_CNN\dataset\processed\train\DIRECTION\GX010113.MP4_snapshot_17.18.377_crop00_07.jpg,GX010113.MP4_snapshot_17.18.377_crop00_07.jpg,GX010113.MP4_snapshot_17.18.377.jpg,train,DIRECTION,7,2126,114,658,444
processed\train\STAGGERED_JUNCTION_RL\GX010113.MP4_snapshot_17.30.271_crop00_24.jpg,C:\Users\ASUS G 16 JVR\Desktop\deepLearning_CNN\dataset\processed\train\STAGGERED_JUNCTION_RL\GX010113.MP4_snapshot_17.30.271_crop00_24.jpg,GX010113.MP4_snapshot_17.30.271_crop00_24.jpg,GX010113.MP4_snapshot_17.30.271.jpg,train,STAGGERED_JUNCTION_RL,24,3166,928,222,208
processed\train\SLOW_DOWN\GX010113.MP4_snapshot_17.45.730_crop00_23.jpg,C:\Users\ASUS G 16 JVR\Desktop\deepLearning_CNN\dataset\processed\train\SLOW_DOWN\GX010113.MP4_snapshot_17.45.730_crop00_23.jpg,GX010113.MP4_snapshot_17.45.730_crop00_23.jpg,GX010113.MP4_snapshot_17.45.730.jpg,train,SLOW_DOWN,23,3193,928,200,195
processed\train\DIRECTION\GX010113.MP4_snapshot_18.05.194_crop00_07.jpg,C:\Users\ASUS G 16 JVR\Desktop\deepLearning_CNN\dataset\processed\train\DIRECTION\GX010113.MP4_snapshot_18.05.194_crop00_07.jpg,GX010113.MP4_snapshot_18.05.194_crop00_07.jpg,GX010113.MP4_snapshot_18.05.194.jpg,train,DIRECTION,7,2092,712,297,207
processed\train\DIRECTION\GX010113.MP4_snapshot_18.42.928_crop00_07.jpg,C:\Users\ASUS G 16 JVR\Desktop\deepLearning_CNN\dataset\processed\train\DIRECTION\GX010113.MP4_snapshot_18.42.928_crop00_07.jpg,GX010113.MP4_snapshot_18.42.928_crop00_07.jpg,GX010113.MP4_snapshot_18.42.928.jpg,train,DIRECTION,7,2276,789,257,177
processed\train\SLOW_DOWN\GX010113.MP4_snapshot_18.59.193_crop00_23.jpg,C:\Users\ASUS G 16 JVR\Desktop\deepLearning_CNN\dataset\processed\train\SLOW_DOWN\GX010113.MP4_snapshot_18.59.193_crop00_23.jpg,GX010113.MP4_snapshot_18.59.193_crop00_23.jpg,GX010113.MP4_snapshot_18.59.193.jpg,train,SLOW_DOWN,23,2779,1031,135,133
processed\train\40_SPEED_LIMIT\GX010113.MP4_snapshot_19.05.260_crop00_01.jpg,C:\Users\ASUS G 16 JVR\Desktop\deepLearning_CNN\dataset\processed\train\40_SPEED_LIMIT\GX010113.MP4_snapshot_19.05.260_crop00_01.jpg,GX010113.MP4_snapshot_19.05.260_crop00_01.jpg,GX010113.MP4_snapshot_19.05.260.jpg,train,40_SPEED_LIMIT,1,2745,998,146,138
processed\train\DIRECTION\GX010113.MP4_snapshot_19.08.454_crop00_07.jpg,C:\Users\ASUS G 16 JVR\Desktop\deepLearning_CNN\dataset\processed\train\DIRECTION\GX010113.MP4_snapshot_19.08.454_crop00_07.jpg,GX010113.MP4_snapshot_19.08.454_crop00_07.jpg,GX010113.MP4_snapshot_19.08.454.jpg,train,DIRECTION,7,2095,779,258,171
processed\train\DIRECTION\GX010113.MP4_snapshot_19.09.547_crop00_07.jpg,C:\Users\ASUS G 16 JVR\Desktop\deepLearning_CNN\dataset\processed\train\DIRECTION\GX010113.MP4_snapshot_19.09.547_crop00_07.jpg,GX010113.MP4_snapshot_19.09.547_crop00_07.jpg,GX010113.MP4_snapshot_19.09.547.jpg,train,DIRECTION,7,2336,224,595,394
processed\train\40_SPEED_LIMIT\GX010113.MP4_snapshot_19.17.609_crop00_01.jpg,C:\Users\ASUS G 16 JVR\Desktop\deepLearning_CNN\dataset\processed\train\40_SPEED_LIMIT\GX010113.MP4_snapshot_19.17.609_crop00_01.jpg,GX010113.MP4_snapshot_19.17.609_crop00_01.jpg,GX010113.MP4_snapshot_19.17.609.jpg,train,40_SPEED_LIMIT,1,2939,1091,111,106
processed\train\ROAD_JUNCTION_ON_THE_RIGHT\GX010113.MP4_snapshot_20.17.660_crop00_22.jpg,C:\Users\ASUS G 16 JVR\Desktop\deepLearning_CNN\dataset\processed\train\ROAD_JUNCTION_ON_THE_RIGHT\GX010113.MP4_snapshot_20.17.660_crop00_22.jpg,GX010113.MP4_snapshot_20.17.660_crop00_22.jpg,GX010113.MP4_snapshot_20.17.660.jpg,train,ROAD_JUNCTION_ON_THE_RIGHT,22,2968,947,192,181
processed\train\SLOW_DOWN\GX010113.MP4_snapshot_21.05.295_crop00_23.jpg,C:\Users\ASUS G 16 JVR\Desktop\deepLearning_CNN\dataset\processed\train\SLOW_DOWN\GX010113.MP4_snapshot_21.05.295_crop00_23.jpg,GX010113.MP4_snapshot_21.05.295_crop00_23.jpg,GX010113.MP4_snapshot_21.05.295.jpg,train,SLOW_DOWN,23,3383,998,127,122
processed\train\40_SPEED_LIMIT\GX010113.MP4_snapshot_21.23.066_crop00_01.jpg,C:\Users\ASUS G 16 JVR\Desktop\deepLearning_CNN\dataset\processed\train\40_SPEED_LIMIT\GX010113.MP4_snapshot_21.23.066_crop00_01.jpg,GX010113.MP4_snapshot_21.23.066_crop00_01.jpg,GX010113.MP4_snapshot_21.23.066.jpg,train,40_SPEED_LIMIT,1,3400,915,173,152
processed\train\CHILDREN_CROSSING\GX010113.MP4_snapshot_21.23.066_crop01_05.jpg,C:\Users\ASUS G 16 JVR\Desktop\deepLearning_CNN\dataset\processed\train\CHILDREN_CROSSING\GX010113.MP4_snapshot_21.23.066_crop01_05.jpg,GX010113.MP4_snapshot_21.23.066_crop01_05.jpg,GX010113.MP4_snapshot_21.23.066.jpg,train,CHILDREN_CROSSING,5,3385,743,181,173
processed\train\STAGGERED_JUNCTION_RL\GX010113.MP4_snapshot_21.29.697_crop00_24.jpg,C:\Users\ASUS G 16 JVR\Desktop\deepLearning_CNN\dataset\processed\train\STAGGERED_JUNCTION_RL\GX010113.MP4_snapshot_21.29.697_crop00_24.jpg,GX010113.MP4_snapshot_21.29.697_crop00_24.jpg,GX010113.MP4_snapshot_21.29.697.jpg,train,STAGGERED_JUNCTION_RL,24,3166,938,177,162
processed\train\PEDESTRAIN_CR_AREA\GX010113.MP4_snapshot_21.34.344_crop00_18.jpg,C:\Users\ASUS G 16 JVR\Desktop\deepLearning_CNN\dataset\processed\train\PEDESTRAIN_CR_AREA\GX010113.MP4_snapshot_21.34.344_crop00_18.jpg,GX010113.MP4_snapshot_21.34.344_crop00_18.jpg,GX010113.MP4_snapshot_21.34.344.jpg,train,PEDESTRAIN_CR_AREA,18,3115,874,179,157
processed\train\PEDESTRAIN_CR_AREA\GX010113.MP4_snapshot_21.38.597_crop00_18.jpg,C:\Users\ASUS G 16 JVR\Desktop\deepLearning_CNN\dataset\processed\train\PEDESTRAIN_CR_AREA\GX010113.MP4_snapshot_21.38.597_crop00_18.jpg,GX010113.MP4_snapshot_21.38.597_crop00_18.jpg,GX010113.MP4_snapshot_21.38.597.jpg,train,PEDESTRAIN_CR_AREA,18,2965,905,147,132
processed\train\CARRIAGE_WAY_NARROWS\GX010113.MP4_snapshot_22.09.730_crop00_04.jpg,C:\Users\ASUS G 16 JVR\Desktop\deepLearning_CNN\dataset\processed\train\CARRIAGE_WAY_NARROWS\GX010113.MP4_snapshot_22.09.730_crop00_04.jpg,GX010113.MP4_snapshot_22.09.730_crop00_04.jpg,GX010113.MP4_snapshot_22.09.730.jpg,train,CARRIAGE_WAY_NARROWS,4,3086,931,170,157
processed\train\ROAD_JUNCTION_ON_THE_RIGHT\GX010113.MP4_snapshot_23.33.119_crop00_22.jpg,C:\Users\ASUS G 16 JVR\Desktop\deepLearning_CNN\dataset\processed\train\ROAD_JUNCTION_ON_THE_RIGHT\GX010113.MP4_snapshot_23.33.119_crop00_22.jpg,GX010113.MP4_snapshot_23.33.119_crop00_22.jpg,GX010113.MP4_snapshot_23.33.119.jpg,train,ROAD_JUNCTION_ON_THE_RIGHT,22,3161,990,179,162
processed\train\ROAD_JUNCTION_ON_THE_RIGHT\GX010113.MP4_snapshot_24.02.282_crop00_22.jpg,C:\Users\ASUS G 16 JVR\Desktop\deepLearning_CNN\dataset\processed\train\ROAD_JUNCTION_ON_THE_RIGHT\GX010113.MP4_snapshot_24.02.282_crop00_22.jpg,GX010113.MP4_snapshot_24.02.282_crop00_22.jpg,GX010113.MP4_snapshot_24.02.282.jpg,train,ROAD_JUNCTION_ON_THE_RIGHT,22,3446,763,322,300
processed\train\SLOW_DOWN\GX010113.MP4_snapshot_24.34.746_crop00_23.jpg,C:\Users\ASUS G 16 JVR\Desktop\deepLearning_CNN\dataset\processed\train\SLOW_DOWN\GX010113.MP4_snapshot_24.34.746_crop00_23.jpg,GX010113.MP4_snapshot_24.34.746_crop00_23.jpg,GX010113.MP4_snapshot_24.34.746.jpg,train,SLOW_DOWN,23,3253,947,176,162
processed\train\40_SPEED_LIMIT\GX010113.MP4_snapshot_24.51.648_crop00_01.jpg,C:\Users\ASUS G 16 JVR\Desktop\deepLearning_CNN\dataset\processed\train\40_SPEED_LIMIT\GX010113.MP4_snapshot_24.51.648_crop00_01.jpg,GX010113.MP4_snapshot_24.51.648_crop00_01.jpg,GX010113.MP4_snapshot_24.51.648.jpg,train,40_SPEED_LIMIT,1,2555,1023,127,119
processed\train\CHILDREN_CROSSING\GX010113.MP4_snapshot_24.51.648_crop01_05.jpg,C:\Users\ASUS G 16 JVR\Desktop\deepLearning_CNN\dataset\processed\train\CHILDREN_CROSSING\GX010113.MP4_snapshot_24.51.648_crop01_05.jpg,GX010113.MP4_snapshot_24.51.648_crop01_05.jpg,GX010113.MP4_snapshot_24.51.648.jpg,train,CHILDREN_CROSSING,5,2541,893,143,133
processed\train\PRIORITY_ROAD\GX010113.MP4_snapshot_24.55.924_crop00_19.jpg,C:\Users\ASUS G 16 JVR\Desktop\deepLearning_CNN\dataset\processed\train\PRIORITY_ROAD\GX010113.MP4_snapshot_24.55.924_crop00_19.jpg,GX010113.MP4_snapshot_24.55.924_crop00_19.jpg,GX010113.MP4_snapshot_24.55.924.jpg,train,PRIORITY_ROAD,19,3358,839,235,227
processed\train\KM_POST\GX010113.MP4_snapshot_24.55.924_crop01_11.jpg,C:\Users\ASUS G 16 JVR\Desktop\deepLearning_CNN\dataset\processed\train\KM_POST\GX010113.MP4_snapshot_24.55.924_crop01_11.jpg,GX010113.MP4_snapshot_24.55.924_crop01_11.jpg,GX010113.MP4_snapshot_24.55.924.jpg,train,KM_POST,11,3112,1276,150,192
processed\train\ROAD_JUNCTION_ON_THE_RIGHT\GX010113.MP4_snapshot_26.41.548_crop00_22.jpg,C:\Users\ASUS G 16 JVR\Desktop\deepLearning_CNN\dataset\processed\train\ROAD_JUNCTION_ON_THE_RIGHT\GX010113.MP4_snapshot_26.41.548_crop00_22.jpg,GX010113.MP4_snapshot_26.41.548_crop00_22.jpg,GX010113.MP4_snapshot_26.41.548.jpg,train,ROAD_JUNCTION_ON_THE_RIGHT,22,3108,928,195,195
processed\train\PEDESTRAIN_CR_AREA\GX010113.MP4_snapshot_26.41.548_crop01_18.jpg,C:\Users\ASUS G 16 JVR\Desktop\deepLearning_CNN\dataset\processed\train\PEDESTRAIN_CR_AREA\GX010113.MP4_snapshot_26.41.548_crop01_18.jpg,GX010113.MP4_snapshot_26.41.548_crop01_18.jpg,GX010113.MP4_snapshot_26.41.548.jpg,train,PEDESTRAIN_CR_AREA,18,2540,1106,60,60
processed\train\PEDESTRAIN_CR_AREA\GX010113.MP4_snapshot_27.14.794_crop00_18.jpg,C:\Users\ASUS G 16 JVR\Desktop\deepLearning_CNN\dataset\processed\train\PEDESTRAIN_CR_AREA\GX010113.MP4_snapshot_27.14.794_crop00_18.jpg,GX010113.MP4_snapshot_27.14.794_crop00_18.jpg,GX010113.MP4_snapshot_27.14.794.jpg,train,PEDESTRAIN_CR_AREA,18,2776,966,130,133
processed\train\SLOW_DOWN\GX010113.MP4_snapshot_29.08.176_crop00_23.jpg,C:\Users\ASUS G 16 JVR\Desktop\deepLearning_CNN\dataset\processed\train\SLOW_DOWN\GX010113.MP4_snapshot_29.08.176_crop00_23.jpg,GX010113.MP4_snapshot_29.08.176_crop00_23.jpg,GX010113.MP4_snapshot_29.08.176.jpg,train,SLOW_DOWN,23,2975,958,162,149
processed\train\40_SPEED_LIMIT\GX010113.MP4_snapshot_29.19.169_crop00_01.jpg,C:\Users\ASUS G 16 JVR\Desktop\deepLearning_CNN\dataset\processed\train\40_SPEED_LIMIT\GX010113.MP4_snapshot_29.19.169_crop00_01.jpg,GX010113.MP4_snapshot_29.19.169_crop00_01.jpg,GX010113.MP4_snapshot_29.19.169.jpg,train,40_SPEED_LIMIT,1,2982,977,157,146
processed\train\CHILDREN_CROSSING\GX010113.MP4_snapshot_29.19.169_crop01_05.jpg,C:\Users\ASUS G 16 JVR\Desktop\deepLearning_CNN\dataset\processed\train\CHILDREN_CROSSING\GX010113.MP4_snapshot_29.19.169_crop01_05.jpg,GX010113.MP4_snapshot_29.19.169_crop01_05.jpg,GX010113.MP4_snapshot_29.19.169.jpg,train,CHILDREN_CROSSING,5,2963,812,181,157
processed\train\LEFT_BEND\GX010113.MP4_snapshot_29.23.177_crop00_12.jpg,C:\Users\ASUS G 16 JVR\Desktop\deepLearning_CNN\dataset\processed\train\LEFT_BEND\GX010113.MP4_snapshot_29.23.177_crop00_12.jpg,GX010113.MP4_snapshot_29.23.177_crop00_12.jpg,GX010113.MP4_snapshot_29.23.177.jpg,train,LEFT_BEND,12,3072,970,181,189
processed\train\END_SPEED_LIMIT\GX010113.MP4_snapshot_29.44.197_crop00_08.jpg,C:\Users\ASUS G 16 JVR\Desktop\deepLearning_CNN\dataset\processed\train\END_SPEED_LIMIT\GX010113.MP4_snapshot_29.44.197_crop00_08.jpg,GX010113.MP4_snapshot_29.44.197_crop00_08.jpg,GX010113.MP4_snapshot_29.44.197.jpg,train,END_SPEED_LIMIT,8,2534,1055,103,97
processed\train\SLOW_DOWN\GX010113.MP4_snapshot_30.32.768_crop00_23.jpg,C:\Users\ASUS G 16 JVR\Desktop\deepLearning_CNN\dataset\processed\train\SLOW_DOWN\GX010113.MP4_snapshot_30.32.768_crop00_23.jpg,GX010113.MP4_snapshot_30.32.768_crop00_23.jpg,GX010113.MP4_snapshot_30.32.768.jpg,train,SLOW_DOWN,23,2758,969,170,160
processed\train\PEDESTRAIN_CR_AREA\GX010113.MP4_snapshot_30.57.765_crop00_18.jpg,C:\Users\ASUS G 16 JVR\Desktop\deepLearning_CNN\dataset\processed\train\PEDESTRAIN_CR_AREA\GX010113.MP4_snapshot_30.57.765_crop00_18.jpg,GX010113.MP4_snapshot_30.57.765_crop00_18.jpg,GX010113.MP4_snapshot_30.57.765.jpg,train,PEDESTRAIN_CR_AREA,18,3112,969,152,141
processed\train\80_SPEED_LIMIT\GX010113.MP4_snapshot_31.01.017_crop00_03.jpg,C:\Users\ASUS G 16 JVR\Desktop\deepLearning_CNN\dataset\processed\train\80_SPEED_LIMIT\GX010113.MP4_snapshot_31.01.017_crop00_03.jpg,GX010113.MP4_snapshot_31.01.017_crop00_03.jpg,GX010113.MP4_snapshot_31.01.017.jpg,train,80_SPEED_LIMIT,3,3255,863,200,179
processed\train\PEDESTRAIN_CR_AREA\GX010113.MP4_snapshot_31.04.205_crop00_18.jpg,C:\Users\ASUS G 16 JVR\Desktop\deepLearning_CNN\dataset\processed\train\PEDESTRAIN_CR_AREA\GX010113.MP4_snapshot_31.04.205_crop00_18.jpg,GX010113.MP4_snapshot_31.04.205_crop00_18.jpg,GX010113.MP4_snapshot_31.04.205.jpg,train,PEDESTRAIN_CR_AREA,18,3307,839,211,184
processed\train\SLOW_DOWN\GX010113.MP4_snapshot_31.15.723_crop00_23.jpg,C:\Users\ASUS G 16 JVR\Desktop\deepLearning_CNN\dataset\processed\train\SLOW_DOWN\GX010113.MP4_snapshot_31.15.723_crop00_23.jpg,GX010113.MP4_snapshot_31.15.723_crop00_23.jpg,GX010113.MP4_snapshot_31.15.723.jpg,train,SLOW_DOWN,23,3053,995,179,162
processed\train\60_SPEED_LIMIT\GX010113.MP4_snapshot_31.30.929_crop00_02.jpg,C:\Users\ASUS G 16 JVR\Desktop\deepLearning_CNN\dataset\processed\train\60_SPEED_LIMIT\GX010113.MP4_snapshot_31.30.929_crop00_02.jpg,GX010113.MP4_snapshot_31.30.929_crop00_02.jpg,GX010113.MP4_snapshot_31.30.929.jpg,train,60_SPEED_LIMIT,2,2841,1034,141,146
processed\train\CARRIAGE_WAY_NARROWS\GX010113.MP4_snapshot_31.30.929_crop01_04.jpg,C:\Users\ASUS G 16 JVR\Desktop\deepLearning_CNN\dataset\processed\train\CARRIAGE_WAY_NARROWS\GX010113.MP4_snapshot_31.30.929_crop01_04.jpg,GX010113.MP4_snapshot_31.30.929_crop01_04.jpg,GX010113.MP4_snapshot_31.30.929.jpg,train,CARRIAGE_WAY_NARROWS,4,2828,904,160,130
processed\train\CARRIAGE_WAY_NARROWS\GX010113.MP4_snapshot_31.31.707_crop00_04.jpg,C:\Users\ASUS G 16 JVR\Desktop\deepLearning_CNN\dataset\processed\train\CARRIAGE_WAY_NARROWS\GX010113.MP4_snapshot_31.31.707_crop00_04.jpg,GX010113.MP4_snapshot_31.31.707_crop00_04.jpg,GX010113.MP4_snapshot_31.31.707.jpg,train,CARRIAGE_WAY_NARROWS,4,3326,717,265,246
processed\train\60_SPEED_LIMIT\GX010113.MP4_snapshot_31.31.707_crop01_02.jpg,C:\Users\ASUS G 16 JVR\Desktop\deepLearning_CNN\dataset\processed\train\60_SPEED_LIMIT\GX010113.MP4_snapshot_31.31.707_crop01_02.jpg,GX010113.MP4_snapshot_31.31.707_crop01_02.jpg,GX010113.MP4_snapshot_31.31.707.jpg,train,60_SPEED_LIMIT,2,3349,945,241,211
processed\train\KM_POST\GX010113.MP4_snapshot_31.31.707_crop02_11.jpg,C:\Users\ASUS G 16 JVR\Desktop\deepLearning_CNN\dataset\processed\train\KM_POST\GX010113.MP4_snapshot_31.31.707_crop02_11.jpg,GX010113.MP4_snapshot_31.31.707_crop02_11.jpg,GX010113.MP4_snapshot_31.31.707.jpg,train,KM_POST,11,2304,1240,38,58
processed\train\40_SPEED_LIMIT\GX010113.MP4_snapshot_31.52.908_crop00_01.jpg,C:\Users\ASUS G 16 JVR\Desktop\deepLearning_CNN\dataset\processed\train\40_SPEED_LIMIT\GX010113.MP4_snapshot_31.52.908_crop00_01.jpg,GX010113.MP4_snapshot_31.52.908_crop00_01.jpg,GX010113.MP4_snapshot_31.52.908.jpg,train,40_SPEED_LIMIT,1,2620,1051,130,123
processed\train\ROAD_JUNCTION_ON_THE_LEFT\GX010113.MP4_snapshot_32.50.658_crop00_21.jpg,C:\Users\ASUS G 16 JVR\Desktop\deepLearning_CNN\dataset\processed\train\ROAD_JUNCTION_ON_THE_LEFT\GX010113.MP4_snapshot_32.50.658_crop00_21.jpg,GX010113.MP4_snapshot_32.50.658_crop00_21.jpg,GX010113.MP4_snapshot_32.50.658.jpg,train,ROAD_JUNCTION_ON_THE_LEFT,21,2563,1050,124,119
processed\train\30_SPEED_LIMIT\GX010114.MP4_snapshot_00.21.517_crop00_00.jpg,C:\Users\ASUS G 16 JVR\Desktop\deepLearning_CNN\dataset\processed\train\30_SPEED_LIMIT\GX010114.MP4_snapshot_00.21.517_crop00_00.jpg,GX010114.MP4_snapshot_00.21.517_crop00_00.jpg,GX010114.MP4_snapshot_00.21.517.jpg,train,30_SPEED_LIMIT,0,3182,912,116,108
processed\train\CHILDREN_CROSSING\GX010114.MP4_snapshot_00.21.517_crop01_05.jpg,C:\Users\ASUS G 16 JVR\Desktop\deepLearning_CNN\dataset\processed\train\CHILDREN_CROSSING\GX010114.MP4_snapshot_00.21.517_crop01_05.jpg,GX010114.MP4_snapshot_00.21.517_crop01_05.jpg,GX010114.MP4_snapshot_00.21.517.jpg,train,CHILDREN_CROSSING,5,3172,804,133,116
processed\train\CARRIAGE_WAY_NARROWS\GX010114.MP4_snapshot_01.03.880_crop00_04.jpg,C:\Users\ASUS G 16 JVR\Desktop\deepLearning_CNN\dataset\processed\train\CARRIAGE_WAY_NARROWS\GX010114.MP4_snapshot_01.03.880_crop00_04.jpg,GX010114.MP4_snapshot_01.03.880_crop00_04.jpg,GX010114.MP4_snapshot_01.03.880.jpg,train,CARRIAGE_WAY_NARROWS,4,2844,1004,100,89
processed\train\PEDESTRAIN_CR_AREA\GX010114.MP4_snapshot_03.37.732_crop00_18.jpg,C:\Users\ASUS G 16 JVR\Desktop\deepLearning_CNN\dataset\processed\train\PEDESTRAIN_CR_AREA\GX010114.MP4_snapshot_03.37.732_crop00_18.jpg,GX010114.MP4_snapshot_03.37.732_crop00_18.jpg,GX010114.MP4_snapshot_03.37.732.jpg,train,PEDESTRAIN_CR_AREA,18,3077,898,111,95
processed\train\NO_UTURN\GX010114.MP4_snapshot_04.07.643_crop00_16.jpg,C:\Users\ASUS G 16 JVR\Desktop\deepLearning_CNN\dataset\processed\train\NO_UTURN\GX010114.MP4_snapshot_04.07.643_crop00_16.jpg,GX010114.MP4_snapshot_04.07.643_crop00_16.jpg,GX010114.MP4_snapshot_04.07.643.jpg,train,NO_UTURN,16,1243,910,211,200
processed\train\KEEP_RIGHT\GX010114.MP4_snapshot_05.13.419_crop00_10.jpg,C:\Users\ASUS G 16 JVR\Desktop\deepLearning_CNN\dataset\processed\train\KEEP_RIGHT\GX010114.MP4_snapshot_05.13.419_crop00_10.jpg,GX010114.MP4_snapshot_05.13.419_crop00_10.jpg,GX010114.MP4_snapshot_05.13.419.jpg,train,KEEP_RIGHT,10,1464,977,119,116
processed\train\30_SPEED_LIMIT\GX010114.MP4_snapshot_05.31.779_crop00_00.jpg,C:\Users\ASUS G 16 JVR\Desktop\deepLearning_CNN\dataset\processed\train\30_SPEED_LIMIT\GX010114.MP4_snapshot_05.31.779_crop00_00.jpg,GX010114.MP4_snapshot_05.31.779_crop00_00.jpg,GX010114.MP4_snapshot_05.31.779.jpg,train,30_SPEED_LIMIT,0,3239,860,92,87
processed\train\CHILDREN_CROSSING\GX010114.MP4_snapshot_05.31.779_crop01_05.jpg,C:\Users\ASUS G 16 JVR\Desktop\deepLearning_CNN\dataset\processed\train\CHILDREN_CROSSING\GX010114.MP4_snapshot_05.31.779_crop01_05.jpg,GX010114.MP4_snapshot_05.31.779_crop01_05.jpg,GX010114.MP4_snapshot_05.31.779.jpg,train,CHILDREN_CROSSING,5,3238,950,96,87
processed\train\NO_UTURN\GX010114.MP4_snapshot_05.36.060_crop00_16.jpg,C:\Users\ASUS G 16 JVR\Desktop\deepLearning_CNN\dataset\processed\train\NO_UTURN\GX010114.MP4_snapshot_05.36.060_crop00_16.jpg,GX010114.MP4_snapshot_05.36.060_crop00_16.jpg,GX010114.MP4_snapshot_05.36.060.jpg,train,NO_UTURN,16,1005,938,207,200
processed\train\PRIORITY_ROAD\GX010114.MP4_snapshot_05.49.134_crop00_19.jpg,C:\Users\ASUS G 16 JVR\Desktop\deepLearning_CNN\dataset\processed\train\PRIORITY_ROAD\GX010114.MP4_snapshot_05.49.134_crop00_19.jpg,GX010114.MP4_snapshot_05.49.134_crop00_19.jpg,GX010114.MP4_snapshot_05.49.134.jpg,train,PRIORITY_ROAD,19,3312,925,133,122
processed\train\NO_UTURN\GX010114.MP4_snapshot_05.52.807_crop00_16.jpg,C:\Users\ASUS G 16 JVR\Desktop\deepLearning_CNN\dataset\processed\train\NO_UTURN\GX010114.MP4_snapshot_05.52.807_crop00_16.jpg,GX010114.MP4_snapshot_05.52.807_crop00_16.jpg,GX010114.MP4_snapshot_05.52.807.jpg,train,NO_UTURN,16,809,904,257,246
processed\train\KEEP_RIGHT\GX010114.MP4_snapshot_05.52.807_crop01_10.jpg,C:\Users\ASUS G 16 JVR\Desktop\deepLearning_CNN\dataset\processed\train\KEEP_RIGHT\GX010114.MP4_snapshot_05.52.807_crop01_10.jpg,GX010114.MP4_snapshot_05.52.807_crop01_10.jpg,GX010114.MP4_snapshot_05.52.807.jpg,train,KEEP_RIGHT,10,1521,1020,92,84
processed\train\NO_UTURN\GX010114.MP4_snapshot_05.56.079_crop00_16.jpg,C:\Users\ASUS G 16 JVR\Desktop\deepLearning_CNN\dataset\processed\train\NO_UTURN\GX010114.MP4_snapshot_05.56.079_crop00_16.jpg,GX010114.MP4_snapshot_05.56.079_crop00_16.jpg,GX010114.MP4_snapshot_05.56.079.jpg,train,NO_UTURN,16,1286,966,137,135
processed\train\KEEP_RIGHT\GX010114.MP4_snapshot_05.56.079_crop01_10.jpg,C:\Users\ASUS G 16 JVR\Desktop\deepLearning_CNN\dataset\processed\train\KEEP_RIGHT\GX010114.MP4_snapshot_05.56.079_crop01_10.jpg,GX010114.MP4_snapshot_05.56.079_crop01_10.jpg,GX010114.MP4_snapshot_05.56.079.jpg,train,KEEP_RIGHT,10,1686,1035,47,51
processed\train\PEDESTRAIN_CR_AREA\GX010114.MP4_snapshot_05.56.079_crop02_18.jpg,C:\Users\ASUS G 16 JVR\Desktop\deepLearning_CNN\dataset\processed\train\PEDESTRAIN_CR_AREA\GX010114.MP4_snapshot_05.56.079_crop02_18.jpg,GX010114.MP4_snapshot_05.56.079_crop02_18.jpg,GX010114.MP4_snapshot_05.56.079.jpg,train,PEDESTRAIN_CR_AREA,18,3632,876,122,106
processed\train\ROAD_JUNCTION_ON_THE_RIGHT\GX010114.MP4_snapshot_06.28.391_crop00_22.jpg,C:\Users\ASUS G 16 JVR\Desktop\deepLearning_CNN\dataset\processed\train\ROAD_JUNCTION_ON_THE_RIGHT\GX010114.MP4_snapshot_06.28.391_crop00_22.jpg,GX010114.MP4_snapshot_06.28.391_crop00_22.jpg,GX010114.MP4_snapshot_06.28.391.jpg,train,ROAD_JUNCTION_ON_THE_RIGHT,22,3144,879,133,130
processed\train\NO_UTURN\GX010114.MP4_snapshot_06.44.811_crop00_16.jpg,C:\Users\ASUS G 16 JVR\Desktop\deepLearning_CNN\dataset\processed\train\NO_UTURN\GX010114.MP4_snapshot_06.44.811_crop00_16.jpg,GX010114.MP4_snapshot_06.44.811_crop00_16.jpg,GX010114.MP4_snapshot_06.44.811.jpg,train,NO_UTURN,16,1142,906,214,216
processed\train\KEEP_RIGHT\GX010114.MP4_snapshot_06.44.811_crop01_10.jpg,C:\Users\ASUS G 16 JVR\Desktop\deepLearning_CNN\dataset\processed\train\KEEP_RIGHT\GX010114.MP4_snapshot_06.44.811_crop01_10.jpg,GX010114.MP4_snapshot_06.44.811_crop01_10.jpg,GX010114.MP4_snapshot_06.44.811.jpg,train,KEEP_RIGHT,10,1678,1025,81,78
processed\train\END_SPEED_LIMIT\GX010114.MP4_snapshot_07.06.741_crop00_08.jpg,C:\Users\ASUS G 16 JVR\Desktop\deepLearning_CNN\dataset\processed\train\END_SPEED_LIMIT\GX010114.MP4_snapshot_07.06.741_crop00_08.jpg,GX010114.MP4_snapshot_07.06.741_crop00_08.jpg,GX010114.MP4_snapshot_07.06.741.jpg,train,END_SPEED_LIMIT,8,3228,809,108,108
processed\train\NO_UTURN\GX010114.MP4_snapshot_07.12.851_crop00_16.jpg,C:\Users\ASUS G 16 JVR\Desktop\deepLearning_CNN\dataset\processed\train\NO_UTURN\GX010114.MP4_snapshot_07.12.851_crop00_16.jpg,GX010114.MP4_snapshot_07.12.851_crop00_16.jpg,GX010114.MP4_snapshot_07.12.851.jpg,train,NO_UTURN,16,659,851,341,306
processed\train\KEEP_RIGHT\GX010114.MP4_snapshot_07.12.851_crop01_10.jpg,C:\Users\ASUS G 16 JVR\Desktop\deepLearning_CNN\dataset\processed\train\KEEP_RIGHT\GX010114.MP4_snapshot_07.12.851_crop01_10.jpg,GX010114.MP4_snapshot_07.12.851_crop01_10.jpg,GX010114.MP4_snapshot_07.12.851.jpg,train,KEEP_RIGHT,10,1637,1015,76,78
processed\train\PEDESTRAIN_CR_AREA\GX010114.MP4_snapshot_07.27.654_crop00_18.jpg,C:\Users\ASUS G 16 JVR\Desktop\deepLearning_CNN\dataset\processed\train\PEDESTRAIN_CR_AREA\GX010114.MP4_snapshot_07.27.654_crop00_18.jpg,GX010114.MP4_snapshot_07.27.654_crop00_18.jpg,GX010114.MP4_snapshot_07.27.654.jpg,train,PEDESTRAIN_CR_AREA,18,3688,865,113,110
processed\train\NO_UTURN\GX010114.MP4_snapshot_07.27.654_crop01_16.jpg,C:\Users\ASUS G 16 JVR\Desktop\deepLearning_CNN\dataset\processed\train\NO_UTURN\GX010114.MP4_snapshot_07.27.654_crop01_16.jpg,GX010114.MP4_snapshot_07.27.654_crop01_16.jpg,GX010114.MP4_snapshot_07.27.654.jpg,train,NO_UTURN,16,1594,1030,79,80
processed\train\KEEP_RIGHT\GX010114.MP4_snapshot_07.42.127_crop00_10.jpg,C:\Users\ASUS G 16 JVR\Desktop\deepLearning_CNN\dataset\processed\train\KEEP_RIGHT\GX010114.MP4_snapshot_07.42.127_crop00_10.jpg,GX010114.MP4_snapshot_07.42.127_crop00_10.jpg,GX010114.MP4_snapshot_07.42.127.jpg,train,KEEP_RIGHT,10,731,871,311,311
processed\train\NO_UTURN\GX010114.MP4_snapshot_07.47.779_crop00_16.jpg,C:\Users\ASUS G 16 JVR\Desktop\deepLearning_CNN\dataset\processed\train\NO_UTURN\GX010114.MP4_snapshot_07.47.779_crop00_16.jpg,GX010114.MP4_snapshot_07.47.779_crop00_16.jpg,GX010114.MP4_snapshot_07.47.779.jpg,train,NO_UTURN,16,344,757,390,395
processed\train\KEEP_RIGHT\GX010114.MP4_snapshot_07.47.779_crop01_10.jpg,C:\Users\ASUS G 16 JVR\Desktop\deepLearning_CNN\dataset\processed\train\KEEP_RIGHT\GX010114.MP4_snapshot_07.47.779_crop01_10.jpg,GX010114.MP4_snapshot_07.47.779_crop01_10.jpg,GX010114.MP4_snapshot_07.47.779.jpg,train,KEEP_RIGHT,10,1570,1001,92,89
processed\train\NO_UTURN\GX010114.MP4_snapshot_07.50.980_crop00_16.jpg,C:\Users\ASUS G 16 JVR\Desktop\deepLearning_CNN\dataset\processed\train\NO_UTURN\GX010114.MP4_snapshot_07.50.980_crop00_16.jpg,GX010114.MP4_snapshot_07.50.980_crop00_16.jpg,GX010114.MP4_snapshot_07.50.980.jpg,train,NO_UTURN,16,1418,977,133,133
processed\train\KEEP_RIGHT\GX010114.MP4_snapshot_07.50.980_crop01_10.jpg,C:\Users\ASUS G 16 JVR\Desktop\deepLearning_CNN\dataset\processed\train\KEEP_RIGHT\GX010114.MP4_snapshot_07.50.980_crop01_10.jpg,GX010114.MP4_snapshot_07.50.980_crop01_10.jpg,GX010114.MP4_snapshot_07.50.980.jpg,train,KEEP_RIGHT,10,1710,1037,50,55
processed\train\NO_UTURN\GX010114.MP4_snapshot_07.56.366_crop00_16.jpg,C:\Users\ASUS G 16 JVR\Desktop\deepLearning_CNN\dataset\processed\train\NO_UTURN\GX010114.MP4_snapshot_07.56.366_crop00_16.jpg,GX010114.MP4_snapshot_07.56.366_crop00_16.jpg,GX010114.MP4_snapshot_07.56.366.jpg,train,NO_UTURN,16,901,923,268,262
processed\train\PEDESTRAIN_CR_AREA\GX010114.MP4_snapshot_08.24.394_crop00_18.jpg,C:\Users\ASUS G 16 JVR\Desktop\deepLearning_CNN\dataset\processed\train\PEDESTRAIN_CR_AREA\GX010114.MP4_snapshot_08.24.394_crop00_18.jpg,GX010114.MP4_snapshot_08.24.394_crop00_18.jpg,GX010114.MP4_snapshot_08.24.394.jpg,train,PEDESTRAIN_CR_AREA,18,3299,885,135,127
processed\train\PEDESTRAIN_CR_AREA\GX010114.MP4_snapshot_08.34.128_crop00_18.jpg,C:\Users\ASUS G 16 JVR\Desktop\deepLearning_CNN\dataset\processed\train\PEDESTRAIN_CR_AREA\GX010114.MP4_snapshot_08.34.128_crop00_18.jpg,GX010114.MP4_snapshot_08.34.128_crop00_18.jpg,GX010114.MP4_snapshot_08.34.128.jpg,train,PEDESTRAIN_CR_AREA,18,3171,914,95,87
processed\train\SLOW_DOWN\GX010114.MP4_snapshot_08.43.263_crop00_23.jpg,C:\Users\ASUS G 16 JVR\Desktop\deepLearning_CNN\dataset\processed\train\SLOW_DOWN\GX010114.MP4_snapshot_08.43.263_crop00_23.jpg,GX010114.MP4_snapshot_08.43.263_crop00_23.jpg,GX010114.MP4_snapshot_08.43.263.jpg,train,SLOW_DOWN,23,3223,833,138,127
processed\train\STAGGERED_JUNCTION_RL\GX010114.MP4_snapshot_08.51.161_crop00_24.jpg,C:\Users\ASUS G 16 JVR\Desktop\deepLearning_CNN\dataset\processed\train\STAGGERED_JUNCTION_RL\GX010114.MP4_snapshot_08.51.161_crop00_24.jpg,GX010114.MP4_snapshot_08.51.161_crop00_24.jpg,GX010114.MP4_snapshot_08.51.161.jpg,train,STAGGERED_JUNCTION_RL,24,3161,828,165,152
processed\train\PEDESTRAIN_CR_AREA\GX010114.MP4_snapshot_08.54.084_crop00_18.jpg,C:\Users\ASUS G 16 JVR\Desktop\deepLearning_CNN\dataset\processed\train\PEDESTRAIN_CR_AREA\GX010114.MP4_snapshot_08.54.084_crop00_18.jpg,GX010114.MP4_snapshot_08.54.084_crop00_18.jpg,GX010114.MP4_snapshot_08.54.084.jpg,train,PEDESTRAIN_CR_AREA,18,3253,920,119,108
processed\train\PEDESTRAIN_CR_AREA\GX010114.MP4_snapshot_09.10.216_crop00_18.jpg,C:\Users\ASUS G 16 JVR\Desktop\deepLearning_CNN\dataset\processed\train\PEDESTRAIN_CR_AREA\GX010114.MP4_snapshot_09.10.216_crop00_18.jpg,GX010114.MP4_snapshot_09.10.216_crop00_18.jpg,GX010114.MP4_snapshot_09.10.216.jpg,train,PEDESTRAIN_CR_AREA,18,3375,869,157,133
processed\train\END_SPEED_LIMIT\GX010114.MP4_snapshot_09.19.375_crop00_08.jpg,C:\Users\ASUS G 16 JVR\Desktop\deepLearning_CNN\dataset\processed\train\END_SPEED_LIMIT\GX010114.MP4_snapshot_09.19.375_crop00_08.jpg,GX010114.MP4_snapshot_09.19.375_crop00_08.jpg,GX010114.MP4_snapshot_09.19.375.jpg,train,END_SPEED_LIMIT,8,3377,842,165,143
processed\train\ROAD_JUNCTION_ON_THE_RIGHT\GX010114.MP4_snapshot_09.22.869_crop00_22.jpg,C:\Users\ASUS G 16 JVR\Desktop\deepLearning_CNN\dataset\processed\train\ROAD_JUNCTION_ON_THE_RIGHT\GX010114.MP4_snapshot_09.22.869_crop00_22.jpg,GX010114.MP4_snapshot_09.22.869_crop00_22.jpg,GX010114.MP4_snapshot_09.22.869.jpg,train,ROAD_JUNCTION_ON_THE_RIGHT,22,3614,787,203,173
processed\train\KM_POST\GX010114.MP4_snapshot_09.22.869_crop01_11.jpg,C:\Users\ASUS G 16 JVR\Desktop\deepLearning_CNN\dataset\processed\train\KM_POST\GX010114.MP4_snapshot_09.22.869_crop01_11.jpg,GX010114.MP4_snapshot_09.22.869_crop01_11.jpg,GX010114.MP4_snapshot_09.22.869.jpg,train,KM_POST,11,2868,1090,56,80
processed\train\DIRECTION\GX010114.MP4_snapshot_09.25.761_crop00_07.jpg,C:\Users\ASUS G 16 JVR\Desktop\deepLearning_CNN\dataset\processed\train\DIRECTION\GX010114.MP4_snapshot_09.25.761_crop00_07.jpg,GX010114.MP4_snapshot_09.25.761_crop00_07.jpg,GX010114.MP4_snapshot_09.25.761.jpg,train,DIRECTION,7,2214,709,231,156
processed\train\DIRECTION\GX010114.MP4_snapshot_09.26.789_crop00_07.jpg,C:\Users\ASUS G 16 JVR\Desktop\deepLearning_CNN\dataset\processed\train\DIRECTION\GX010114.MP4_snapshot_09.26.789_crop00_07.jpg,GX010114.MP4_snapshot_09.26.789_crop00_07.jpg,GX010114.MP4_snapshot_09.26.789.jpg,train,DIRECTION,7,2509,332,459,314
processed\train\PEDESTRAIN_CROSSING\GX010114.MP4_snapshot_09.33.694_crop00_17.jpg,C:\Users\ASUS G 16 JVR\Desktop\deepLearning_CNN\dataset\processed\train\PEDESTRAIN_CROSSING\GX010114.MP4_snapshot_09.33.694_crop00_17.jpg,GX010114.MP4_snapshot_09.33.694_crop00_17.jpg,GX010114.MP4_snapshot_09.33.694.jpg,train,PEDESTRAIN_CROSSING,17,3261,828,162,149
processed\train\PEDESTRAIN_CR_AREA\GX010114.MP4_snapshot_09.39.515_crop00_18.jpg,C:\Users\ASUS G 16 JVR\Desktop\deepLearning_CNN\dataset\processed\train\PEDESTRAIN_CR_AREA\GX010114.MP4_snapshot_09.39.515_crop00_18.jpg,GX010114.MP4_snapshot_09.39.515_crop00_18.jpg,GX010114.MP4_snapshot_09.39.515.jpg,train,PEDESTRAIN_CR_AREA,18,3017,953,92,81
processed\train\PEDESTRAIN_CR_AREA\GX010114.MP4_snapshot_09.47.499_crop00_18.jpg,C:\Users\ASUS G 16 JVR\Desktop\deepLearning_CNN\dataset\processed\train\PEDESTRAIN_CR_AREA\GX010114.MP4_snapshot_09.47.499_crop00_18.jpg,GX010114.MP4_snapshot_09.47.499_crop00_18.jpg,GX010114.MP4_snapshot_09.47.499.jpg,train,PEDESTRAIN_CR_AREA,18,3364,915,103,103
processed\train\PEDESTRAIN_CROSSING\GX010114.MP4_snapshot_10.09.314_crop00_17.jpg,C:\Users\ASUS G 16 JVR\Desktop\deepLearning_CNN\dataset\processed\train\PEDESTRAIN_CROSSING\GX010114.MP4_snapshot_10.09.314_crop00_17.jpg,GX010114.MP4_snapshot_10.09.314_crop00_17.jpg,GX010114.MP4_snapshot_10.09.314.jpg,train,PEDESTRAIN_CROSSING,17,3206,874,165,160
processed\train\PEDESTRAIN_CR_AREA\GX010114.MP4_snapshot_10.13.214_crop00_18.jpg,C:\Users\ASUS G 16 JVR\Desktop\deepLearning_CNN\dataset\processed\train\PEDESTRAIN_CR_AREA\GX010114.MP4_snapshot_10.13.214_crop00_18.jpg,GX010114.MP4_snapshot_10.13.214_crop00_18.jpg,GX010114.MP4_snapshot_10.13.214.jpg,train,PEDESTRAIN_CR_AREA,18,3312,882,141,124
processed\train\SLOW_DOWN\GX010114.MP4_snapshot_10.15.987_crop00_23.jpg,C:\Users\ASUS G 16 JVR\Desktop\deepLearning_CNN\dataset\processed\train\SLOW_DOWN\GX010114.MP4_snapshot_10.15.987_crop00_23.jpg,GX010114.MP4_snapshot_10.15.987_crop00_23.jpg,GX010114.MP4_snapshot_10.15.987.jpg,train,SLOW_DOWN,23,3182,904,130,124
processed\train\PEDESTRAIN_CROSSING\GX010114.MP4_snapshot_10.15.987_crop01_17.jpg,C:\Users\ASUS G 16 JVR\Desktop\deepLearning_CNN\dataset\processed\train\PEDESTRAIN_CROSSING\GX010114.MP4_snapshot_10.15.987_crop01_17.jpg,GX010114.MP4_snapshot_10.15.987_crop01_17.jpg,GX010114.MP4_snapshot_10.15.987.jpg,train,PEDESTRAIN_CROSSING,17,3166,760,154,143
processed\train\PEDESTRAIN_CR_AREA\GX010114.MP4_snapshot_10.21.831_crop00_18.jpg,C:\Users\ASUS G 16 JVR\Desktop\deepLearning_CNN\dataset\processed\train\PEDESTRAIN_CR_AREA\GX010114.MP4_snapshot_10.21.831_crop00_18.jpg,GX010114.MP4_snapshot_10.21.831_crop00_18.jpg,GX010114.MP4_snapshot_10.21.831.jpg,train,PEDESTRAIN_CR_AREA,18,3150,858,122,122
processed\train\DIRECTION\GX010114.MP4_snapshot_10.24.908_crop00_07.jpg,C:\Users\ASUS G 16 JVR\Desktop\deepLearning_CNN\dataset\processed\train\DIRECTION\GX010114.MP4_snapshot_10.24.908_crop00_07.jpg,GX010114.MP4_snapshot_10.24.908_crop00_07.jpg,GX010114.MP4_snapshot_10.24.908.jpg,train,DIRECTION,7,2224,596,301,210
processed\train\CHILDREN_CROSSING\GX010114.MP4_snapshot_10.29.391_crop00_05.jpg,C:\Users\ASUS G 16 JVR\Desktop\deepLearning_CNN\dataset\processed\train\CHILDREN_CROSSING\GX010114.MP4_snapshot_10.29.391_crop00_05.jpg,GX010114.MP4_snapshot_10.29.391_crop00_05.jpg,GX010114.MP4_snapshot_10.29.391.jpg,train,CHILDREN_CROSSING,5,3084,706,180,166
processed\train\40_SPEED_LIMIT\GX010114.MP4_snapshot_10.29.391_crop01_01.jpg,C:\Users\ASUS G 16 JVR\Desktop\deepLearning_CNN\dataset\processed\train\40_SPEED_LIMIT\GX010114.MP4_snapshot_10.29.391_crop01_01.jpg,GX010114.MP4_snapshot_10.29.391_crop01_01.jpg,GX010114.MP4_snapshot_10.29.391.jpg,train,40_SPEED_LIMIT,1,3096,863,158,138
processed\train\PEDESTRAIN_CR_AREA\GX010114.MP4_snapshot_10.42.100_crop00_18.jpg,C:\Users\ASUS G 16 JVR\Desktop\deepLearning_CNN\dataset\processed\train\PEDESTRAIN_CR_AREA\GX010114.MP4_snapshot_10.42.100_crop00_18.jpg,GX010114.MP4_snapshot_10.42.100_crop00_18.jpg,GX010114.MP4_snapshot_10.42.100.jpg,train,PEDESTRAIN_CR_AREA,18,3293,907,122,116
processed\train\PEDESTRAIN_CR_AREA\GX010114.MP4_snapshot_10.44.603_crop00_18.jpg,C:\Users\ASUS G 16 JVR\Desktop\deepLearning_CNN\dataset\processed\train\PEDESTRAIN_CR_AREA\GX010114.MP4_snapshot_10.44.603_crop00_18.jpg,GX010114.MP4_snapshot_10.44.603_crop00_18.jpg,GX010114.MP4_snapshot_10.44.603.jpg,train,PEDESTRAIN_CR_AREA,18,3207,920,114,111
processed\train\DIRECTION\GX010114.MP4_snapshot_10.54.860_crop00_07.jpg,C:\Users\ASUS G 16 JVR\Desktop\deepLearning_CNN\dataset\processed\train\DIRECTION\GX010114.MP4_snapshot_10.54.860_crop00_07.jpg,GX010114.MP4_snapshot_10.54.860_crop00_07.jpg,GX010114.MP4_snapshot_10.54.860.jpg,train,DIRECTION,7,2350,467,362,254
processed\train\END_SPEED_LIMIT\GX010114.MP4_snapshot_11.03.763_crop00_08.jpg,C:\Users\ASUS G 16 JVR\Desktop\deepLearning_CNN\dataset\processed\train\END_SPEED_LIMIT\GX010114.MP4_snapshot_11.03.763_crop00_08.jpg,GX010114.MP4_snapshot_11.03.763_crop00_08.jpg,GX010114.MP4_snapshot_11.03.763.jpg,train,END_SPEED_LIMIT,8,3214,839,160,146
processed\train\ROAD_JUNCTION_ON_THE_LEFT\GX010114.MP4_snapshot_11.10.498_crop00_21.jpg,C:\Users\ASUS G 16 JVR\Desktop\deepLearning_CNN\dataset\processed\train\ROAD_JUNCTION_ON_THE_LEFT\GX010114.MP4_snapshot_11.10.498_crop00_21.jpg,GX010114.MP4_snapshot_11.10.498_crop00_21.jpg,GX010114.MP4_snapshot_11.10.498.jpg,train,ROAD_JUNCTION_ON_THE_LEFT,21,2976,790,214,200
processed\train\KM_POST\GX010114.MP4_snapshot_11.10.498_crop01_11.jpg,C:\Users\ASUS G 16 JVR\Desktop\deepLearning_CNN\dataset\processed\train\KM_POST\GX010114.MP4_snapshot_11.10.498_crop01_11.jpg,GX010114.MP4_snapshot_11.10.498_crop01_11.jpg,GX010114.MP4_snapshot_11.10.498.jpg,train,KM_POST,11,3171,1166,82,161
processed\train\40_SPEED_LIMIT\GX010114.MP4_snapshot_11.17.944_crop00_01.jpg,C:\Users\ASUS G 16 JVR\Desktop\deepLearning_CNN\dataset\processed\train\40_SPEED_LIMIT\GX010114.MP4_snapshot_11.17.944_crop00_01.jpg,GX010114.MP4_snapshot_11.17.944_crop00_01.jpg,GX010114.MP4_snapshot_11.17.944.jpg,train,40_SPEED_LIMIT,1,3237,860,165,157
processed\train\DIRECTION\GX010114.MP4_snapshot_11.25.219_crop00_07.jpg,C:\Users\ASUS G 16 JVR\Desktop\deepLearning_CNN\dataset\processed\train\DIRECTION\GX010114.MP4_snapshot_11.25.219_crop00_07.jpg,GX010114.MP4_snapshot_11.25.219_crop00_07.jpg,GX010114.MP4_snapshot_11.25.219.jpg,train,DIRECTION,7,2440,682,244,154
processed\train\40_SPEED_LIMIT\GX010114.MP4_snapshot_11.52.624_crop00_01.jpg,C:\Users\ASUS G 16 JVR\Desktop\deepLearning_CNN\dataset\processed\train\40_SPEED_LIMIT\GX010114.MP4_snapshot_11.52.624_crop00_01.jpg,GX010114.MP4_snapshot_11.52.624_crop00_01.jpg,GX010114.MP4_snapshot_11.52.624.jpg,train,40_SPEED_LIMIT,1,2995,854,144,147
processed\train\CARRIAGE_WAY_NARROWS\GX010114.MP4_snapshot_13.06.903_crop00_04.jpg,C:\Users\ASUS G 16 JVR\Desktop\deepLearning_CNN\dataset\processed\train\CARRIAGE_WAY_NARROWS\GX010114.MP4_snapshot_13.06.903_crop00_04.jpg,GX010114.MP4_snapshot_13.06.903_crop00_04.jpg,GX010114.MP4_snapshot_13.06.903.jpg,train,CARRIAGE_WAY_NARROWS,4,3347,817,208,189
processed\train\PEDESTRAIN_CROSSING\GX010114.MP4_snapshot_16.40.726_crop00_17.jpg,C:\Users\ASUS G 16 JVR\Desktop\deepLearning_CNN\dataset\processed\train\PEDESTRAIN_CROSSING\GX010114.MP4_snapshot_16.40.726_crop00_17.jpg,GX010114.MP4_snapshot_16.40.726_crop00_17.jpg,GX010114.MP4_snapshot_16.40.726.jpg,train,PEDESTRAIN_CROSSING,17,3009,771,143,130
processed\train\PEDESTRAIN_CR_AREA\GX010114.MP4_snapshot_16.46.956_crop00_18.jpg,C:\Users\ASUS G 16 JVR\Desktop\deepLearning_CNN\dataset\processed\train\PEDESTRAIN_CR_AREA\GX010114.MP4_snapshot_16.46.956_crop00_18.jpg,GX010114.MP4_snapshot_16.46.956_crop00_18.jpg,GX010114.MP4_snapshot_16.46.956.jpg,train,PEDESTRAIN_CR_AREA,18,3166,831,124,116
processed\train\PEDESTRAIN_CR_AREA\GX010114.MP4_snapshot_17.06.147_crop00_18.jpg,C:\Users\ASUS G 16 JVR\Desktop\deepLearning_CNN\dataset\processed\train\PEDESTRAIN_CR_AREA\GX010114.MP4_snapshot_17.06.147_crop00_18.jpg,GX010114.MP4_snapshot_17.06.147_crop00_18.jpg,GX010114.MP4_snapshot_17.06.147.jpg,train,PEDESTRAIN_CR_AREA,18,3253,804,130,124
processed\train\PEDESTRAIN_CROSSING\GX010114.MP4_snapshot_17.25.734_crop00_17.jpg,C:\Users\ASUS G 16 JVR\Desktop\deepLearning_CNN\dataset\processed\train\PEDESTRAIN_CROSSING\GX010114.MP4_snapshot_17.25.734_crop00_17.jpg,GX010114.MP4_snapshot_17.25.734_crop00_17.jpg,GX010114.MP4_snapshot_17.25.734.jpg,train,PEDESTRAIN_CROSSING,17,3636,817,160,157
processed\train\PEDESTRAIN_CR_AREA\GX010114.MP4_snapshot_17.32.061_crop00_18.jpg,C:\Users\ASUS G 16 JVR\Desktop\deepLearning_CNN\dataset\processed\train\PEDESTRAIN_CR_AREA\GX010114.MP4_snapshot_17.32.061_crop00_18.jpg,GX010114.MP4_snapshot_17.32.061_crop00_18.jpg,GX010114.MP4_snapshot_17.32.061.jpg,train,PEDESTRAIN_CR_AREA,18,3137,898,92,89
processed\train\PEDESTRAIN_CR_AREA\GX010114.MP4_snapshot_17.42.556_crop00_18.jpg,C:\Users\ASUS G 16 JVR\Desktop\deepLearning_CNN\dataset\processed\train\PEDESTRAIN_CR_AREA\GX010114.MP4_snapshot_17.42.556_crop00_18.jpg,GX010114.MP4_snapshot_17.42.556_crop00_18.jpg,GX010114.MP4_snapshot_17.42.556.jpg,train,PEDESTRAIN_CR_AREA,18,3588,938,108,93
processed\train\PEDESTRAIN_CROSSING\GX010114.MP4_snapshot_18.09.735_crop00_17.jpg,C:\Users\ASUS G 16 JVR\Desktop\deepLearning_CNN\dataset\processed\train\PEDESTRAIN_CROSSING\GX010114.MP4_snapshot_18.09.735_crop00_17.jpg,GX010114.MP4_snapshot_18.09.735_crop00_17.jpg,GX010114.MP4_snapshot_18.09.735.jpg,train,PEDESTRAIN_CROSSING,17,3153,869,108,92
processed\train\ROAD_JUNCTION_ON_THE_LEFT\GX010114.MP4_snapshot_18.09.735_crop01_21.jpg,C:\Users\ASUS G 16 JVR\Desktop\deepLearning_CNN\dataset\processed\train\ROAD_JUNCTION_ON_THE_LEFT\GX010114.MP4_snapshot_18.09.735_crop01_21.jpg,GX010114.MP4_snapshot_18.09.735_crop01_21.jpg,GX010114.MP4_snapshot_18.09.735.jpg,train,ROAD_JUNCTION_ON_THE_LEFT,21,3161,952,95,89
processed\train\PEDESTRAIN_CROSSING\GX010114.MP4_snapshot_18.38.708_crop00_17.jpg,C:\Users\ASUS G 16 JVR\Desktop\deepLearning_CNN\dataset\processed\train\PEDESTRAIN_CROSSING\GX010114.MP4_snapshot_18.38.708_crop00_17.jpg,GX010114.MP4_snapshot_18.38.708_crop00_17.jpg,GX010114.MP4_snapshot_18.38.708.jpg,train,PEDESTRAIN_CROSSING,17,3472,901,152,138
processed\train\PEDESTRAIN_CROSSING\GX010114.MP4_snapshot_18.46.033_crop00_17.jpg,C:\Users\ASUS G 16 JVR\Desktop\deepLearning_CNN\dataset\processed\train\PEDESTRAIN_CROSSING\GX010114.MP4_snapshot_18.46.033_crop00_17.jpg,GX010114.MP4_snapshot_18.46.033_crop00_17.jpg,GX010114.MP4_snapshot_18.46.033.jpg,train,PEDESTRAIN_CROSSING,17,3304,966,122,111
processed\train\PRIORITY_ROAD\GX010114.MP4_snapshot_18.59.181_crop00_19.jpg,C:\Users\ASUS G 16 JVR\Desktop\deepLearning_CNN\dataset\processed\train\PRIORITY_ROAD\GX010114.MP4_snapshot_18.59.181_crop00_19.jpg,GX010114.MP4_snapshot_18.59.181_crop00_19.jpg,GX010114.MP4_snapshot_18.59.181.jpg,train,PRIORITY_ROAD,19,3426,925,106,95
processed\train\PEDESTRAIN_CR_AREA\GX010114.MP4_snapshot_19.51.905_crop00_18.jpg,C:\Users\ASUS G 16 JVR\Desktop\deepLearning_CNN\dataset\processed\train\PEDESTRAIN_CR_AREA\GX010114.MP4_snapshot_19.51.905_crop00_18.jpg,GX010114.MP4_snapshot_19.51.905_crop00_18.jpg,GX010114.MP4_snapshot_19.51.905.jpg,train,PEDESTRAIN_CR_AREA,18,3485,969,78,70
processed\train\PEDESTRAIN_CR_AREA\GX010114.MP4_snapshot_19.58.038_crop00_18.jpg,C:\Users\ASUS G 16 JVR\Desktop\deepLearning_CNN\dataset\processed\train\PEDESTRAIN_CR_AREA\GX010114.MP4_snapshot_19.58.038_crop00_18.jpg,GX010114.MP4_snapshot_19.58.038_crop00_18.jpg,GX010114.MP4_snapshot_19.58.038.jpg,train,PEDESTRAIN_CR_AREA,18,3087,958,78,76
processed\train\PEDESTRAIN_CROSSING\GX010114.MP4_snapshot_20.25.508_crop00_17.jpg,C:\Users\ASUS G 16 JVR\Desktop\deepLearning_CNN\dataset\processed\train\PEDESTRAIN_CROSSING\GX010114.MP4_snapshot_20.25.508_crop00_17.jpg,GX010114.MP4_snapshot_20.25.508_crop00_17.jpg,GX010114.MP4_snapshot_20.25.508.jpg,train,PEDESTRAIN_CROSSING,17,3080,950,103,95
processed\train\SLOW_DOWN\GX010114.MP4_snapshot_20.54.267_crop00_23.jpg,C:\Users\ASUS G 16 JVR\Desktop\deepLearning_CNN\dataset\processed\train\SLOW_DOWN\GX010114.MP4_snapshot_20.54.267_crop00_23.jpg,GX010114.MP4_snapshot_20.54.267_crop00_23.jpg,GX010114.MP4_snapshot_20.54.267.jpg,train,SLOW_DOWN,23,3423,915,97,97
processed\train\PEDESTRAIN_CROSSING\GX010114.MP4_snapshot_21.11.996_crop00_17.jpg,C:\Users\ASUS G 16 JVR\Desktop\deepLearning_CNN\dataset\processed\train\PEDESTRAIN_CROSSING\GX010114.MP4_snapshot_21.11.996_crop00_17.jpg,GX010114.MP4_snapshot_21.11.996_crop00_17.jpg,GX010114.MP4_snapshot_21.11.996.jpg,train,PEDESTRAIN_CROSSING,17,3015,853,124,124
processed\train\PEDESTRAIN_CR_AREA\GX010114.MP4_snapshot_21.23.372_crop00_18.jpg,C:\Users\ASUS G 16 JVR\Desktop\deepLearning_CNN\dataset\processed\train\PEDESTRAIN_CR_AREA\GX010114.MP4_snapshot_21.23.372_crop00_18.jpg,GX010114.MP4_snapshot_21.23.372_crop00_18.jpg,GX010114.MP4_snapshot_21.23.372.jpg,train,PEDESTRAIN_CR_AREA,18,3082,939,81,76
processed\train\PEDESTRAIN_CROSSING\GX010114.MP4_snapshot_21.37.314_crop00_17.jpg,C:\Users\ASUS G 16 JVR\Desktop\deepLearning_CNN\dataset\processed\train\PEDESTRAIN_CROSSING\GX010114.MP4_snapshot_21.37.314_crop00_17.jpg,GX010114.MP4_snapshot_21.37.314_crop00_17.jpg,GX010114.MP4_snapshot_21.37.314.jpg,train,PEDESTRAIN_CROSSING,17,3296,845,143,135
processed\train\SLOW_DOWN\GX010114.MP4_snapshot_21.44.739_crop00_23.jpg,C:\Users\ASUS G 16 JVR\Desktop\deepLearning_CNN\dataset\processed\train\SLOW_DOWN\GX010114.MP4_snapshot_21.44.739_crop00_23.jpg,GX010114.MP4_snapshot_21.44.739_crop00_23.jpg,GX010114.MP4_snapshot_21.44.739.jpg,train,SLOW_DOWN,23,3548,831,149,127
processed\train\DIRECTION\GX010114.MP4_snapshot_21.44.739_crop01_07.jpg,C:\Users\ASUS G 16 JVR\Desktop\deepLearning_CNN\dataset\processed\train\DIRECTION\GX010114.MP4_snapshot_21.44.739_crop01_07.jpg,GX010114.MP4_snapshot_21.44.739_crop01_07.jpg,GX010114.MP4_snapshot_21.44.739.jpg,train,DIRECTION,7,2510,692,217,150
processed\train\DIRECTION\GX010114.MP4_snapshot_21.46.428_crop00_07.jpg,C:\Users\ASUS G 16 JVR\Desktop\deepLearning_CNN\dataset\processed\train\DIRECTION\GX010114.MP4_snapshot_21.46.428_crop00_07.jpg,GX010114.MP4_snapshot_21.46.428_crop00_07.jpg,GX010114.MP4_snapshot_21.46.428.jpg,train,DIRECTION,7,3065,381,394,264
processed\train\NO_PARKING\GX010114.MP4_snapshot_21.46.428_crop01_15.jpg,C:\Users\ASUS G 16 JVR\Desktop\deepLearning_CNN\dataset\processed\train\NO_PARKING\GX010114.MP4_snapshot_21.46.428_crop01_15.jpg,GX010114.MP4_snapshot_21.46.428_crop01_15.jpg,GX010114.MP4_snapshot_21.46.428.jpg,train,NO_PARKING,15,2841,961,81,76
processed\train\NO_PARKING\GX010114.MP4_snapshot_21.47.556_crop00_15.jpg,C:\Users\ASUS G 16 JVR\Desktop\deepLearning_CNN\dataset\processed\train\NO_PARKING\GX010114.MP4_snapshot_21.47.556_crop00_15.jpg,GX010114.MP4_snapshot_21.47.556_crop00_15.jpg,GX010114.MP4_snapshot_21.47.556.jpg,train,NO_PARKING,15,3448,879,143,127
processed\train\PEDESTRAIN_CR_AREA\GX010114.MP4_snapshot_22.21.526_crop00_18.jpg,C:\Users\ASUS G 16 JVR\Desktop\deepLearning_CNN\dataset\processed\train\PEDESTRAIN_CR_AREA\GX010114.MP4_snapshot_22.21.526_crop00_18.jpg,GX010114.MP4_snapshot_22.21.526_crop00_18.jpg,GX010114.MP4_snapshot_22.21.526.jpg,train,PEDESTRAIN_CR_AREA,18,3412,798,141,143
processed\train\PEDESTRAIN_CR_AREA\GX010114.MP4_snapshot_23.00.214_crop00_18.jpg,C:\Users\ASUS G 16 JVR\Desktop\deepLearning_CNN\dataset\processed\train\PEDESTRAIN_CR_AREA\GX010114.MP4_snapshot_23.00.214_crop00_18.jpg,GX010114.MP4_snapshot_23.00.214_crop00_18.jpg,GX010114.MP4_snapshot_23.00.214.jpg,train,PEDESTRAIN_CR_AREA,18,3537,877,122,114
processed\train\CHILDREN_CROSSING\GX010114.MP4_snapshot_23.23.254_crop00_05.jpg,C:\Users\ASUS G 16 JVR\Desktop\deepLearning_CNN\dataset\processed\train\CHILDREN_CROSSING\GX010114.MP4_snapshot_23.23.254_crop00_05.jpg,GX010114.MP4_snapshot_23.23.254_crop00_05.jpg,GX010114.MP4_snapshot_23.23.254.jpg,train,CHILDREN_CROSSING,5,3331,874,122,116
processed\train\PEDESTRAIN_CROSSING\GX010114.MP4_snapshot_23.29.255_crop00_17.jpg,C:\Users\ASUS G 16 JVR\Desktop\deepLearning_CNN\dataset\processed\train\PEDESTRAIN_CROSSING\GX010114.MP4_snapshot_23.29.255_crop00_17.jpg,GX010114.MP4_snapshot_23.29.255_crop00_17.jpg,GX010114.MP4_snapshot_23.29.255.jpg,train,PEDESTRAIN_CROSSING,17,3186,798,127,116
processed\train\PEDESTRAIN_CR_AREA\GX010114.MP4_snapshot_23.29.255_crop01_18.jpg,C:\Users\ASUS G 16 JVR\Desktop\deepLearning_CNN\dataset\processed\train\PEDESTRAIN_CR_AREA\GX010114.MP4_snapshot_23.29.255_crop01_18.jpg,GX010114.MP4_snapshot_23.29.255_crop01_18.jpg,GX010114.MP4_snapshot_23.29.255.jpg,train,PEDESTRAIN_CR_AREA,18,3199,909,87,81
processed\train\HOSPITAL\GX010114.MP4_snapshot_23.38.001_crop00_09.jpg,C:\Users\ASUS G 16 JVR\Desktop\deepLearning_CNN\dataset\processed\train\HOSPITAL\GX010114.MP4_snapshot_23.38.001_crop00_09.jpg,GX010114.MP4_snapshot_23.38.001_crop00_09.jpg,GX010114.MP4_snapshot_23.38.001.jpg,train,HOSPITAL,9,2888,957,97,91
processed\train\PEDESTRAIN_CR_AREA\GX010114.MP4_snapshot_23.38.001_crop01_18.jpg,C:\Users\ASUS G 16 JVR\Desktop\deepLearning_CNN\dataset\processed\train\PEDESTRAIN_CR_AREA\GX010114.MP4_snapshot_23.38.001_crop01_18.jpg,GX010114.MP4_snapshot_23.38.001_crop01_18.jpg,GX010114.MP4_snapshot_23.38.001.jpg,train,PEDESTRAIN_CR_AREA,18,2891,871,91,97
processed\train\PEDESTRAIN_CR_AREA\GX010114.MP4_snapshot_23.45.966_crop00_18.jpg,C:\Users\ASUS G 16 JVR\Desktop\deepLearning_CNN\dataset\processed\train\PEDESTRAIN_CR_AREA\GX010114.MP4_snapshot_23.45.966_crop00_18.jpg,GX010114.MP4_snapshot_23.45.966_crop00_18.jpg,GX010114.MP4_snapshot_23.45.966.jpg,train,PEDESTRAIN_CR_AREA,18,2655,936,76,78
processed\train\PEDESTRAIN_CROSSING\GX010114.MP4_snapshot_23.47.752_crop00_17.jpg,C:\Users\ASUS G 16 JVR\Desktop\deepLearning_CNN\dataset\processed\train\PEDESTRAIN_CROSSING\GX010114.MP4_snapshot_23.47.752_crop00_17.jpg,GX010114.MP4_snapshot_23.47.752_crop00_17.jpg,GX010114.MP4_snapshot_23.47.752.jpg,train,PEDESTRAIN_CROSSING,17,2950,910,141,130
processed\train\PEDESTRAIN_CR_AREA\GX010114.MP4_snapshot_23.52.830_crop00_18.jpg,C:\Users\ASUS G 16 JVR\Desktop\deepLearning_CNN\dataset\processed\train\PEDESTRAIN_CR_AREA\GX010114.MP4_snapshot_23.52.830_crop00_18.jpg,GX010114.MP4_snapshot_23.52.830_crop00_18.jpg,GX010114.MP4_snapshot_23.52.830.jpg,train,PEDESTRAIN_CR_AREA,18,3177,879,119,119
processed\train\ROAD_JUNCTION_ON_THE_RIGHT\GX010114.MP4_snapshot_24.00.991_crop00_22.jpg,C:\Users\ASUS G 16 JVR\Desktop\deepLearning_CNN\dataset\processed\train\ROAD_JUNCTION_ON_THE_RIGHT\GX010114.MP4_snapshot_24.00.991_crop00_22.jpg,GX010114.MP4_snapshot_24.00.991_crop00_22.jpg,GX010114.MP4_snapshot_24.00.991.jpg,train,ROAD_JUNCTION_ON_THE_RIGHT,22,3177,958,152,138
processed\train\ROAD_JUNCTION_ON_THE_RIGHT\GX010114.MP4_snapshot_24.13.677_crop00_22.jpg,C:\Users\ASUS G 16 JVR\Desktop\deepLearning_CNN\dataset\processed\train\ROAD_JUNCTION_ON_THE_RIGHT\GX010114.MP4_snapshot_24.13.677_crop00_22.jpg,GX010114.MP4_snapshot_24.13.677_crop00_22.jpg,GX010114.MP4_snapshot_24.13.677.jpg,train,ROAD_JUNCTION_ON_THE_RIGHT,22,3450,864,149,124
processed\train\PEDESTRAIN_CR_AREA\GX010114.MP4_snapshot_24.37.426_crop00_18.jpg,C:\Users\ASUS G 16 JVR\Desktop\deepLearning_CNN\dataset\processed\train\PEDESTRAIN_CR_AREA\GX010114.MP4_snapshot_24.37.426_crop00_18.jpg,GX010114.MP4_snapshot_24.37.426_crop00_18.jpg,GX010114.MP4_snapshot_24.37.426.jpg,train,PEDESTRAIN_CR_AREA,18,3718,971,97,81
processed\train\PEDESTRAIN_CR_AREA\GX010114.MP4_snapshot_24.47.237_crop00_18.jpg,C:\Users\ASUS G 16 JVR\Desktop\deepLearning_CNN\dataset\processed\train\PEDESTRAIN_CR_AREA\GX010114.MP4_snapshot_24.47.237_crop00_18.jpg,GX010114.MP4_snapshot_24.47.237_crop00_18.jpg,GX010114.MP4_snapshot_24.47.237.jpg,train,PEDESTRAIN_CR_AREA,18,3282,1015,76,68
processed\train\PEDESTRAIN_CROSSING\GX010114.MP4_snapshot_24.54.350_crop00_17.jpg,C:\Users\ASUS G 16 JVR\Desktop\deepLearning_CNN\dataset\processed\train\PEDESTRAIN_CROSSING\GX010114.MP4_snapshot_24.54.350_crop00_17.jpg,GX010114.MP4_snapshot_24.54.350_crop00_17.jpg,GX010114.MP4_snapshot_24.54.350.jpg,train,PEDESTRAIN_CROSSING,17,3206,972,106,95
processed\train\PEDESTRAIN_CR_AREA\GX010114.MP4_snapshot_25.09.909_crop00_18.jpg,C:\Users\ASUS G 16 JVR\Desktop\deepLearning_CNN\dataset\processed\train\PEDESTRAIN_CR_AREA\GX010114.MP4_snapshot_25.09.909_crop00_18.jpg,GX010114.MP4_snapshot_25.09.909_crop00_18.jpg,GX010114.MP4_snapshot_25.09.909.jpg,train,PEDESTRAIN_CR_AREA,18,3356,985,81,70
processed\train\PEDESTRAIN_CR_AREA\GX010114.MP4_snapshot_25.23.102_crop00_18.jpg,C:\Users\ASUS G 16 JVR\Desktop\deepLearning_CNN\dataset\processed\train\PEDESTRAIN_CR_AREA\GX010114.MP4_snapshot_25.23.102_crop00_18.jpg,GX010114.MP4_snapshot_25.23.102_crop00_18.jpg,GX010114.MP4_snapshot_25.23.102.jpg,train,PEDESTRAIN_CR_AREA,18,3342,920,103,87
processed\train\ROAD_JUNCTION_ON_THE_RIGHT\GX010114.MP4_snapshot_25.31.531_crop00_22.jpg,C:\Users\ASUS G 16 JVR\Desktop\deepLearning_CNN\dataset\processed\train\ROAD_JUNCTION_ON_THE_RIGHT\GX010114.MP4_snapshot_25.31.531_crop00_22.jpg,GX010114.MP4_snapshot_25.31.531_crop00_22.jpg,GX010114.MP4_snapshot_25.31.531.jpg,train,ROAD_JUNCTION_ON_THE_RIGHT,22,3390,731,138,127
processed\train\PEDESTRAIN_CROSSING\GX010114.MP4_snapshot_25.31.531_crop01_17.jpg,C:\Users\ASUS G 16 JVR\Desktop\deepLearning_CNN\dataset\processed\train\PEDESTRAIN_CROSSING\GX010114.MP4_snapshot_25.31.531_crop01_17.jpg,GX010114.MP4_snapshot_25.31.531_crop01_17.jpg,GX010114.MP4_snapshot_25.31.531.jpg,train,PEDESTRAIN_CROSSING,17,3390,844,143,135
processed\train\PEDESTRAIN_CR_AREA\GX010114.MP4_snapshot_25.37.983_crop00_18.jpg,C:\Users\ASUS G 16 JVR\Desktop\deepLearning_CNN\dataset\processed\train\PEDESTRAIN_CR_AREA\GX010114.MP4_snapshot_25.37.983_crop00_18.jpg,GX010114.MP4_snapshot_25.37.983_crop00_18.jpg,GX010114.MP4_snapshot_25.37.983.jpg,train,PEDESTRAIN_CR_AREA,18,3539,847,122,103
processed\train\PEDESTRAIN_CR_AREA\GX010114.MP4_snapshot_25.44.278_crop00_18.jpg,C:\Users\ASUS G 16 JVR\Desktop\deepLearning_CNN\dataset\processed\train\PEDESTRAIN_CR_AREA\GX010114.MP4_snapshot_25.44.278_crop00_18.jpg,GX010114.MP4_snapshot_25.44.278_crop00_18.jpg,GX010114.MP4_snapshot_25.44.278.jpg,train,PEDESTRAIN_CR_AREA,18,3415,904,100,87
processed\train\PEDESTRAIN_CR_AREA\GX010114.MP4_snapshot_26.02.816_crop00_18.jpg,C:\Users\ASUS G 16 JVR\Desktop\deepLearning_CNN\dataset\processed\train\PEDESTRAIN_CR_AREA\GX010114.MP4_snapshot_26.02.816_crop00_18.jpg,GX010114.MP4_snapshot_26.02.816_crop00_18.jpg,GX010114.MP4_snapshot_26.02.816.jpg,train,PEDESTRAIN_CR_AREA,18,3567,942,111,89
processed\train\PEDESTRAIN_CR_AREA\GX010114.MP4_snapshot_26.09.745_crop00_18.jpg,C:\Users\ASUS G 16 JVR\Desktop\deepLearning_CNN\dataset\processed\train\PEDESTRAIN_CR_AREA\GX010114.MP4_snapshot_26.09.745_crop00_18.jpg,GX010114.MP4_snapshot_26.09.745_crop00_18.jpg,GX010114.MP4_snapshot_26.09.745.jpg,train,PEDESTRAIN_CR_AREA,18,3356,866,119,114
processed\train\PEDESTRAIN_CROSSING\GX010114.MP4_snapshot_26.29.067_crop00_17.jpg,C:\Users\ASUS G 16 JVR\Desktop\deepLearning_CNN\dataset\processed\train\PEDESTRAIN_CROSSING\GX010114.MP4_snapshot_26.29.067_crop00_17.jpg,GX010114.MP4_snapshot_26.29.067_crop00_17.jpg,GX010114.MP4_snapshot_26.29.067.jpg,train,PEDESTRAIN_CROSSING,17,2885,904,141,130
processed\train\PEDESTRAIN_CROSSING\GX010114.MP4_snapshot_26.50.469_crop00_17.jpg,C:\Users\ASUS G 16 JVR\Desktop\deepLearning_CNN\dataset\processed\train\PEDESTRAIN_CROSSING\GX010114.MP4_snapshot_26.50.469_crop00_17.jpg,GX010114.MP4_snapshot_26.50.469_crop00_17.jpg,GX010114.MP4_snapshot_26.50.469.jpg,train,PEDESTRAIN_CROSSING,17,3027,844,162,152
processed\train\PEDESTRAIN_CR_AREA\GX010114.MP4_snapshot_26.59.496_crop00_18.jpg,C:\Users\ASUS G 16 JVR\Desktop\deepLearning_CNN\dataset\processed\train\PEDESTRAIN_CR_AREA\GX010114.MP4_snapshot_26.59.496_crop00_18.jpg,GX010114.MP4_snapshot_26.59.496_crop00_18.jpg,GX010114.MP4_snapshot_26.59.496.jpg,train,PEDESTRAIN_CR_AREA,18,3369,1034,76,70
processed\train\PEDESTRAIN_CR_AREA\GX010114.MP4_snapshot_27.08.252_crop00_18.jpg,C:\Users\ASUS G 16 JVR\Desktop\deepLearning_CNN\dataset\processed\train\PEDESTRAIN_CR_AREA\GX010114.MP4_snapshot_27.08.252_crop00_18.jpg,GX010114.MP4_snapshot_27.08.252_crop00_18.jpg,GX010114.MP4_snapshot_27.08.252.jpg,train,PEDESTRAIN_CR_AREA,18,3487,1023,96,82
processed\train\PEDESTRAIN_CR_AREA\GX010114.MP4_snapshot_28.04.824_crop00_18.jpg,C:\Users\ASUS G 16 JVR\Desktop\deepLearning_CNN\dataset\processed\train\PEDESTRAIN_CR_AREA\GX010114.MP4_snapshot_28.04.824_crop00_18.jpg,GX010114.MP4_snapshot_28.04.824_crop00_18.jpg,GX010114.MP4_snapshot_28.04.824.jpg,train,PEDESTRAIN_CR_AREA,18,3084,913,131,127
processed\train\ROAD_JUNCTION_ON_THE_LEFT\GX010114.MP4_snapshot_28.17.568_crop00_21.jpg,C:\Users\ASUS G 16 JVR\Desktop\deepLearning_CNN\dataset\processed\train\ROAD_JUNCTION_ON_THE_LEFT\GX010114.MP4_snapshot_28.17.568_crop00_21.jpg,GX010114.MP4_snapshot_28.17.568_crop00_21.jpg,GX010114.MP4_snapshot_28.17.568.jpg,train,ROAD_JUNCTION_ON_THE_LEFT,21,2817,895,117,113
processed\train\CHILDREN_CROSSING\GX010114.MP4_snapshot_28.22.898_crop00_05.jpg,C:\Users\ASUS G 16 JVR\Desktop\deepLearning_CNN\dataset\processed\train\CHILDREN_CROSSING\GX010114.MP4_snapshot_28.22.898_crop00_05.jpg,GX010114.MP4_snapshot_28.22.898_crop00_05.jpg,GX010114.MP4_snapshot_28.22.898.jpg,train,CHILDREN_CROSSING,5,3040,735,151,141
processed\train\30_SPEED_LIMIT\GX010114.MP4_snapshot_28.22.898_crop01_00.jpg,C:\Users\ASUS G 16 JVR\Desktop\deepLearning_CNN\dataset\processed\train\30_SPEED_LIMIT\GX010114.MP4_snapshot_28.22.898_crop01_00.jpg,GX010114.MP4_snapshot_28.22.898_crop01_00.jpg,GX010114.MP4_snapshot_28.22.898.jpg,train,30_SPEED_LIMIT,0,3057,866,134,124
processed\train\HOSPITAL\GX010114.MP4_snapshot_28.27.734_crop00_09.jpg,C:\Users\ASUS G 16 JVR\Desktop\deepLearning_CNN\dataset\processed\train\HOSPITAL\GX010114.MP4_snapshot_28.27.734_crop00_09.jpg,GX010114.MP4_snapshot_28.27.734_crop00_09.jpg,GX010114.MP4_snapshot_28.27.734.jpg,train,HOSPITAL,9,2816,943,86,86
processed\train\HOSPITAL\GX010114.MP4_snapshot_28.28.372_crop00_09.jpg,C:\Users\ASUS G 16 JVR\Desktop\deepLearning_CNN\dataset\processed\train\HOSPITAL\GX010114.MP4_snapshot_28.28.372_crop00_09.jpg,GX010114.MP4_snapshot_28.28.372_crop00_09.jpg,GX010114.MP4_snapshot_28.28.372.jpg,train,HOSPITAL,9,3541,842,165,137
processed\train\PEDESTRAIN_CR_AREA\GX010114.MP4_snapshot_28.31.456_crop00_18.jpg,C:\Users\ASUS G 16 JVR\Desktop\deepLearning_CNN\dataset\processed\train\PEDESTRAIN_CR_AREA\GX010114.MP4_snapshot_28.31.456_crop00_18.jpg,GX010114.MP4_snapshot_28.31.456_crop00_18.jpg,GX010114.MP4_snapshot_28.31.456.jpg,train,PEDESTRAIN_CR_AREA,18,3214,878,141,132
processed\train\PEDESTRAIN_CROSSING\GX010114.MP4_snapshot_28.33.828_crop00_17.jpg,C:\Users\ASUS G 16 JVR\Desktop\deepLearning_CNN\dataset\processed\train\PEDESTRAIN_CROSSING\GX010114.MP4_snapshot_28.33.828_crop00_17.jpg,GX010114.MP4_snapshot_28.33.828_crop00_17.jpg,GX010114.MP4_snapshot_28.33.828.jpg,train,PEDESTRAIN_CROSSING,17,3109,836,174,159
processed\train\PEDESTRAIN_CR_AREA\GX010114.MP4_snapshot_28.37.054_crop00_18.jpg,C:\Users\ASUS G 16 JVR\Desktop\deepLearning_CNN\dataset\processed\train\PEDESTRAIN_CR_AREA\GX010114.MP4_snapshot_28.37.054_crop00_18.jpg,GX010114.MP4_snapshot_28.37.054_crop00_18.jpg,GX010114.MP4_snapshot_28.37.054.jpg,train,PEDESTRAIN_CR_AREA,18,2957,910,100,93
processed\train\PEDESTRAIN_CR_AREA\GX010114.MP4_snapshot_28.46.904_crop00_18.jpg,C:\Users\ASUS G 16 JVR\Desktop\deepLearning_CNN\dataset\processed\train\PEDESTRAIN_CR_AREA\GX010114.MP4_snapshot_28.46.904_crop00_18.jpg,GX010114.MP4_snapshot_28.46.904_crop00_18.jpg,GX010114.MP4_snapshot_28.46.904.jpg,train,PEDESTRAIN_CR_AREA,18,3097,871,106,98
processed\train\PEDESTRAIN_CR_AREA\GX010114.MP4_snapshot_29.01.005_crop00_18.jpg,C:\Users\ASUS G 16 JVR\Desktop\deepLearning_CNN\dataset\processed\train\PEDESTRAIN_CR_AREA\GX010114.MP4_snapshot_29.01.005_crop00_18.jpg,GX010114.MP4_snapshot_29.01.005_crop00_18.jpg,GX010114.MP4_snapshot_29.01.005.jpg,train,PEDESTRAIN_CR_AREA,18,3448,774,179,160
processed\train\PEDESTRAIN_CR_AREA\GX010114.MP4_snapshot_29.07.087_crop00_18.jpg,C:\Users\ASUS G 16 JVR\Desktop\deepLearning_CNN\dataset\processed\train\PEDESTRAIN_CR_AREA\GX010114.MP4_snapshot_29.07.087_crop00_18.jpg,GX010114.MP4_snapshot_29.07.087_crop00_18.jpg,GX010114.MP4_snapshot_29.07.087.jpg,train,PEDESTRAIN_CR_AREA,18,3350,890,130,111
processed\train\PEDESTRAIN_CROSSING\GX010114.MP4_snapshot_29.30.569_crop00_17.jpg,C:\Users\ASUS G 16 JVR\Desktop\deepLearning_CNN\dataset\processed\train\PEDESTRAIN_CROSSING\GX010114.MP4_snapshot_29.30.569_crop00_17.jpg,GX010114.MP4_snapshot_29.30.569_crop00_17.jpg,GX010114.MP4_snapshot_29.30.569.jpg,train,PEDESTRAIN_CROSSING,17,3436,845,159,156
processed\train\PEDESTRAIN_CR_AREA\GX010114.MP4_snapshot_29.36.588_crop00_18.jpg,C:\Users\ASUS G 16 JVR\Desktop\deepLearning_CNN\dataset\processed\train\PEDESTRAIN_CR_AREA\GX010114.MP4_snapshot_29.36.588_crop00_18.jpg,GX010114.MP4_snapshot_29.36.588_crop00_18.jpg,GX010114.MP4_snapshot_29.36.588.jpg,train,PEDESTRAIN_CR_AREA,18,3158,869,127,116
processed\train\PEDESTRAIN_CROSSING\GX010114.MP4_snapshot_29.38.992_crop00_17.jpg,C:\Users\ASUS G 16 JVR\Desktop\deepLearning_CNN\dataset\processed\train\PEDESTRAIN_CROSSING\GX010114.MP4_snapshot_29.38.992_crop00_17.jpg,GX010114.MP4_snapshot_29.38.992_crop00_17.jpg,GX010114.MP4_snapshot_29.38.992.jpg,train,PEDESTRAIN_CROSSING,17,3170,831,181,170
processed\train\PEDESTRAIN_CR_AREA\GX010114.MP4_snapshot_29.43.277_crop00_18.jpg,C:\Users\ASUS G 16 JVR\Desktop\deepLearning_CNN\dataset\processed\train\PEDESTRAIN_CR_AREA\GX010114.MP4_snapshot_29.43.277_crop00_18.jpg,GX010114.MP4_snapshot_29.43.277_crop00_18.jpg,GX010114.MP4_snapshot_29.43.277.jpg,train,PEDESTRAIN_CR_AREA,18,3104,904,119,108
processed\train\PEDESTRAIN_CROSSING\GX010114.MP4_snapshot_29.44.625_crop00_17.jpg,C:\Users\ASUS G 16 JVR\Desktop\deepLearning_CNN\dataset\processed\train\PEDESTRAIN_CROSSING\GX010114.MP4_snapshot_29.44.625_crop00_17.jpg,GX010114.MP4_snapshot_29.44.625_crop00_17.jpg,GX010114.MP4_snapshot_29.44.625.jpg,train,PEDESTRAIN_CROSSING,17,3182,831,157,149
processed\train\LEFT_BEND\GX010114.MP4_snapshot_29.54.847_crop00_12.jpg,C:\Users\ASUS G 16 JVR\Desktop\deepLearning_CNN\dataset\processed\train\LEFT_BEND\GX010114.MP4_snapshot_29.54.847_crop00_12.jpg,GX010114.MP4_snapshot_29.54.847_crop00_12.jpg,GX010114.MP4_snapshot_29.54.847.jpg,train,LEFT_BEND,12,3261,823,195,181
processed\train\DIRECTION\GX010114.MP4_snapshot_30.27.393_crop00_07.jpg,C:\Users\ASUS G 16 JVR\Desktop\deepLearning_CNN\dataset\processed\train\DIRECTION\GX010114.MP4_snapshot_30.27.393_crop00_07.jpg,GX010114.MP4_snapshot_30.27.393_crop00_07.jpg,GX010114.MP4_snapshot_30.27.393.jpg,train,DIRECTION,7,2259,571,222,181
processed\train\DIRECTION\GX010114.MP4_snapshot_30.27.983_crop00_07.jpg,C:\Users\ASUS G 16 JVR\Desktop\deepLearning_CNN\dataset\processed\train\DIRECTION\GX010114.MP4_snapshot_30.27.983_crop00_07.jpg,GX010114.MP4_snapshot_30.27.983_crop00_07.jpg,GX010114.MP4_snapshot_30.27.983.jpg,train,DIRECTION,7,2613,61,463,374
processed\train\PEDESTRAIN_CROSSING\GX010114.MP4_snapshot_30.39.521_crop00_17.jpg,C:\Users\ASUS G 16 JVR\Desktop\deepLearning_CNN\dataset\processed\train\PEDESTRAIN_CROSSING\GX010114.MP4_snapshot_30.39.521_crop00_17.jpg,GX010114.MP4_snapshot_30.39.521_crop00_17.jpg,GX010114.MP4_snapshot_30.39.521.jpg,train,PEDESTRAIN_CROSSING,17,3055,904,119,114
processed\train\PEDESTRAIN_CROSSING\GX010114.MP4_snapshot_30.53.273_crop00_17.jpg,C:\Users\ASUS G 16 JVR\Desktop\deepLearning_CNN\dataset\processed\train\PEDESTRAIN_CROSSING\GX010114.MP4_snapshot_30.53.273_crop00_17.jpg,GX010114.MP4_snapshot_30.53.273_crop00_17.jpg,GX010114.MP4_snapshot_30.53.273.jpg,train,PEDESTRAIN_CROSSING,17,3518,887,187,157
processed\train\PEDESTRAIN_CR_AREA\GX010114.MP4_snapshot_30.59.358_crop00_18.jpg,C:\Users\ASUS G 16 JVR\Desktop\deepLearning_CNN\dataset\processed\train\PEDESTRAIN_CR_AREA\GX010114.MP4_snapshot_30.59.358_crop00_18.jpg,GX010114.MP4_snapshot_30.59.358_crop00_18.jpg,GX010114.MP4_snapshot_30.59.358.jpg,train,PEDESTRAIN_CR_AREA,18,3358,879,152,127
processed\train\PEDESTRAIN_CROSSING\GX010114.MP4_snapshot_31.02.144_crop00_17.jpg,C:\Users\ASUS G 16 JVR\Desktop\deepLearning_CNN\dataset\processed\train\PEDESTRAIN_CROSSING\GX010114.MP4_snapshot_31.02.144_crop00_17.jpg,GX010114.MP4_snapshot_31.02.144_crop00_17.jpg,GX010114.MP4_snapshot_31.02.144.jpg,train,PEDESTRAIN_CROSSING,17,3393,830,203,173
processed\train\PEDESTRAIN_CROSSING\GX010114.MP4_snapshot_31.59.193_crop00_17.jpg,C:\Users\ASUS G 16 JVR\Desktop\deepLearning_CNN\dataset\processed\train\PEDESTRAIN_CROSSING\GX010114.MP4_snapshot_31.59.193_crop00_17.jpg,GX010114.MP4_snapshot_31.59.193_crop00_17.jpg,GX010114.MP4_snapshot_31.59.193.jpg,train,PEDESTRAIN_CROSSING,17,3344,850,146,138
processed\train\STAGGERED_JUNCTION_RL\GX010114.MP4_snapshot_32.02.386_crop00_24.jpg,C:\Users\ASUS G 16 JVR\Desktop\deepLearning_CNN\dataset\processed\train\STAGGERED_JUNCTION_RL\GX010114.MP4_snapshot_32.02.386_crop00_24.jpg,GX010114.MP4_snapshot_32.02.386_crop00_24.jpg,GX010114.MP4_snapshot_32.02.386.jpg,train,STAGGERED_JUNCTION_RL,24,3377,833,141,133
processed\train\PEDESTRAIN_CR_AREA\GX010114.MP4_snapshot_32.05.192_crop00_18.jpg,C:\Users\ASUS G 16 JVR\Desktop\deepLearning_CNN\dataset\processed\train\PEDESTRAIN_CR_AREA\GX010114.MP4_snapshot_32.05.192_crop00_18.jpg,GX010114.MP4_snapshot_32.05.192_crop00_18.jpg,GX010114.MP4_snapshot_32.05.192.jpg,train,PEDESTRAIN_CR_AREA,18,3476,877,119,111
processed\train\SLOW_DOWN\GX010114.MP4_snapshot_32.10.967_crop00_23.jpg,C:\Users\ASUS G 16 JVR\Desktop\deepLearning_CNN\dataset\processed\train\SLOW_DOWN\GX010114.MP4_snapshot_32.10.967_crop00_23.jpg,GX010114.MP4_snapshot_32.10.967_crop00_23.jpg,GX010114.MP4_snapshot_32.10.967.jpg,train,SLOW_DOWN,23,3686,836,149,133
processed\train\PEDESTRAIN_CROSSING\GX010114.MP4_snapshot_32.19.982_crop00_17.jpg,C:\Users\ASUS G 16 JVR\Desktop\deepLearning_CNN\dataset\processed\train\PEDESTRAIN_CROSSING\GX010114.MP4_snapshot_32.19.982_crop00_17.jpg,GX010114.MP4_snapshot_32.19.982_crop00_17.jpg,GX010114.MP4_snapshot_32.19.982.jpg,train,PEDESTRAIN_CROSSING,17,3166,696,160,152
processed\train\PRIORITY_ROAD\GX010114.MP4_snapshot_32.19.982_crop01_19.jpg,C:\Users\ASUS G 16 JVR\Desktop\deepLearning_CNN\dataset\processed\train\PRIORITY_ROAD\GX010114.MP4_snapshot_32.19.982_crop01_19.jpg,GX010114.MP4_snapshot_32.19.982_crop01_19.jpg,GX010114.MP4_snapshot_32.19.982.jpg,train,PRIORITY_ROAD,19,3177,847,155,140
processed\train\PRIORITY_ROAD\GX020113.MP4_snapshot_00.53.191_crop00_19.jpg,C:\Users\ASUS G 16 JVR\Desktop\deepLearning_CNN\dataset\processed\train\PRIORITY_ROAD\GX020113.MP4_snapshot_00.53.191_crop00_19.jpg,GX020113.MP4_snapshot_00.53.191_crop00_19.jpg,GX020113.MP4_snapshot_00.53.191.jpg,train,PRIORITY_ROAD,19,3002,960,189,165
processed\train\PRIORITY_ROAD\GX020113.MP4_snapshot_01.30.493_crop00_19.jpg,C:\Users\ASUS G 16 JVR\Desktop\deepLearning_CNN\dataset\processed\train\PRIORITY_ROAD\GX020113.MP4_snapshot_01.30.493_crop00_19.jpg,GX020113.MP4_snapshot_01.30.493_crop00_19.jpg,GX020113.MP4_snapshot_01.30.493.jpg,train,PRIORITY_ROAD,19,3058,1023,138,122
processed\train\CARRIAGE_WAY_NARROWS\GX020113.MP4_snapshot_01.32.609_crop00_04.jpg,C:\Users\ASUS G 16 JVR\Desktop\deepLearning_CNN\dataset\processed\train\CARRIAGE_WAY_NARROWS\GX020113.MP4_snapshot_01.32.609_crop00_04.jpg,GX020113.MP4_snapshot_01.32.609_crop00_04.jpg,GX020113.MP4_snapshot_01.32.609.jpg,train,CARRIAGE_WAY_NARROWS,4,3440,978,181,170
processed\train\END_SPEED_LIMIT\GX020113.MP4_snapshot_01.44.389_crop00_08.jpg,C:\Users\ASUS G 16 JVR\Desktop\deepLearning_CNN\dataset\processed\train\END_SPEED_LIMIT\GX020113.MP4_snapshot_01.44.389_crop00_08.jpg,GX020113.MP4_snapshot_01.44.389_crop00_08.jpg,GX020113.MP4_snapshot_01.44.389.jpg,train,END_SPEED_LIMIT,8,3215,944,160,168
processed\train\KM_POST\GX020113.MP4_snapshot_01.44.389_crop01_11.jpg,C:\Users\ASUS G 16 JVR\Desktop\deepLearning_CNN\dataset\processed\train\KM_POST\GX020113.MP4_snapshot_01.44.389_crop01_11.jpg,GX020113.MP4_snapshot_01.44.389_crop01_11.jpg,GX020113.MP4_snapshot_01.44.389.jpg,train,KM_POST,11,3496,1318,135,171
processed\train\PEDESTRAIN_CR_AREA\GX020113.MP4_snapshot_02.19.650_crop00_18.jpg,C:\Users\ASUS G 16 JVR\Desktop\deepLearning_CNN\dataset\processed\train\PEDESTRAIN_CR_AREA\GX020113.MP4_snapshot_02.19.650_crop00_18.jpg,GX020113.MP4_snapshot_02.19.650_crop00_18.jpg,GX020113.MP4_snapshot_02.19.650.jpg,train,PEDESTRAIN_CR_AREA,18,3480,901,184,160
processed\train\ROAD_JUNCTION_ON_THE_RIGHT\GX020113.MP4_snapshot_03.04.137_crop00_22.jpg,C:\Users\ASUS G 16 JVR\Desktop\deepLearning_CNN\dataset\processed\train\ROAD_JUNCTION_ON_THE_RIGHT\GX020113.MP4_snapshot_03.04.137_crop00_22.jpg,GX020113.MP4_snapshot_03.04.137_crop00_22.jpg,GX020113.MP4_snapshot_03.04.137.jpg,train,ROAD_JUNCTION_ON_THE_RIGHT,22,2774,960,165,162
processed\train\ROAD_JUNCTION_ON_THE_RIGHT\GX020113.MP4_snapshot_04.28.352_crop00_22.jpg,C:\Users\ASUS G 16 JVR\Desktop\deepLearning_CNN\dataset\processed\train\ROAD_JUNCTION_ON_THE_RIGHT\GX020113.MP4_snapshot_04.28.352_crop00_22.jpg,GX020113.MP4_snapshot_04.28.352_crop00_22.jpg,GX020113.MP4_snapshot_04.28.352.jpg,train,ROAD_JUNCTION_ON_THE_RIGHT,22,2630,1045,119,124
processed\train\END_SPEED_LIMIT\GX020113.MP4_snapshot_06.23.896_crop00_08.jpg,C:\Users\ASUS G 16 JVR\Desktop\deepLearning_CNN\dataset\processed\train\END_SPEED_LIMIT\GX020113.MP4_snapshot_06.23.896_crop00_08.jpg,GX020113.MP4_snapshot_06.23.896_crop00_08.jpg,GX020113.MP4_snapshot_06.23.896.jpg,train,END_SPEED_LIMIT,8,2793,1004,135,127
processed\train\LEFT_BEND\GX020113.MP4_snapshot_07.14.930_crop00_12.jpg,C:\Users\ASUS G 16 JVR\Desktop\deepLearning_CNN\dataset\processed\train\LEFT_BEND\GX020113.MP4_snapshot_07.14.930_crop00_12.jpg,GX020113.MP4_snapshot_07.14.930_crop00_12.jpg,GX020113.MP4_snapshot_07.14.930.jpg,train,LEFT_BEND,12,3229,893,219,207
processed\train\KM_POST\GX020113.MP4_snapshot_07.14.930_crop01_11.jpg,C:\Users\ASUS G 16 JVR\Desktop\deepLearning_CNN\dataset\processed\train\KM_POST\GX020113.MP4_snapshot_07.14.930_crop01_11.jpg,GX020113.MP4_snapshot_07.14.930_crop01_11.jpg,GX020113.MP4_snapshot_07.14.930.jpg,train,KM_POST,11,3088,1309,144,183
processed\train\SLOW_DOWN\GX020113.MP4_snapshot_07.23.934_crop00_23.jpg,C:\Users\ASUS G 16 JVR\Desktop\deepLearning_CNN\dataset\processed\train\SLOW_DOWN\GX020113.MP4_snapshot_07.23.934_crop00_23.jpg,GX020113.MP4_snapshot_07.23.934_crop00_23.jpg,GX020113.MP4_snapshot_07.23.934.jpg,train,SLOW_DOWN,23,3185,858,227,208
processed\train\PRIORITY_ROAD\GX020113.MP4_snapshot_07.29.049_crop00_19.jpg,C:\Users\ASUS G 16 JVR\Desktop\deepLearning_CNN\dataset\processed\train\PRIORITY_ROAD\GX020113.MP4_snapshot_07.29.049_crop00_19.jpg,GX020113.MP4_snapshot_07.29.049_crop00_19.jpg,GX020113.MP4_snapshot_07.29.049.jpg,train,PRIORITY_ROAD,19,3022,869,238,227
processed\train\CHILDREN_CROSSING\GX020113.MP4_snapshot_07.34.237_crop00_05.jpg,C:\Users\ASUS G 16 JVR\Desktop\deepLearning_CNN\dataset\processed\train\CHILDREN_CROSSING\GX020113.MP4_snapshot_07.34.237_crop00_05.jpg,GX020113.MP4_snapshot_07.34.237_crop00_05.jpg,GX020113.MP4_snapshot_07.34.237.jpg,train,CHILDREN_CROSSING,5,2706,933,157,143
processed\train\40_SPEED_LIMIT\GX020113.MP4_snapshot_07.34.237_crop01_01.jpg,C:\Users\ASUS G 16 JVR\Desktop\deepLearning_CNN\dataset\processed\train\40_SPEED_LIMIT\GX020113.MP4_snapshot_07.34.237_crop01_01.jpg,GX020113.MP4_snapshot_07.34.237_crop01_01.jpg,GX020113.MP4_snapshot_07.34.237.jpg,train,40_SPEED_LIMIT,1,2715,1066,135,135
processed\train\ROAD_JUNCTION_ON_THE_RIGHT\GX020113.MP4_snapshot_07.45.104_crop00_22.jpg,C:\Users\ASUS G 16 JVR\Desktop\deepLearning_CNN\dataset\processed\train\ROAD_JUNCTION_ON_THE_RIGHT\GX020113.MP4_snapshot_07.45.104_crop00_22.jpg,GX020113.MP4_snapshot_07.45.104_crop00_22.jpg,GX020113.MP4_snapshot_07.45.104.jpg,train,ROAD_JUNCTION_ON_THE_RIGHT,22,2880,1023,152,146
processed\train\NO_HORN\GX020113.MP4_snapshot_07.50.374_crop00_14.jpg,C:\Users\ASUS G 16 JVR\Desktop\deepLearning_CNN\dataset\processed\train\NO_HORN\GX020113.MP4_snapshot_07.50.374_crop00_14.jpg,GX020113.MP4_snapshot_07.50.374_crop00_14.jpg,GX020113.MP4_snapshot_07.50.374.jpg,train,NO_HORN,14,2772,841,135,129
processed\train\HOSPITAL\GX020113.MP4_snapshot_07.50.374_crop01_09.jpg,C:\Users\ASUS G 16 JVR\Desktop\deepLearning_CNN\dataset\processed\train\HOSPITAL\GX020113.MP4_snapshot_07.50.374_crop01_09.jpg,GX020113.MP4_snapshot_07.50.374_crop01_09.jpg,GX020113.MP4_snapshot_07.50.374.jpg,train,HOSPITAL,9,2792,961,114,103
processed\train\KM_POST\GX020113.MP4_snapshot_08.07.699_crop01_11.jpg,C:\Users\ASUS G 16 JVR\Desktop\deepLearning_CNN\dataset\processed\train\KM_POST\GX020113.MP4_snapshot_08.07.699_crop01_11.jpg,GX020113.MP4_snapshot_08.07.699_crop01_11.jpg,GX020113.MP4_snapshot_08.07.699.jpg,train,KM_POST,11,2921,1284,114,147
processed\train\ROAD_JUNCTION_ON_THE_LEFT\GX020113.MP4_snapshot_08.15.281_crop00_21.jpg,C:\Users\ASUS G 16 JVR\Desktop\deepLearning_CNN\dataset\processed\train\ROAD_JUNCTION_ON_THE_LEFT\GX020113.MP4_snapshot_08.15.281_crop00_21.jpg,GX020113.MP4_snapshot_08.15.281_crop00_21.jpg,GX020113.MP4_snapshot_08.15.281.jpg,train,ROAD_JUNCTION_ON_THE_LEFT,21,3175,1000,165,159
processed\train\PEDESTRAIN_CR_AREA\GX020113.MP4_snapshot_08.30.941_crop00_18.jpg,C:\Users\ASUS G 16 JVR\Desktop\deepLearning_CNN\dataset\processed\train\PEDESTRAIN_CR_AREA\GX020113.MP4_snapshot_08.30.941_crop00_18.jpg,GX020113.MP4_snapshot_08.30.941_crop00_18.jpg,GX020113.MP4_snapshot_08.30.941.jpg,train,PEDESTRAIN_CR_AREA,18,2647,895,143,133
processed\train\PEDESTRAIN_CR_AREA\GX020113.MP4_snapshot_09.03.544_crop00_18.jpg,C:\Users\ASUS G 16 JVR\Desktop\deepLearning_CNN\dataset\processed\train\PEDESTRAIN_CR_AREA\GX020113.MP4_snapshot_09.03.544_crop00_18.jpg,GX020113.MP4_snapshot_09.03.544_crop00_18.jpg,GX020113.MP4_snapshot_09.03.544.jpg,train,PEDESTRAIN_CR_AREA,18,3277,1012,103,97
processed\train\END_SPEED_LIMIT\GX020113.MP4_snapshot_09.24.958_crop00_08.jpg,C:\Users\ASUS G 16 JVR\Desktop\deepLearning_CNN\dataset\processed\train\END_SPEED_LIMIT\GX020113.MP4_snapshot_09.24.958_crop00_08.jpg,GX020113.MP4_snapshot_09.24.958_crop00_08.jpg,GX020113.MP4_snapshot_09.24.958.jpg,train,END_SPEED_LIMIT,8,3045,1036,114,114
processed\train\RIGHT_BEND\GX020113.MP4_snapshot_09.53.046_crop00_20.jpg,C:\Users\ASUS G 16 JVR\Desktop\deepLearning_CNN\dataset\processed\train\RIGHT_BEND\GX020113.MP4_snapshot_09.53.046_crop00_20.jpg,GX020113.MP4_snapshot_09.53.046_crop00_20.jpg,GX020113.MP4_snapshot_09.53.046.jpg,train,RIGHT_BEND,20,2603,1023,146,135
processed\train\ROAD_JUNCTION_ON_THE_LEFT\GX020113.MP4_snapshot_10.00.265_crop00_21.jpg,C:\Users\ASUS G 16 JVR\Desktop\deepLearning_CNN\dataset\processed\train\ROAD_JUNCTION_ON_THE_LEFT\GX020113.MP4_snapshot_10.00.265_crop00_21.jpg,GX020113.MP4_snapshot_10.00.265_crop00_21.jpg,GX020113.MP4_snapshot_10.00.265.jpg,train,ROAD_JUNCTION_ON_THE_LEFT,21,2683,1026,157,154
processed\train\LEFT_BEND\GX020113.MP4_snapshot_10.26.838_crop00_12.jpg,C:\Users\ASUS G 16 JVR\Desktop\deepLearning_CNN\dataset\processed\train\LEFT_BEND\GX020113.MP4_snapshot_10.26.838_crop00_12.jpg,GX020113.MP4_snapshot_10.26.838_crop00_12.jpg,GX020113.MP4_snapshot_10.26.838.jpg,train,LEFT_BEND,12,2452,1023,133,130
processed\train\ROAD_JUNCTION_ON_THE_RIGHT\GX020113.MP4_snapshot_10.52.355_crop00_22.jpg,C:\Users\ASUS G 16 JVR\Desktop\deepLearning_CNN\dataset\processed\train\ROAD_JUNCTION_ON_THE_RIGHT\GX020113.MP4_snapshot_10.52.355_crop00_22.jpg,GX020113.MP4_snapshot_10.52.355_crop00_22.jpg,GX020113.MP4_snapshot_10.52.355.jpg,train,ROAD_JUNCTION_ON_THE_RIGHT,22,2752,977,165,152
processed\train\SLOW_DOWN\GX020113.MP4_snapshot_10.59.945_crop00_23.jpg,C:\Users\ASUS G 16 JVR\Desktop\deepLearning_CNN\dataset\processed\train\SLOW_DOWN\GX020113.MP4_snapshot_10.59.945_crop00_23.jpg,GX020113.MP4_snapshot_10.59.945_crop00_23.jpg,GX020113.MP4_snapshot_10.59.945.jpg,train,SLOW_DOWN,23,2798,1021,123,126
processed\train\CHILDREN_CROSSING\GX020113.MP4_snapshot_11.09.573_crop00_05.jpg,C:\Users\ASUS G 16 JVR\Desktop\deepLearning_CNN\dataset\processed\train\CHILDREN_CROSSING\GX020113.MP4_snapshot_11.09.573_crop00_05.jpg,GX020113.MP4_snapshot_11.09.573_crop00_05.jpg,GX020113.MP4_snapshot_11.09.573.jpg,train,CHILDREN_CROSSING,5,2784,850,160,168
processed\train\40_SPEED_LIMIT\GX020113.MP4_snapshot_11.09.573_crop01_01.jpg,C:\Users\ASUS G 16 JVR\Desktop\deepLearning_CNN\dataset\processed\train\40_SPEED_LIMIT\GX020113.MP4_snapshot_11.09.573_crop01_01.jpg,GX020113.MP4_snapshot_11.09.573_crop01_01.jpg,GX020113.MP4_snapshot_11.09.573.jpg,train,40_SPEED_LIMIT,1,2790,1012,154,146
processed\train\ROAD_JUNCTION_ON_THE_LEFT\GX020113.MP4_snapshot_11.12.396_crop00_21.jpg,C:\Users\ASUS G 16 JVR\Desktop\deepLearning_CNN\dataset\processed\train\ROAD_JUNCTION_ON_THE_LEFT\GX020113.MP4_snapshot_11.12.396_crop00_21.jpg,GX020113.MP4_snapshot_11.12.396_crop00_21.jpg,GX020113.MP4_snapshot_11.12.396.jpg,train,ROAD_JUNCTION_ON_THE_LEFT,21,2655,1009,152,143
processed\train\END_SPEED_LIMIT\GX020113.MP4_snapshot_11.45.052_crop00_08.jpg,C:\Users\ASUS G 16 JVR\Desktop\deepLearning_CNN\dataset\processed\train\END_SPEED_LIMIT\GX020113.MP4_snapshot_11.45.052_crop00_08.jpg,GX020113.MP4_snapshot_11.45.052_crop00_08.jpg,GX020113.MP4_snapshot_11.45.052.jpg,train,END_SPEED_LIMIT,8,2855,987,157,146
processed\train\PRIORITY_ROAD\GX020113.MP4_snapshot_11.51.894_crop00_19.jpg,C:\Users\ASUS G 16 JVR\Desktop\deepLearning_CNN\dataset\processed\train\PRIORITY_ROAD\GX020113.MP4_snapshot_11.51.894_crop00_19.jpg,GX020113.MP4_snapshot_11.51.894_crop00_19.jpg,GX020113.MP4_snapshot_11.51.894.jpg,train,PRIORITY_ROAD,19,3002,931,192,189
processed\train\STAGGERED_JUNCTION_RL\GX020113.MP4_snapshot_12.27.738_crop00_24.jpg,C:\Users\ASUS G 16 JVR\Desktop\deepLearning_CNN\dataset\processed\train\STAGGERED_JUNCTION_RL\GX020113.MP4_snapshot_12.27.738_crop00_24.jpg,GX020113.MP4_snapshot_12.27.738_crop00_24.jpg,GX020113.MP4_snapshot_12.27.738.jpg,train,STAGGERED_JUNCTION_RL,24,2642,1036,138,127
processed\train\PRIORITY_ROAD\GX020113.MP4_snapshot_12.42.479_crop00_19.jpg,C:\Users\ASUS G 16 JVR\Desktop\deepLearning_CNN\dataset\processed\train\PRIORITY_ROAD\GX020113.MP4_snapshot_12.42.479_crop00_19.jpg,GX020113.MP4_snapshot_12.42.479_crop00_19.jpg,GX020113.MP4_snapshot_12.42.479.jpg,train,PRIORITY_ROAD,19,2507,1010,138,138
processed\train\ROAD_JUNCTION_ON_THE_RIGHT\GX020113.MP4_snapshot_13.12.192_crop00_22.jpg,C:\Users\ASUS G 16 JVR\Desktop\deepLearning_CNN\dataset\processed\train\ROAD_JUNCTION_ON_THE_RIGHT\GX020113.MP4_snapshot_13.12.192_crop00_22.jpg,GX020113.MP4_snapshot_13.12.192_crop00_22.jpg,GX020113.MP4_snapshot_13.12.192.jpg,train,ROAD_JUNCTION_ON_THE_RIGHT,22,2652,915,181,173
processed\train\CHILDREN_CROSSING\GX020113.MP4_snapshot_13.23.161_crop00_05.jpg,C:\Users\ASUS G 16 JVR\Desktop\deepLearning_CNN\dataset\processed\train\CHILDREN_CROSSING\GX020113.MP4_snapshot_13.23.161_crop00_05.jpg,GX020113.MP4_snapshot_13.23.161_crop00_05.jpg,GX020113.MP4_snapshot_13.23.161.jpg,train,CHILDREN_CROSSING,5,2639,972,165,160
processed\train\PEDESTRAIN_CR_AREA\GX020113.MP4_snapshot_13.30.725_crop00_18.jpg,C:\Users\ASUS G 16 JVR\Desktop\deepLearning_CNN\dataset\processed\train\PEDESTRAIN_CR_AREA\GX020113.MP4_snapshot_13.30.725_crop00_18.jpg,GX020113.MP4_snapshot_13.30.725_crop00_18.jpg,GX020113.MP4_snapshot_13.30.725.jpg,train,PEDESTRAIN_CR_AREA,18,2647,993,119,116
processed\train\ROAD_JUNCTION_ON_THE_LEFT\GX020113.MP4_snapshot_13.33.269_crop00_21.jpg,C:\Users\ASUS G 16 JVR\Desktop\deepLearning_CNN\dataset\processed\train\ROAD_JUNCTION_ON_THE_LEFT\GX020113.MP4_snapshot_13.33.269_crop00_21.jpg,GX020113.MP4_snapshot_13.33.269_crop00_21.jpg,GX020113.MP4_snapshot_13.33.269.jpg,train,ROAD_JUNCTION_ON_THE_LEFT,21,2700,922,189,179
processed\train\ROAD_JUNCTION_ON_THE_RIGHT\GX020113.MP4_snapshot_13.41.957_crop00_22.jpg,C:\Users\ASUS G 16 JVR\Desktop\deepLearning_CNN\dataset\processed\train\ROAD_JUNCTION_ON_THE_RIGHT\GX020113.MP4_snapshot_13.41.957_crop00_22.jpg,GX020113.MP4_snapshot_13.41.957_crop00_22.jpg,GX020113.MP4_snapshot_13.41.957.jpg,train,ROAD_JUNCTION_ON_THE_RIGHT,22,2511,945,168,165
processed\train\RIGHT_BEND\GX020113.MP4_snapshot_14.08.867_crop00_20.jpg,C:\Users\ASUS G 16 JVR\Desktop\deepLearning_CNN\dataset\processed\train\RIGHT_BEND\GX020113.MP4_snapshot_14.08.867_crop00_20.jpg,GX020113.MP4_snapshot_14.08.867_crop00_20.jpg,GX020113.MP4_snapshot_14.08.867.jpg,train,RIGHT_BEND,20,3326,1007,173,154
processed\train\80_SPEED_LIMIT\GX020113.MP4_snapshot_14.12.223_crop00_03.jpg,C:\Users\ASUS G 16 JVR\Desktop\deepLearning_CNN\dataset\processed\train\80_SPEED_LIMIT\GX020113.MP4_snapshot_14.12.223_crop00_03.jpg,GX020113.MP4_snapshot_14.12.223_crop00_03.jpg,GX020113.MP4_snapshot_14.12.223.jpg,train,80_SPEED_LIMIT,3,3282,1066,141,119
processed\train\SLOW_DOWN\GX020113.MP4_snapshot_14.25.637_crop00_23.jpg,C:\Users\ASUS G 16 JVR\Desktop\deepLearning_CNN\dataset\processed\train\SLOW_DOWN\GX020113.MP4_snapshot_14.25.637_crop00_23.jpg,GX020113.MP4_snapshot_14.25.637_crop00_23.jpg,GX020113.MP4_snapshot_14.25.637.jpg,train,SLOW_DOWN,23,2721,1070,104,98
processed\train\DIRECTION\GX020113.MP4_snapshot_14.25.637_crop01_07.jpg,C:\Users\ASUS G 16 JVR\Desktop\deepLearning_CNN\dataset\processed\train\DIRECTION\GX020113.MP4_snapshot_14.25.637_crop01_07.jpg,GX020113.MP4_snapshot_14.25.637_crop01_07.jpg,GX020113.MP4_snapshot_14.25.637.jpg,train,DIRECTION,7,2092,879,204,145
processed\train\DIRECTION\GX020113.MP4_snapshot_14.27.301_crop00_07.jpg,C:\Users\ASUS G 16 JVR\Desktop\deepLearning_CNN\dataset\processed\train\DIRECTION\GX020113.MP4_snapshot_14.27.301_crop00_07.jpg,GX020113.MP4_snapshot_14.27.301_crop00_07.jpg,GX020113.MP4_snapshot_14.27.301.jpg,train,DIRECTION,7,2249,565,408,281
processed\train\DIRECTION\GX020113.MP4_snapshot_16.07.454_crop00_07.jpg,C:\Users\ASUS G 16 JVR\Desktop\deepLearning_CNN\dataset\processed\train\DIRECTION\GX020113.MP4_snapshot_16.07.454_crop00_07.jpg,GX020113.MP4_snapshot_16.07.454_crop00_07.jpg,GX020113.MP4_snapshot_16.07.454.jpg,train,DIRECTION,7,1948,739,281,194
processed\train\DIRECTION\GX020113.MP4_snapshot_16.56.737_crop00_07.jpg,C:\Users\ASUS G 16 JVR\Desktop\deepLearning_CNN\dataset\processed\train\DIRECTION\GX020113.MP4_snapshot_16.56.737_crop00_07.jpg,GX020113.MP4_snapshot_16.56.737_crop00_07.jpg,GX020113.MP4_snapshot_16.56.737.jpg,train,DIRECTION,7,2088,488,438,301
processed\train\LEFT_BEND\GX020113.MP4_snapshot_17.05.574_crop00_12.jpg,C:\Users\ASUS G 16 JVR\Desktop\deepLearning_CNN\dataset\processed\train\LEFT_BEND\GX020113.MP4_snapshot_17.05.574_crop00_12.jpg,GX020113.MP4_snapshot_17.05.574_crop00_12.jpg,GX020113.MP4_snapshot_17.05.574.jpg,train,LEFT_BEND,12,2695,925,181,173
processed\train\SLOW_DOWN\GX020113.MP4_snapshot_17.12.192_crop00_23.jpg,C:\Users\ASUS G 16 JVR\Desktop\deepLearning_CNN\dataset\processed\train\SLOW_DOWN\GX020113.MP4_snapshot_17.12.192_crop00_23.jpg,GX020113.MP4_snapshot_17.12.192_crop00_23.jpg,GX020113.MP4_snapshot_17.12.192.jpg,train,SLOW_DOWN,23,2623,939,165,152
processed\train\DIRECTION\GX020113.MP4_snapshot_17.27.770_crop00_07.jpg,C:\Users\ASUS G 16 JVR\Desktop\deepLearning_CNN\dataset\processed\train\DIRECTION\GX020113.MP4_snapshot_17.27.770_crop00_07.jpg,GX020113.MP4_snapshot_17.27.770_crop00_07.jpg,GX020113.MP4_snapshot_17.27.770.jpg,train,DIRECTION,7,2105,785,267,184
processed\train\DIRECTION\GX020113.MP4_snapshot_17.28.928_crop00_07.jpg,C:\Users\ASUS G 16 JVR\Desktop\deepLearning_CNN\dataset\processed\train\DIRECTION\GX020113.MP4_snapshot_17.28.928_crop00_07.jpg,GX020113.MP4_snapshot_17.28.928_crop00_07.jpg,GX020113.MP4_snapshot_17.28.928.jpg,train,DIRECTION,7,2296,394,495,328
processed\train\40_SPEED_LIMIT\GX020113.MP4_snapshot_17.40.661_crop00_01.jpg,C:\Users\ASUS G 16 JVR\Desktop\deepLearning_CNN\dataset\processed\train\40_SPEED_LIMIT\GX020113.MP4_snapshot_17.40.661_crop00_01.jpg,GX020113.MP4_snapshot_17.40.661_crop00_01.jpg,GX020113.MP4_snapshot_17.40.661.jpg,train,40_SPEED_LIMIT,1,2828,936,176,165
processed\train\ROAD_JUNCTION_ON_THE_LEFT\GX020113.MP4_snapshot_17.48.429_crop00_21.jpg,C:\Users\ASUS G 16 JVR\Desktop\deepLearning_CNN\dataset\processed\train\ROAD_JUNCTION_ON_THE_LEFT\GX020113.MP4_snapshot_17.48.429_crop00_21.jpg,GX020113.MP4_snapshot_17.48.429_crop00_21.jpg,GX020113.MP4_snapshot_17.48.429.jpg,train,ROAD_JUNCTION_ON_THE_LEFT,21,2679,935,171,171
processed\train\ROAD_JUNCTION_ON_THE_LEFT\GX020113.MP4_snapshot_18.08.633_crop00_21.jpg,C:\Users\ASUS G 16 JVR\Desktop\deepLearning_CNN\dataset\processed\train\ROAD_JUNCTION_ON_THE_LEFT\GX020113.MP4_snapshot_18.08.633_crop00_21.jpg,GX020113.MP4_snapshot_18.08.633_crop00_21.jpg,GX020113.MP4_snapshot_18.08.633.jpg,train,ROAD_JUNCTION_ON_THE_LEFT,21,2977,982,133,130
processed\train\LEFT_BEND\GX020113.MP4_snapshot_18.44.823_crop00_12.jpg,C:\Users\ASUS G 16 JVR\Desktop\deepLearning_CNN\dataset\processed\train\LEFT_BEND\GX020113.MP4_snapshot_18.44.823_crop00_12.jpg,GX020113.MP4_snapshot_18.44.823_crop00_12.jpg,GX020113.MP4_snapshot_18.44.823.jpg,train,LEFT_BEND,12,3511,826,211,200
processed\train\PEDESTRAIN_CR_AREA\GX020113.MP4_snapshot_19.17.209_crop00_18.jpg,C:\Users\ASUS G 16 JVR\Desktop\deepLearning_CNN\dataset\processed\train\PEDESTRAIN_CR_AREA\GX020113.MP4_snapshot_19.17.209_crop00_18.jpg,GX020113.MP4_snapshot_19.17.209_crop00_18.jpg,GX020113.MP4_snapshot_19.17.209.jpg,train,PEDESTRAIN_CR_AREA,18,2931,985,92,84
processed\train\PRIORITY_ROAD\GX020113.MP4_snapshot_20.23.870_crop00_19.jpg,C:\Users\ASUS G 16 JVR\Desktop\deepLearning_CNN\dataset\processed\train\PRIORITY_ROAD\GX020113.MP4_snapshot_20.23.870_crop00_19.jpg,GX020113.MP4_snapshot_20.23.870_crop00_19.jpg,GX020113.MP4_snapshot_20.23.870.jpg,train,PRIORITY_ROAD,19,2690,915,195,187
processed\train\PEDESTRAIN_CR_AREA\GX020113.MP4_snapshot_20.55.646_crop00_18.jpg,C:\Users\ASUS G 16 JVR\Desktop\deepLearning_CNN\dataset\processed\train\PEDESTRAIN_CR_AREA\GX020113.MP4_snapshot_20.55.646_crop00_18.jpg,GX020113.MP4_snapshot_20.55.646_crop00_18.jpg,GX020113.MP4_snapshot_20.55.646.jpg,train,PEDESTRAIN_CR_AREA,18,3107,915,130,114
processed\train\ROAD_JUNCTION_ON_THE_RIGHT\GX020113.MP4_snapshot_21.09.466_crop00_22.jpg,C:\Users\ASUS G 16 JVR\Desktop\deepLearning_CNN\dataset\processed\train\ROAD_JUNCTION_ON_THE_RIGHT\GX020113.MP4_snapshot_21.09.466_crop00_22.jpg,GX020113.MP4_snapshot_21.09.466_crop00_22.jpg,GX020113.MP4_snapshot_21.09.466.jpg,train,ROAD_JUNCTION_ON_THE_RIGHT,22,3228,893,227,214
processed\train\PEDESTRAIN_CR_AREA\GX020113.MP4_snapshot_21.29.160_crop00_18.jpg,C:\Users\ASUS G 16 JVR\Desktop\deepLearning_CNN\dataset\processed\train\PEDESTRAIN_CR_AREA\GX020113.MP4_snapshot_21.29.160_crop00_18.jpg,GX020113.MP4_snapshot_21.29.160_crop00_18.jpg,GX020113.MP4_snapshot_21.29.160.jpg,train,PEDESTRAIN_CR_AREA,18,2676,980,133,119
processed\train\60_SPEED_LIMIT\GX020113.MP4_snapshot_23.01.236_crop00_02.jpg,C:\Users\ASUS G 16 JVR\Desktop\deepLearning_CNN\dataset\processed\train\60_SPEED_LIMIT\GX020113.MP4_snapshot_23.01.236_crop00_02.jpg,GX020113.MP4_snapshot_23.01.236_crop00_02.jpg,GX020113.MP4_snapshot_23.01.236.jpg,train,60_SPEED_LIMIT,2,3412,1047,141,127
processed\train\LEFT_BEND\GX020113.MP4_snapshot_23.09.770_crop00_12.jpg,C:\Users\ASUS G 16 JVR\Desktop\deepLearning_CNN\dataset\processed\train\LEFT_BEND\GX020113.MP4_snapshot_23.09.770_crop00_12.jpg,GX020113.MP4_snapshot_23.09.770_crop00_12.jpg,GX020113.MP4_snapshot_23.09.770.jpg,train,LEFT_BEND,12,3351,1010,165,162
processed\train\KM_POST\GX020113.MP4_snapshot_23.09.770_crop01_11.jpg,C:\Users\ASUS G 16 JVR\Desktop\deepLearning_CNN\dataset\processed\train\KM_POST\GX020113.MP4_snapshot_23.09.770_crop01_11.jpg,GX020113.MP4_snapshot_23.09.770_crop01_11.jpg,GX020113.MP4_snapshot_23.09.770.jpg,train,KM_POST,11,3697,1316,122,157
processed\train\PRIORITY_ROAD\GX020113.MP4_snapshot_23.20.561_crop00_19.jpg,C:\Users\ASUS G 16 JVR\Desktop\deepLearning_CNN\dataset\processed\train\PRIORITY_ROAD\GX020113.MP4_snapshot_23.20.561_crop00_19.jpg,GX020113.MP4_snapshot_23.20.561_crop00_19.jpg,GX020113.MP4_snapshot_23.20.561.jpg,train,PRIORITY_ROAD,19,3169,1009,152,138
processed\train\HOSPITAL\GX020113.MP4_snapshot_23.34.827_crop00_09.jpg,C:\Users\ASUS G 16 JVR\Desktop\deepLearning_CNN\dataset\processed\train\HOSPITAL\GX020113.MP4_snapshot_23.34.827_crop00_09.jpg,GX020113.MP4_snapshot_23.34.827_crop00_09.jpg,GX020113.MP4_snapshot_23.34.827.jpg,train,HOSPITAL,9,2955,1060,72,80
processed\train\PEDESTRAIN_CR_AREA\GX020113.MP4_snapshot_23.41.210_crop00_18.jpg,C:\Users\ASUS G 16 JVR\Desktop\deepLearning_CNN\dataset\processed\train\PEDESTRAIN_CR_AREA\GX020113.MP4_snapshot_23.41.210_crop00_18.jpg,GX020113.MP4_snapshot_23.41.210_crop00_18.jpg,GX020113.MP4_snapshot_23.41.210.jpg,train,PEDESTRAIN_CR_AREA,18,2923,947,146,138
processed\train\STAGGERED_JUNCTION_RL\GX020113.MP4_snapshot_24.02.682_crop00_24.jpg,C:\Users\ASUS G 16 JVR\Desktop\deepLearning_CNN\dataset\processed\train\STAGGERED_JUNCTION_RL\GX020113.MP4_snapshot_24.02.682_crop00_24.jpg,GX020113.MP4_snapshot_24.02.682_crop00_24.jpg,GX020113.MP4_snapshot_24.02.682.jpg,train,STAGGERED_JUNCTION_RL,24,3209,904,160,168
processed\train\CHILDREN_CROSSING\GX020113.MP4_snapshot_24.11.224_crop00_05.jpg,C:\Users\ASUS G 16 JVR\Desktop\deepLearning_CNN\dataset\processed\train\CHILDREN_CROSSING\GX020113.MP4_snapshot_24.11.224_crop00_05.jpg,GX020113.MP4_snapshot_24.11.224_crop00_05.jpg,GX020113.MP4_snapshot_24.11.224.jpg,train,CHILDREN_CROSSING,5,3231,898,184,162
processed\train\KM_POST\GX020113.MP4_snapshot_24.11.224_crop01_11.jpg,C:\Users\ASUS G 16 JVR\Desktop\deepLearning_CNN\dataset\processed\train\KM_POST\GX020113.MP4_snapshot_24.11.224_crop01_11.jpg,GX020113.MP4_snapshot_24.11.224_crop01_11.jpg,GX020113.MP4_snapshot_24.11.224.jpg,train,KM_POST,11,2621,1224,52,72
processed\train\PRIORITY_ROAD\GX020113.MP4_snapshot_24.13.797_crop00_19.jpg,C:\Users\ASUS G 16 JVR\Desktop\deepLearning_CNN\dataset\processed\train\PRIORITY_ROAD\GX020113.MP4_snapshot_24.13.797_crop00_19.jpg,GX020113.MP4_snapshot_24.13.797_crop00_19.jpg,GX020113.MP4_snapshot_24.13.797.jpg,train,PRIORITY_ROAD,19,3080,912,170,160
processed\train\SLOW_DOWN\GX020113.MP4_snapshot_24.32.200_crop00_23.jpg,C:\Users\ASUS G 16 JVR\Desktop\deepLearning_CNN\dataset\processed\train\SLOW_DOWN\GX020113.MP4_snapshot_24.32.200_crop00_23.jpg,GX020113.MP4_snapshot_24.32.200_crop00_23.jpg,GX020113.MP4_snapshot_24.32.200.jpg,train,SLOW_DOWN,23,2620,1028,135,133
processed\train\40_SPEED_LIMIT\GX020113.MP4_snapshot_24.48.394_crop00_01.jpg,C:\Users\ASUS G 16 JVR\Desktop\deepLearning_CNN\dataset\processed\train\40_SPEED_LIMIT\GX020113.MP4_snapshot_24.48.394_crop00_01.jpg,GX020113.MP4_snapshot_24.48.394_crop00_01.jpg,GX020113.MP4_snapshot_24.48.394.jpg,train,40_SPEED_LIMIT,1,2631,1033,111,106
processed\train\STAGGERED_JUNCTION_RL\GX020113.MP4_snapshot_26.05.339_crop00_24.jpg,C:\Users\ASUS G 16 JVR\Desktop\deepLearning_CNN\dataset\processed\train\STAGGERED_JUNCTION_RL\GX020113.MP4_snapshot_26.05.339_crop00_24.jpg,GX020113.MP4_snapshot_26.05.339_crop00_24.jpg,GX020113.MP4_snapshot_26.05.339.jpg,train,STAGGERED_JUNCTION_RL,24,2937,1007,124,119
processed\train\60_SPEED_LIMIT\GX020113.MP4_snapshot_26.45.356_crop00_02.jpg,C:\Users\ASUS G 16 JVR\Desktop\deepLearning_CNN\dataset\processed\train\60_SPEED_LIMIT\GX020113.MP4_snapshot_26.45.356_crop00_02.jpg,GX020113.MP4_snapshot_26.45.356_crop00_02.jpg,GX020113.MP4_snapshot_26.45.356.jpg,train,60_SPEED_LIMIT,2,2996,1096,127,124
processed\train\CARRIAGE_WAY_NARROWS\GX020113.MP4_snapshot_26.45.356_crop01_04.jpg,C:\Users\ASUS G 16 JVR\Desktop\deepLearning_CNN\dataset\processed\train\CARRIAGE_WAY_NARROWS\GX020113.MP4_snapshot_26.45.356_crop01_04.jpg,GX020113.MP4_snapshot_26.45.356_crop01_04.jpg,GX020113.MP4_snapshot_26.45.356.jpg,train,CARRIAGE_WAY_NARROWS,4,2991,980,130,119
processed\train\CHILDREN_CROSSING\GX020113.MP4_snapshot_26.55.248_crop00_05.jpg,C:\Users\ASUS G 16 JVR\Desktop\deepLearning_CNN\dataset\processed\train\CHILDREN_CROSSING\GX020113.MP4_snapshot_26.55.248_crop00_05.jpg,GX020113.MP4_snapshot_26.55.248_crop00_05.jpg,GX020113.MP4_snapshot_26.55.248.jpg,train,CHILDREN_CROSSING,5,3201,812,162,154
processed\train\40_SPEED_LIMIT\GX020113.MP4_snapshot_26.55.248_crop01_01.jpg,C:\Users\ASUS G 16 JVR\Desktop\deepLearning_CNN\dataset\processed\train\40_SPEED_LIMIT\GX020113.MP4_snapshot_26.55.248_crop01_01.jpg,GX020113.MP4_snapshot_26.55.248_crop01_01.jpg,GX020113.MP4_snapshot_26.55.248.jpg,train,40_SPEED_LIMIT,1,3221,956,141,138
processed\train\40_SPEED_LIMIT\GX020113.MP4_snapshot_27.00.295_crop00_01.jpg,C:\Users\ASUS G 16 JVR\Desktop\deepLearning_CNN\dataset\processed\train\40_SPEED_LIMIT\GX020113.MP4_snapshot_27.00.295_crop00_01.jpg,GX020113.MP4_snapshot_27.00.295_crop00_01.jpg,GX020113.MP4_snapshot_27.00.295.jpg,train,40_SPEED_LIMIT,1,3252,1003,133,116
processed\train\PRIORITY_ROAD\GX020113.MP4_snapshot_28.38.238_crop00_19.jpg,C:\Users\ASUS G 16 JVR\Desktop\deepLearning_CNN\dataset\processed\train\PRIORITY_ROAD\GX020113.MP4_snapshot_28.38.238_crop00_19.jpg,GX020113.MP4_snapshot_28.38.238_crop00_19.jpg,GX020113.MP4_snapshot_28.38.238.jpg,train,PRIORITY_ROAD,19,3064,977,106,97
processed\train\DIRECTION\GX020113.MP4_snapshot_28.38.238_crop02_07.jpg,C:\Users\ASUS G 16 JVR\Desktop\deepLearning_CNN\dataset\processed\train\DIRECTION\GX020113.MP4_snapshot_28.38.238_crop02_07.jpg,GX020113.MP4_snapshot_28.38.238_crop02_07.jpg,GX020113.MP4_snapshot_28.38.238.jpg,train,DIRECTION,7,3358,904,380,238
processed\train\PEDESTRAIN_CR_AREA\GX020114.MP4_snapshot_00.11.460_crop00_18.jpg,C:\Users\ASUS G 16 JVR\Desktop\deepLearning_CNN\dataset\processed\train\PEDESTRAIN_CR_AREA\GX020114.MP4_snapshot_00.11.460_crop00_18.jpg,GX020114.MP4_snapshot_00.11.460_crop00_18.jpg,GX020114.MP4_snapshot_00.11.460.jpg,train,PEDESTRAIN_CR_AREA,18,3421,869,122,108
processed\train\PRIORITY_ROAD\GX020114.MP4_snapshot_00.18.798_crop00_19.jpg,C:\Users\ASUS G 16 JVR\Desktop\deepLearning_CNN\dataset\processed\train\PRIORITY_ROAD\GX020114.MP4_snapshot_00.18.798_crop00_19.jpg,GX020114.MP4_snapshot_00.18.798_crop00_19.jpg,GX020114.MP4_snapshot_00.18.798.jpg,train,PRIORITY_ROAD,19,3060,979,106,95
processed\train\ROAD_JUNCTION_ON_THE_RIGHT\GX020114.MP4_snapshot_00.37.941_crop00_22.jpg,C:\Users\ASUS G 16 JVR\Desktop\deepLearning_CNN\dataset\processed\train\ROAD_JUNCTION_ON_THE_RIGHT\GX020114.MP4_snapshot_00.37.941_crop00_22.jpg,GX020114.MP4_snapshot_00.37.941_crop00_22.jpg,GX020114.MP4_snapshot_00.37.941.jpg,train,ROAD_JUNCTION_ON_THE_RIGHT,22,3074,731,173,149
processed\train\PEDESTRAIN_CROSSING\GX020114.MP4_snapshot_00.37.941_crop01_17.jpg,C:\Users\ASUS G 16 JVR\Desktop\deepLearning_CNN\dataset\processed\train\PEDESTRAIN_CROSSING\GX020114.MP4_snapshot_00.37.941_crop01_17.jpg,GX020114.MP4_snapshot_00.37.941_crop01_17.jpg,GX020114.MP4_snapshot_00.37.941.jpg,train,PEDESTRAIN_CROSSING,17,3071,869,176,162
processed\train\HOSPITAL\GX020114.MP4_snapshot_00.50.372_crop00_09.jpg,C:\Users\ASUS G 16 JVR\Desktop\deepLearning_CNN\dataset\processed\train\HOSPITAL\GX020114.MP4_snapshot_00.50.372_crop00_09.jpg,GX020114.MP4_snapshot_00.50.372_crop00_09.jpg,GX020114.MP4_snapshot_00.50.372.jpg,train,HOSPITAL,9,3042,863,119,108
processed\train\NO_HORN\GX020114.MP4_snapshot_00.50.372_crop01_14.jpg,C:\Users\ASUS G 16 JVR\Desktop\deepLearning_CNN\dataset\processed\train\NO_HORN\GX020114.MP4_snapshot_00.50.372_crop01_14.jpg,GX020114.MP4_snapshot_00.50.372_crop01_14.jpg,GX020114.MP4_snapshot_00.50.372.jpg,train,NO_HORN,14,3031,734,141,130
processed\train\ROAD_JUNCTION_ON_THE_LEFT\GX020114.MP4_snapshot_01.34.864_crop00_21.jpg,C:\Users\ASUS G 16 JVR\Desktop\deepLearning_CNN\dataset\processed\train\ROAD_JUNCTION_ON_THE_LEFT\GX020114.MP4_snapshot_01.34.864_crop00_21.jpg,GX020114.MP4_snapshot_01.34.864_crop00_21.jpg,GX020114.MP4_snapshot_01.34.864.jpg,train,ROAD_JUNCTION_ON_THE_LEFT,21,3196,890,147,129
processed\train\PEDESTRAIN_CROSSING\GX020114.MP4_snapshot_01.48.644_crop00_17.jpg,C:\Users\ASUS G 16 JVR\Desktop\deepLearning_CNN\dataset\processed\train\PEDESTRAIN_CROSSING\GX020114.MP4_snapshot_01.48.644_crop00_17.jpg,GX020114.MP4_snapshot_01.48.644_crop00_17.jpg,GX020114.MP4_snapshot_01.48.644.jpg,train,PEDESTRAIN_CROSSING,17,3323,953,91,89
processed\train\PEDESTRAIN_CR_AREA\GX020114.MP4_snapshot_01.55.493_crop00_18.jpg,C:\Users\ASUS G 16 JVR\Desktop\deepLearning_CNN\dataset\processed\train\PEDESTRAIN_CR_AREA\GX020114.MP4_snapshot_01.55.493_crop00_18.jpg,GX020114.MP4_snapshot_01.55.493_crop00_18.jpg,GX020114.MP4_snapshot_01.55.493.jpg,train,PEDESTRAIN_CR_AREA,18,3375,901,103,96
processed\train\ROAD_JUNCTION_ON_THE_RIGHT\GX020114.MP4_snapshot_01.59.919_crop00_22.jpg,C:\Users\ASUS G 16 JVR\Desktop\deepLearning_CNN\dataset\processed\train\ROAD_JUNCTION_ON_THE_RIGHT\GX020114.MP4_snapshot_01.59.919_crop00_22.jpg,GX020114.MP4_snapshot_01.59.919_crop00_22.jpg,GX020114.MP4_snapshot_01.59.919.jpg,train,ROAD_JUNCTION_ON_THE_RIGHT,22,2645,912,103,105
processed\train\NO_PARKING\GX020114.MP4_snapshot_03.38.184_crop00_15.jpg,C:\Users\ASUS G 16 JVR\Desktop\deepLearning_CNN\dataset\processed\train\NO_PARKING\GX020114.MP4_snapshot_03.38.184_crop00_15.jpg,GX020114.MP4_snapshot_03.38.184_crop00_15.jpg,GX020114.MP4_snapshot_03.38.184.jpg,train,NO_PARKING,15,3513,927,81,72
processed\train\RIGHT_BEND\GX010117.MP4_snapshot_01.05.101_crop00_20.jpg,C:\Users\ASUS G 16 JVR\Desktop\deepLearning_CNN\dataset\processed\train\RIGHT_BEND\GX010117.MP4_snapshot_01.05.101_crop00_20.jpg,GX010117.MP4_snapshot_01.05.101_crop00_20.jpg,GX010117.MP4_snapshot_01.05.101.jpg,train,RIGHT_BEND,20,2665,721,164,164
processed\train\DIRECTION\GX010117.MP4_snapshot_01.10.300_crop00_07.jpg,C:\Users\ASUS G 16 JVR\Desktop\deepLearning_CNN\dataset\processed\train\DIRECTION\GX010117.MP4_snapshot_01.10.300_crop00_07.jpg,GX010117.MP4_snapshot_01.10.300_crop00_07.jpg,GX010117.MP4_snapshot_01.10.300.jpg,train,DIRECTION,7,2297,403,221,180
processed\train\NO_UTURN\GX010117.MP4_snapshot_01.15.242_crop00_16.jpg,C:\Users\ASUS G 16 JVR\Desktop\deepLearning_CNN\dataset\processed\train\NO_UTURN\GX010117.MP4_snapshot_01.15.242_crop00_16.jpg,GX010117.MP4_snapshot_01.15.242_crop00_16.jpg,GX010117.MP4_snapshot_01.15.242.jpg,train,NO_UTURN,16,587,337,213,202
processed\train\KEEP_RIGHT\GX010117.MP4_snapshot_01.17.141_crop00_10.jpg,C:\Users\ASUS G 16 JVR\Desktop\deepLearning_CNN\dataset\processed\train\KEEP_RIGHT\GX010117.MP4_snapshot_01.17.141_crop00_10.jpg,GX010117.MP4_snapshot_01.17.141_crop00_10.jpg,GX010117.MP4_snapshot_01.17.141.jpg,train,KEEP_RIGHT,10,541,480,208,223
processed\train\DIRECTION\GX010117.MP4_snapshot_01.17.141_crop01_07.jpg,C:\Users\ASUS G 16 JVR\Desktop\deepLearning_CNN\dataset\processed\train\DIRECTION\GX010117.MP4_snapshot_01.17.141_crop01_07.jpg,GX010117.MP4_snapshot_01.17.141_crop01_07.jpg,GX010117.MP4_snapshot_01.17.141.jpg,train,DIRECTION,7,1186,769,133,87
processed\train\PEDESTRAIN_CROSSING\GX010117.MP4_snapshot_01.17.141_crop02_17.jpg,C:\Users\ASUS G 16 JVR\Desktop\deepLearning_CNN\dataset\processed\train\PEDESTRAIN_CROSSING\GX010117.MP4_snapshot_01.17.141_crop02_17.jpg,GX010117.MP4_snapshot_01.17.141_crop02_17.jpg,GX010117.MP4_snapshot_01.17.141.jpg,train,PEDESTRAIN_CROSSING,17,2367,876,63,63
processed\train\PEDESTRAIN_CROSSING\GX010117.MP4_snapshot_01.18.721_crop00_17.jpg,C:\Users\ASUS G 16 JVR\Desktop\deepLearning_CNN\dataset\processed\train\PEDESTRAIN_CROSSING\GX010117.MP4_snapshot_01.18.721_crop00_17.jpg,GX010117.MP4_snapshot_01.18.721_crop00_17.jpg,GX010117.MP4_snapshot_01.18.721.jpg,train,PEDESTRAIN_CROSSING,17,2784,695,173,168
processed\train\DIRECTION\GX010117.MP4_snapshot_01.18.721_crop01_07.jpg,C:\Users\ASUS G 16 JVR\Desktop\deepLearning_CNN\dataset\processed\train\DIRECTION\GX010117.MP4_snapshot_01.18.721_crop01_07.jpg,GX010117.MP4_snapshot_01.18.721_crop01_07.jpg,GX010117.MP4_snapshot_01.18.721.jpg,train,DIRECTION,7,261,570,280,167
processed\train\NO_UTURN\GX010117.MP4_snapshot_01.24.456_crop00_16.jpg,C:\Users\ASUS G 16 JVR\Desktop\deepLearning_CNN\dataset\processed\train\NO_UTURN\GX010117.MP4_snapshot_01.24.456_crop00_16.jpg,GX010117.MP4_snapshot_01.24.456_crop00_16.jpg,GX010117.MP4_snapshot_01.24.456.jpg,train,NO_UTURN,16,657,309,200,210
processed\train\KEEP_RIGHT\GX010117.MP4_snapshot_01.25.801_crop01_10.jpg,C:\Users\ASUS G 16 JVR\Desktop\deepLearning_CNN\dataset\processed\train\KEEP_RIGHT\GX010117.MP4_snapshot_01.25.801_crop01_10.jpg,GX010117.MP4_snapshot_01.25.801_crop01_10.jpg,GX010117.MP4_snapshot_01.25.801.jpg,train,KEEP_RIGHT,10,1476,806,87,90
processed\train\80_SPEED_LIMIT\GX010117.MP4_snapshot_04.07.365_crop00_03.jpg,C:\Users\ASUS G 16 JVR\Desktop\deepLearning_CNN\dataset\processed\train\80_SPEED_LIMIT\GX010117.MP4_snapshot_04.07.365_crop00_03.jpg,GX010117.MP4_snapshot_04.07.365_crop00_03.jpg,GX010117.MP4_snapshot_04.07.365.jpg,train,80_SPEED_LIMIT,3,2830,675,182,182
processed\train\80_SPEED_LIMIT\GX010117.MP4_snapshot_04.17.145_crop00_03.jpg,C:\Users\ASUS G 16 JVR\Desktop\deepLearning_CNN\dataset\processed\train\80_SPEED_LIMIT\GX010117.MP4_snapshot_04.17.145_crop00_03.jpg,GX010117.MP4_snapshot_04.17.145_crop00_03.jpg,GX010117.MP4_snapshot_04.17.145.jpg,train,80_SPEED_LIMIT,3,2974,704,216,216
processed\train\ROAD_JUNCTION_ON_THE_RIGHT\GX010117.MP4_snapshot_04.53.313_crop00_22.jpg,C:\Users\ASUS G 16 JVR\Desktop\deepLearning_CNN\dataset\processed\train\ROAD_JUNCTION_ON_THE_RIGHT\GX010117.MP4_snapshot_04.53.313_crop00_22.jpg,GX010117.MP4_snapshot_04.53.313_crop00_22.jpg,GX010117.MP4_snapshot_04.53.313.jpg,train,ROAD_JUNCTION_ON_THE_RIGHT,22,3031,535,292,276
processed\train\SLOW_DOWN\GX010117.MP4_snapshot_05.47.748_crop00_23.jpg,C:\Users\ASUS G 16 JVR\Desktop\deepLearning_CNN\dataset\processed\train\SLOW_DOWN\GX010117.MP4_snapshot_05.47.748_crop00_23.jpg,GX010117.MP4_snapshot_05.47.748_crop00_23.jpg,GX010117.MP4_snapshot_05.47.748.jpg,train,SLOW_DOWN,23,2678,725,136,129
processed\train\SLOW_DOWN\GX010117.MP4_snapshot_08.14.131_crop00_23.jpg,C:\Users\ASUS G 16 JVR\Desktop\deepLearning_CNN\dataset\processed\train\SLOW_DOWN\GX010117.MP4_snapshot_08.14.131_crop00_23.jpg,GX010117.MP4_snapshot_08.14.131_crop00_23.jpg,GX010117.MP4_snapshot_08.14.131.jpg,train,SLOW_DOWN,23,2946,663,211,211
processed\train\40_SPEED_LIMIT\GX010117.MP4_snapshot_08.15.807_crop00_01.jpg,C:\Users\ASUS G 16 JVR\Desktop\deepLearning_CNN\dataset\processed\train\40_SPEED_LIMIT\GX010117.MP4_snapshot_08.15.807_crop00_01.jpg,GX010117.MP4_snapshot_08.15.807_crop00_01.jpg,GX010117.MP4_snapshot_08.15.807.jpg,train,40_SPEED_LIMIT,1,2734,719,138,131
processed\train\END_SPEED_LIMIT\GX010117.MP4_snapshot_08.52.428_crop00_08.jpg,C:\Users\ASUS G 16 JVR\Desktop\deepLearning_CNN\dataset\processed\train\END_SPEED_LIMIT\GX010117.MP4_snapshot_08.52.428_crop00_08.jpg,GX010117.MP4_snapshot_08.52.428_crop00_08.jpg,GX010117.MP4_snapshot_08.52.428.jpg,train,END_SPEED_LIMIT,8,3137,687,198,181
processed\train\PEDESTRAIN_CROSSING\GX010117.MP4_snapshot_11.35.364_crop00_17.jpg,C:\Users\ASUS G 16 JVR\Desktop\deepLearning_CNN\dataset\processed\train\PEDESTRAIN_CROSSING\GX010117.MP4_snapshot_11.35.364_crop00_17.jpg,GX010117.MP4_snapshot_11.35.364_crop00_17.jpg,GX010117.MP4_snapshot_11.35.364.jpg,train,PEDESTRAIN_CROSSING,17,2749,719,154,154
processed\train\80_SPEED_LIMIT\GX010117.MP4_snapshot_12.47.147_crop00_03.jpg,C:\Users\ASUS G 16 JVR\Desktop\deepLearning_CNN\dataset\processed\train\80_SPEED_LIMIT\GX010117.MP4_snapshot_12.47.147_crop00_03.jpg,GX010117.MP4_snapshot_12.47.147_crop00_03.jpg,GX010117.MP4_snapshot_12.47.147.jpg,train,80_SPEED_LIMIT,3,2876,647,200,191
processed\train\SLOW_DOWN\GX010117.MP4_snapshot_14.15.130_crop00_23.jpg,C:\Users\ASUS G 16 JVR\Desktop\deepLearning_CNN\dataset\processed\train\SLOW_DOWN\GX010117.MP4_snapshot_14.15.130_crop00_23.jpg,GX010117.MP4_snapshot_14.15.130_crop00_23.jpg,GX010117.MP4_snapshot_14.15.130.jpg,train,SLOW_DOWN,23,2869,720,184,170
processed\train\40_SPEED_LIMIT\GX010117.MP4_snapshot_14.18.541_crop00_01.jpg,C:\Users\ASUS G 16 JVR\Desktop\deepLearning_CNN\dataset\processed\train\40_SPEED_LIMIT\GX010117.MP4_snapshot_14.18.541_crop00_01.jpg,GX010117.MP4_snapshot_14.18.541_crop00_01.jpg,GX010117.MP4_snapshot_14.18.541.jpg,train,40_SPEED_LIMIT,1,2874,706,176,165
processed\train\NO_HORN\GX010117.MP4_snapshot_14.24.899_crop00_14.jpg,C:\Users\ASUS G 16 JVR\Desktop\deepLearning_CNN\dataset\processed\train\NO_HORN\GX010117.MP4_snapshot_14.24.899_crop00_14.jpg,GX010117.MP4_snapshot_14.24.899_crop00_14.jpg,GX010117.MP4_snapshot_14.24.899.jpg,train,NO_HORN,14,3037,367,225,208
processed\train\CHILDREN_CROSSING\GX010117.MP4_snapshot_14.24.899_crop01_05.jpg,C:\Users\ASUS G 16 JVR\Desktop\deepLearning_CNN\dataset\processed\train\CHILDREN_CROSSING\GX010117.MP4_snapshot_14.24.899_crop01_05.jpg,GX010117.MP4_snapshot_14.24.899_crop01_05.jpg,GX010117.MP4_snapshot_14.24.899.jpg,train,CHILDREN_CROSSING,5,3027,587,254,249
processed\train\HOSPITAL\GX010117.MP4_snapshot_14.37.721_crop00_09.jpg,C:\Users\ASUS G 16 JVR\Desktop\deepLearning_CNN\dataset\processed\train\HOSPITAL\GX010117.MP4_snapshot_14.37.721_crop00_09.jpg,GX010117.MP4_snapshot_14.37.721_crop00_09.jpg,GX010117.MP4_snapshot_14.37.721.jpg,train,HOSPITAL,9,2518,783,114,110
processed\train\NO_HORN\GX010117.MP4_snapshot_16.17.475_crop00_14.jpg,C:\Users\ASUS G 16 JVR\Desktop\deepLearning_CNN\dataset\processed\train\NO_HORN\GX010117.MP4_snapshot_16.17.475_crop00_14.jpg,GX010117.MP4_snapshot_16.17.475_crop00_14.jpg,GX010117.MP4_snapshot_16.17.475.jpg,train,NO_HORN,14,2509,649,119,119
processed\train\CHILDREN_CROSSING\GX010117.MP4_snapshot_16.17.475_crop01_05.jpg,C:\Users\ASUS G 16 JVR\Desktop\deepLearning_CNN\dataset\processed\train\CHILDREN_CROSSING\GX010117.MP4_snapshot_16.17.475_crop01_05.jpg,GX010117.MP4_snapshot_16.17.475_crop01_05.jpg,GX010117.MP4_snapshot_16.17.475.jpg,train,CHILDREN_CROSSING,5,2499,771,142,138
processed\train\NO_HORN\GX010117.MP4_snapshot_16.17.885_crop00_14.jpg,C:\Users\ASUS G 16 JVR\Desktop\deepLearning_CNN\dataset\processed\train\NO_HORN\GX010117.MP4_snapshot_16.17.885_crop00_14.jpg,GX010117.MP4_snapshot_16.17.885_crop00_14.jpg,GX010117.MP4_snapshot_16.17.885.jpg,train,NO_HORN,14,2893,390,211,211
processed\train\CHILDREN_CROSSING\GX010117.MP4_snapshot_16.17.885_crop01_05.jpg,C:\Users\ASUS G 16 JVR\Desktop\deepLearning_CNN\dataset\processed\train\CHILDREN_CROSSING\GX010117.MP4_snapshot_16.17.885_crop01_05.jpg,GX010117.MP4_snapshot_16.17.885_crop01_05.jpg,GX010117.MP4_snapshot_16.17.885.jpg,train,CHILDREN_CROSSING,5,2873,605,249,238
processed\train\PEDESTRAIN_CR_AREA\GX010117.MP4_snapshot_16.25.605_crop00_18.jpg,C:\Users\ASUS G 16 JVR\Desktop\deepLearning_CNN\dataset\processed\train\PEDESTRAIN_CR_AREA\GX010117.MP4_snapshot_16.25.605_crop00_18.jpg,GX010117.MP4_snapshot_16.25.605_crop00_18.jpg,GX010117.MP4_snapshot_16.25.605.jpg,train,PEDESTRAIN_CR_AREA,18,2569,782,110,109
processed\train\PRIORITY_ROAD\GX010117.MP4_snapshot_17.16.426_crop00_19.jpg,C:\Users\ASUS G 16 JVR\Desktop\deepLearning_CNN\dataset\processed\train\PRIORITY_ROAD\GX010117.MP4_snapshot_17.16.426_crop00_19.jpg,GX010117.MP4_snapshot_17.16.426_crop00_19.jpg,GX010117.MP4_snapshot_17.16.426.jpg,train,PRIORITY_ROAD,19,3176,497,300,292
processed\train\40_SPEED_LIMIT\GX010117.MP4_snapshot_18.33.229_crop00_01.jpg,C:\Users\ASUS G 16 JVR\Desktop\deepLearning_CNN\dataset\processed\train\40_SPEED_LIMIT\GX010117.MP4_snapshot_18.33.229_crop00_01.jpg,GX010117.MP4_snapshot_18.33.229_crop00_01.jpg,GX010117.MP4_snapshot_18.33.229.jpg,train,40_SPEED_LIMIT,1,2764,714,138,133
processed\train\LEFT_BEND\GX010117.MP4_snapshot_20.55.909_crop00_12.jpg,C:\Users\ASUS G 16 JVR\Desktop\deepLearning_CNN\dataset\processed\train\LEFT_BEND\GX010117.MP4_snapshot_20.55.909_crop00_12.jpg,GX010117.MP4_snapshot_20.55.909_crop00_12.jpg,GX010117.MP4_snapshot_20.55.909.jpg,train,LEFT_BEND,12,2779,690,173,171
processed\train\PRIORITY_ROAD\GX010117.MP4_snapshot_21.05.641_crop00_19.jpg,C:\Users\ASUS G 16 JVR\Desktop\deepLearning_CNN\dataset\processed\train\PRIORITY_ROAD\GX010117.MP4_snapshot_21.05.641_crop00_19.jpg,GX010117.MP4_snapshot_21.05.641_crop00_19.jpg,GX010117.MP4_snapshot_21.05.641.jpg,train,PRIORITY_ROAD,19,2831,625,219,219
processed\train\NO_HORN\GX010117.MP4_snapshot_22.11.595_crop00_14.jpg,C:\Users\ASUS G 16 JVR\Desktop\deepLearning_CNN\dataset\processed\train\NO_HORN\GX010117.MP4_snapshot_22.11.595_crop00_14.jpg,GX010117.MP4_snapshot_22.11.595_crop00_14.jpg,GX010117.MP4_snapshot_22.11.595.jpg,train,NO_HORN,14,2769,494,179,170
processed\train\HOSPITAL\GX010117.MP4_snapshot_22.11.595_crop01_09.jpg,C:\Users\ASUS G 16 JVR\Desktop\deepLearning_CNN\dataset\processed\train\HOSPITAL\GX010117.MP4_snapshot_22.11.595_crop01_09.jpg,GX010117.MP4_snapshot_22.11.595_crop01_09.jpg,GX010117.MP4_snapshot_22.11.595.jpg,train,HOSPITAL,9,2788,680,141,146
processed\train\DIRECTION\GX010117.MP4_snapshot_22.34.294_crop00_07.jpg,C:\Users\ASUS G 16 JVR\Desktop\deepLearning_CNN\dataset\processed\train\DIRECTION\GX010117.MP4_snapshot_22.34.294_crop00_07.jpg,GX010117.MP4_snapshot_22.34.294_crop00_07.jpg,GX010117.MP4_snapshot_22.34.294.jpg,train,DIRECTION,7,2139,453,221,214
processed\train\PEDESTRAIN_CR_AREA\GX010118.MP4_snapshot_00.10.801_crop00_18.jpg,C:\Users\ASUS G 16 JVR\Desktop\deepLearning_CNN\dataset\processed\train\PEDESTRAIN_CR_AREA\GX010118.MP4_snapshot_00.10.801_crop00_18.jpg,GX010118.MP4_snapshot_00.10.801_crop00_18.jpg,GX010118.MP4_snapshot_00.10.801.jpg,train,PEDESTRAIN_CR_AREA,18,3212,488,137,137
processed\train\ROAD_JUNCTION_ON_THE_LEFT\GX010118.MP4_snapshot_00.10.801_crop01_21.jpg,C:\Users\ASUS G 16 JVR\Desktop\deepLearning_CNN\dataset\processed\train\ROAD_JUNCTION_ON_THE_LEFT\GX010118.MP4_snapshot_00.10.801_crop01_21.jpg,GX010118.MP4_snapshot_00.10.801_crop01_21.jpg,GX010118.MP4_snapshot_00.10.801.jpg,train,ROAD_JUNCTION_ON_THE_LEFT,21,2414,675,64,64
processed\train\ROAD_JUNCTION_ON_THE_LEFT\GX010118.MP4_snapshot_00.12.342_crop00_21.jpg,C:\Users\ASUS G 16 JVR\Desktop\deepLearning_CNN\dataset\processed\train\ROAD_JUNCTION_ON_THE_LEFT\GX010118.MP4_snapshot_00.12.342_crop00_21.jpg,GX010118.MP4_snapshot_00.12.342_crop00_21.jpg,GX010118.MP4_snapshot_00.12.342.jpg,train,ROAD_JUNCTION_ON_THE_LEFT,21,2851,539,134,131
processed\train\PRIORITY_ROAD\GX010118.MP4_snapshot_00.27.737_crop01_19.jpg,C:\Users\ASUS G 16 JVR\Desktop\deepLearning_CNN\dataset\processed\train\PRIORITY_ROAD\GX010118.MP4_snapshot_00.27.737_crop01_19.jpg,GX010118.MP4_snapshot_00.27.737_crop01_19.jpg,GX010118.MP4_snapshot_00.27.737.jpg,train,PRIORITY_ROAD,19,2469,653,79,79
processed\train\END_SPEED_LIMIT\GX010118.MP4_snapshot_00.30.397_crop00_08.jpg,C:\Users\ASUS G 16 JVR\Desktop\deepLearning_CNN\dataset\processed\train\END_SPEED_LIMIT\GX010118.MP4_snapshot_00.30.397_crop00_08.jpg,GX010118.MP4_snapshot_00.30.397_crop00_08.jpg,GX010118.MP4_snapshot_00.30.397.jpg,train,END_SPEED_LIMIT,8,3310,409,189,179
processed\train\SLOW_DOWN\GX010118.MP4_snapshot_00.54.307_crop00_23.jpg,C:\Users\ASUS G 16 JVR\Desktop\deepLearning_CNN\dataset\processed\train\SLOW_DOWN\GX010118.MP4_snapshot_00.54.307_crop00_23.jpg,GX010118.MP4_snapshot_00.54.307_crop00_23.jpg,GX010118.MP4_snapshot_00.54.307.jpg,train,SLOW_DOWN,23,2982,526,124,124
processed\train\DIRECTION\GX010118.MP4_snapshot_00.54.307_crop01_07.jpg,C:\Users\ASUS G 16 JVR\Desktop\deepLearning_CNN\dataset\processed\train\DIRECTION\GX010118.MP4_snapshot_00.54.307_crop01_07.jpg,GX010118.MP4_snapshot_00.54.307_crop01_07.jpg,GX010118.MP4_snapshot_00.54.307.jpg,train,DIRECTION,7,2185,627,92,64
processed\train\DIRECTION\GX010118.MP4_snapshot_00.59.308_crop00_07.jpg,C:\Users\ASUS G 16 JVR\Desktop\deepLearning_CNN\dataset\processed\train\DIRECTION\GX010118.MP4_snapshot_00.59.308_crop00_07.jpg,GX010118.MP4_snapshot_00.59.308_crop00_07.jpg,GX010118.MP4_snapshot_00.59.308.jpg,train,DIRECTION,7,2362,144,338,247
processed\train\CARRIAGE_WAY_NARROWS\GX010118.MP4_snapshot_00.59.308_crop01_04.jpg,C:\Users\ASUS G 16 JVR\Desktop\deepLearning_CNN\dataset\processed\train\CARRIAGE_WAY_NARROWS\GX010118.MP4_snapshot_00.59.308_crop01_04.jpg,GX010118.MP4_snapshot_00.59.308_crop01_04.jpg,GX010118.MP4_snapshot_00.59.308.jpg,train,CARRIAGE_WAY_NARROWS,4,2545,620,88,90
processed\train\PEDESTRAIN_CR_AREA\GX010118.MP4_snapshot_01.01.912_crop00_18.jpg,C:\Users\ASUS G 16 JVR\Desktop\deepLearning_CNN\dataset\processed\train\PEDESTRAIN_CR_AREA\GX010118.MP4_snapshot_01.01.912_crop00_18.jpg,GX010118.MP4_snapshot_01.01.912_crop00_18.jpg,GX010118.MP4_snapshot_01.01.912.jpg,train,PEDESTRAIN_CR_AREA,18,2999,522,124,117
processed\train\PRIORITY_ROAD\GX010118.MP4_snapshot_01.07.206_crop00_19.jpg,C:\Users\ASUS G 16 JVR\Desktop\deepLearning_CNN\dataset\processed\train\PRIORITY_ROAD\GX010118.MP4_snapshot_01.07.206_crop00_19.jpg,GX010118.MP4_snapshot_01.07.206_crop00_19.jpg,GX010118.MP4_snapshot_01.07.206.jpg,train,PRIORITY_ROAD,19,2954,469,173,169
processed\train\PRIORITY_ROAD\GX010118.MP4_snapshot_01.42.093_crop00_19.jpg,C:\Users\ASUS G 16 JVR\Desktop\deepLearning_CNN\dataset\processed\train\PRIORITY_ROAD\GX010118.MP4_snapshot_01.42.093_crop00_19.jpg,GX010118.MP4_snapshot_01.42.093_crop00_19.jpg,GX010118.MP4_snapshot_01.42.093.jpg,train,PRIORITY_ROAD,19,2970,292,182,188
processed\train\CARRIAGE_WAY_NARROWS\GX010118.MP4_snapshot_01.42.093_crop01_04.jpg,C:\Users\ASUS G 16 JVR\Desktop\deepLearning_CNN\dataset\processed\train\CARRIAGE_WAY_NARROWS\GX010118.MP4_snapshot_01.42.093_crop01_04.jpg,GX010118.MP4_snapshot_01.42.093_crop01_04.jpg,GX010118.MP4_snapshot_01.42.093.jpg,train,CARRIAGE_WAY_NARROWS,4,2961,486,182,178
processed\train\ROAD_JUNCTION_ON_THE_RIGHT\GX010118.MP4_snapshot_02.05.741_crop00_22.jpg,C:\Users\ASUS G 16 JVR\Desktop\deepLearning_CNN\dataset\processed\train\ROAD_JUNCTION_ON_THE_RIGHT\GX010118.MP4_snapshot_02.05.741_crop00_22.jpg,GX010118.MP4_snapshot_02.05.741_crop00_22.jpg,GX010118.MP4_snapshot_02.05.741.jpg,train,ROAD_JUNCTION_ON_THE_RIGHT,22,2726,557,142,140
processed\train\SLOW_DOWN\GX010118.MP4_snapshot_02.44.964_crop00_23.jpg,C:\Users\ASUS G 16 JVR\Desktop\deepLearning_CNN\dataset\processed\train\SLOW_DOWN\GX010118.MP4_snapshot_02.44.964_crop00_23.jpg,GX010118.MP4_snapshot_02.44.964_crop00_23.jpg,GX010118.MP4_snapshot_02.44.964.jpg,train,SLOW_DOWN,23,2692,559,123,123
processed\train\ROAD_JUNCTION_ON_THE_RIGHT\GX010118.MP4_snapshot_02.51.339_crop00_22.jpg,C:\Users\ASUS G 16 JVR\Desktop\deepLearning_CNN\dataset\processed\train\ROAD_JUNCTION_ON_THE_RIGHT\GX010118.MP4_snapshot_02.51.339_crop00_22.jpg,GX010118.MP4_snapshot_02.51.339_crop00_22.jpg,GX010118.MP4_snapshot_02.51.339.jpg,train,ROAD_JUNCTION_ON_THE_RIGHT,22,3110,449,195,195
processed\train\PEDESTRAIN_CR_AREA\GX010118.MP4_snapshot_02.51.339_crop01_18.jpg,C:\Users\ASUS G 16 JVR\Desktop\deepLearning_CNN\dataset\processed\train\PEDESTRAIN_CR_AREA\GX010118.MP4_snapshot_02.51.339_crop01_18.jpg,GX010118.MP4_snapshot_02.51.339_crop01_18.jpg,GX010118.MP4_snapshot_02.51.339.jpg,train,PEDESTRAIN_CR_AREA,18,2389,688,57,57
processed\train\ROAD_JUNCTION_ON_THE_LEFT\GX010118.MP4_snapshot_03.17.617_crop00_21.jpg,C:\Users\ASUS G 16 JVR\Desktop\deepLearning_CNN\dataset\processed\train\ROAD_JUNCTION_ON_THE_LEFT\GX010118.MP4_snapshot_03.17.617_crop00_21.jpg,GX010118.MP4_snapshot_03.17.617_crop00_21.jpg,GX010118.MP4_snapshot_03.17.617.jpg,train,ROAD_JUNCTION_ON_THE_LEFT,21,2694,564,143,146
processed\train\ROAD_JUNCTION_ON_THE_LEFT\GX010118.MP4_snapshot_04.31.085_crop00_21.jpg,C:\Users\ASUS G 16 JVR\Desktop\deepLearning_CNN\dataset\processed\train\ROAD_JUNCTION_ON_THE_LEFT\GX010118.MP4_snapshot_04.31.085_crop00_21.jpg,GX010118.MP4_snapshot_04.31.085_crop00_21.jpg,GX010118.MP4_snapshot_04.31.085.jpg,train,ROAD_JUNCTION_ON_THE_LEFT,21,2764,541,152,143
processed\train\ROAD_JUNCTION_ON_THE_RIGHT\GX010118.MP4_snapshot_04.59.639_crop00_22.jpg,C:\Users\ASUS G 16 JVR\Desktop\deepLearning_CNN\dataset\processed\train\ROAD_JUNCTION_ON_THE_RIGHT\GX010118.MP4_snapshot_04.59.639_crop00_22.jpg,GX010118.MP4_snapshot_04.59.639_crop00_22.jpg,GX010118.MP4_snapshot_04.59.639.jpg,train,ROAD_JUNCTION_ON_THE_RIGHT,22,2911,506,167,173
processed\train\SLOW_DOWN\GX010118.MP4_snapshot_05.03.557_crop00_23.jpg,C:\Users\ASUS G 16 JVR\Desktop\deepLearning_CNN\dataset\processed\train\SLOW_DOWN\GX010118.MP4_snapshot_05.03.557_crop00_23.jpg,GX010118.MP4_snapshot_05.03.557_crop00_23.jpg,GX010118.MP4_snapshot_05.03.557.jpg,train,SLOW_DOWN,23,3031,513,167,162
processed\train\PEDESTRAIN_CR_AREA\GX010118.MP4_snapshot_05.03.557_crop01_18.jpg,C:\Users\ASUS G 16 JVR\Desktop\deepLearning_CNN\dataset\processed\train\PEDESTRAIN_CR_AREA\GX010118.MP4_snapshot_05.03.557_crop01_18.jpg,GX010118.MP4_snapshot_05.03.557_crop01_18.jpg,GX010118.MP4_snapshot_05.03.557.jpg,train,PEDESTRAIN_CR_AREA,18,2352,709,46,47
processed\train\ROAD_JUNCTION_ON_THE_LEFT\GX010118.MP4_snapshot_05.03.557_crop02_21.jpg,C:\Users\ASUS G 16 JVR\Desktop\deepLearning_CNN\dataset\processed\train\ROAD_JUNCTION_ON_THE_LEFT\GX010118.MP4_snapshot_05.03.557_crop02_21.jpg,GX010118.MP4_snapshot_05.03.557_crop02_21.jpg,GX010118.MP4_snapshot_05.03.557.jpg,train,ROAD_JUNCTION_ON_THE_LEFT,21,2213,732,39,40
processed\train\ROAD_JUNCTION_ON_THE_LEFT\GX010118.MP4_snapshot_05.11.468_crop00_21.jpg,C:\Users\ASUS G 16 JVR\Desktop\deepLearning_CNN\dataset\processed\train\ROAD_JUNCTION_ON_THE_LEFT\GX010118.MP4_snapshot_05.11.468_crop00_21.jpg,GX010118.MP4_snapshot_05.11.468_crop00_21.jpg,GX010118.MP4_snapshot_05.11.468.jpg,train,ROAD_JUNCTION_ON_THE_LEFT,21,2839,514,164,161
processed\train\ROAD_JUNCTION_ON_THE_RIGHT\GX010118.MP4_snapshot_05.18.462_crop00_22.jpg,C:\Users\ASUS G 16 JVR\Desktop\deepLearning_CNN\dataset\processed\train\ROAD_JUNCTION_ON_THE_RIGHT\GX010118.MP4_snapshot_05.18.462_crop00_22.jpg,GX010118.MP4_snapshot_05.18.462_crop00_22.jpg,GX010118.MP4_snapshot_05.18.462.jpg,train,ROAD_JUNCTION_ON_THE_RIGHT,22,2899,521,164,166
processed\train\ROAD_JUNCTION_ON_THE_LEFT\GX010118.MP4_snapshot_06.22.725_crop00_21.jpg,C:\Users\ASUS G 16 JVR\Desktop\deepLearning_CNN\dataset\processed\train\ROAD_JUNCTION_ON_THE_LEFT\GX010118.MP4_snapshot_06.22.725_crop00_21.jpg,GX010118.MP4_snapshot_06.22.725_crop00_21.jpg,GX010118.MP4_snapshot_06.22.725.jpg,train,ROAD_JUNCTION_ON_THE_LEFT,21,2950,450,186,188
processed\train\NO_HORN\GX010118.MP4_snapshot_06.40.381_crop00_14.jpg,C:\Users\ASUS G 16 JVR\Desktop\deepLearning_CNN\dataset\processed\train\NO_HORN\GX010118.MP4_snapshot_06.40.381_crop00_14.jpg,GX010118.MP4_snapshot_06.40.381_crop00_14.jpg,GX010118.MP4_snapshot_06.40.381.jpg,train,NO_HORN,14,2861,341,141,145
processed\train\CHILDREN_CROSSING\GX010118.MP4_snapshot_06.40.381_crop01_05.jpg,C:\Users\ASUS G 16 JVR\Desktop\deepLearning_CNN\dataset\processed\train\CHILDREN_CROSSING\GX010118.MP4_snapshot_06.40.381_crop01_05.jpg,GX010118.MP4_snapshot_06.40.381_crop01_05.jpg,GX010118.MP4_snapshot_06.40.381.jpg,train,CHILDREN_CROSSING,5,2846,498,159,156
processed\train\PEDESTRAIN_CR_AREA\GX010118.MP4_snapshot_06.44.326_crop00_18.jpg,C:\Users\ASUS G 16 JVR\Desktop\deepLearning_CNN\dataset\processed\train\PEDESTRAIN_CR_AREA\GX010118.MP4_snapshot_06.44.326_crop00_18.jpg,GX010118.MP4_snapshot_06.44.326_crop00_18.jpg,GX010118.MP4_snapshot_06.44.326.jpg,train,PEDESTRAIN_CR_AREA,18,3228,481,170,161
processed\train\ROAD_JUNCTION_ON_THE_RIGHT\GX010118.MP4_snapshot_06.44.326_crop01_22.jpg,C:\Users\ASUS G 16 JVR\Desktop\deepLearning_CNN\dataset\processed\train\ROAD_JUNCTION_ON_THE_RIGHT\GX010118.MP4_snapshot_06.44.326_crop01_22.jpg,GX010118.MP4_snapshot_06.44.326_crop01_22.jpg,GX010118.MP4_snapshot_06.44.326.jpg,train,ROAD_JUNCTION_ON_THE_RIGHT,22,2342,687,65,62
processed\train\PRIORITY_ROAD\GX010118.MP4_snapshot_07.10.977_crop00_19.jpg,C:\Users\ASUS G 16 JVR\Desktop\deepLearning_CNN\dataset\processed\train\PRIORITY_ROAD\GX010118.MP4_snapshot_07.10.977_crop00_19.jpg,GX010118.MP4_snapshot_07.10.977_crop00_19.jpg,GX010118.MP4_snapshot_07.10.977.jpg,train,PRIORITY_ROAD,19,2662,528,157,166
processed\train\PRIORITY_ROAD\GX010118.MP4_snapshot_07.11.290_crop00_19.jpg,C:\Users\ASUS G 16 JVR\Desktop\deepLearning_CNN\dataset\processed\train\PRIORITY_ROAD\GX010118.MP4_snapshot_07.11.290_crop00_19.jpg,GX010118.MP4_snapshot_07.11.290_crop00_19.jpg,GX010118.MP4_snapshot_07.11.290.jpg,train,PRIORITY_ROAD,19,2968,411,234,233
processed\train\RIGHT_BEND\GX010118.MP4_snapshot_07.38.962_crop00_20.jpg,C:\Users\ASUS G 16 JVR\Desktop\deepLearning_CNN\dataset\processed\train\RIGHT_BEND\GX010118.MP4_snapshot_07.38.962_crop00_20.jpg,GX010118.MP4_snapshot_07.38.962_crop00_20.jpg,GX010118.MP4_snapshot_07.38.962.jpg,train,RIGHT_BEND,20,3015,441,203,200
processed\train\30_SPEED_LIMIT\GX010118.MP4_snapshot_07.38.962_crop01_00.jpg,C:\Users\ASUS G 16 JVR\Desktop\deepLearning_CNN\dataset\processed\train\30_SPEED_LIMIT\GX010118.MP4_snapshot_07.38.962_crop01_00.jpg,GX010118.MP4_snapshot_07.38.962_crop01_00.jpg,GX010118.MP4_snapshot_07.38.962.jpg,train,30_SPEED_LIMIT,0,2381,670,68,72
processed\train\30_SPEED_LIMIT\GX010118.MP4_snapshot_07.40.029_crop00_00.jpg,C:\Users\ASUS G 16 JVR\Desktop\deepLearning_CNN\dataset\processed\train\30_SPEED_LIMIT\GX010118.MP4_snapshot_07.40.029_crop00_00.jpg,GX010118.MP4_snapshot_07.40.029_crop00_00.jpg,GX010118.MP4_snapshot_07.40.029.jpg,train,30_SPEED_LIMIT,0,3105,462,192,192
processed\train\ROAD_JUNCTION_ON_THE_LEFT\GX010118.MP4_snapshot_07.40.029_crop01_21.jpg,C:\Users\ASUS G 16 JVR\Desktop\deepLearning_CNN\dataset\processed\train\ROAD_JUNCTION_ON_THE_LEFT\GX010118.MP4_snapshot_07.40.029_crop01_21.jpg,GX010118.MP4_snapshot_07.40.029_crop01_21.jpg,GX010118.MP4_snapshot_07.40.029.jpg,train,ROAD_JUNCTION_ON_THE_LEFT,21,2206,721,52,50
processed\train\NO_HORN\GX010118.MP4_snapshot_07.43.763_crop00_14.jpg,C:\Users\ASUS G 16 JVR\Desktop\deepLearning_CNN\dataset\processed\train\NO_HORN\GX010118.MP4_snapshot_07.43.763_crop00_14.jpg,GX010118.MP4_snapshot_07.43.763_crop00_14.jpg,GX010118.MP4_snapshot_07.43.763.jpg,train,NO_HORN,14,2703,427,124,127
processed\train\CHILDREN_CROSSING\GX010118.MP4_snapshot_07.43.763_crop01_05.jpg,C:\Users\ASUS G 16 JVR\Desktop\deepLearning_CNN\dataset\processed\train\CHILDREN_CROSSING\GX010118.MP4_snapshot_07.43.763_crop01_05.jpg,GX010118.MP4_snapshot_07.43.763_crop01_05.jpg,GX010118.MP4_snapshot_07.43.763.jpg,train,CHILDREN_CROSSING,5,2692,564,146,141
processed\train\30_SPEED_LIMIT\GX010118.MP4_snapshot_08.24.398_crop00_00.jpg,C:\Users\ASUS G 16 JVR\Desktop\deepLearning_CNN\dataset\processed\train\30_SPEED_LIMIT\GX010118.MP4_snapshot_08.24.398_crop00_00.jpg,GX010118.MP4_snapshot_08.24.398_crop00_00.jpg,GX010118.MP4_snapshot_08.24.398.jpg,train,30_SPEED_LIMIT,0,2905,536,152,150
processed\train\NO_HORN\GX010118.MP4_snapshot_08.26.270_crop00_14.jpg,C:\Users\ASUS G 16 JVR\Desktop\deepLearning_CNN\dataset\processed\train\NO_HORN\GX010118.MP4_snapshot_08.26.270_crop00_14.jpg,GX010118.MP4_snapshot_08.26.270_crop00_14.jpg,GX010118.MP4_snapshot_08.26.270.jpg,train,NO_HORN,14,2622,484,103,108
processed\train\CHILDREN_CROSSING\GX010118.MP4_snapshot_08.26.270_crop01_05.jpg,C:\Users\ASUS G 16 JVR\Desktop\deepLearning_CNN\dataset\processed\train\CHILDREN_CROSSING\GX010118.MP4_snapshot_08.26.270_crop01_05.jpg,GX010118.MP4_snapshot_08.26.270_crop01_05.jpg,GX010118.MP4_snapshot_08.26.270.jpg,train,CHILDREN_CROSSING,5,2612,601,114,108
processed\train\KM_POST\GX010118.MP4_snapshot_08.26.270_crop02_11.jpg,C:\Users\ASUS G 16 JVR\Desktop\deepLearning_CNN\dataset\processed\train\KM_POST\GX010118.MP4_snapshot_08.26.270_crop02_11.jpg,GX010118.MP4_snapshot_08.26.270_crop02_11.jpg,GX010118.MP4_snapshot_08.26.270.jpg,train,KM_POST,11,1092,881,72,95
processed\train\END_SPEED_LIMIT\GX010118.MP4_snapshot_08.47.925_crop00_08.jpg,C:\Users\ASUS G 16 JVR\Desktop\deepLearning_CNN\dataset\processed\train\END_SPEED_LIMIT\GX010118.MP4_snapshot_08.47.925_crop00_08.jpg,GX010118.MP4_snapshot_08.47.925_crop00_08.jpg,GX010118.MP4_snapshot_08.47.925.jpg,train,END_SPEED_LIMIT,8,3021,483,168,170
processed\train\ROAD_JUNCTION_ON_THE_RIGHT\GX010118.MP4_snapshot_08.52.528_crop00_22.jpg,C:\Users\ASUS G 16 JVR\Desktop\deepLearning_CNN\dataset\processed\train\ROAD_JUNCTION_ON_THE_RIGHT\GX010118.MP4_snapshot_08.52.528_crop00_22.jpg,GX010118.MP4_snapshot_08.52.528_crop00_22.jpg,GX010118.MP4_snapshot_08.52.528.jpg,train,ROAD_JUNCTION_ON_THE_RIGHT,22,2754,540,143,142
processed\train\ROAD_JUNCTION_ON_THE_RIGHT\GX010118.MP4_snapshot_09.31.493_crop00_22.jpg,C:\Users\ASUS G 16 JVR\Desktop\deepLearning_CNN\dataset\processed\train\ROAD_JUNCTION_ON_THE_RIGHT\GX010118.MP4_snapshot_09.31.493_crop00_22.jpg,GX010118.MP4_snapshot_09.31.493_crop00_22.jpg,GX010118.MP4_snapshot_09.31.493.jpg,train,ROAD_JUNCTION_ON_THE_RIGHT,22,2850,510,166,166
processed\train\ROAD_JUNCTION_ON_THE_LEFT\GX010118.MP4_snapshot_10.00.777_crop00_21.jpg,C:\Users\ASUS G 16 JVR\Desktop\deepLearning_CNN\dataset\processed\train\ROAD_JUNCTION_ON_THE_LEFT\GX010118.MP4_snapshot_10.00.777_crop00_21.jpg,GX010118.MP4_snapshot_10.00.777_crop00_21.jpg,GX010118.MP4_snapshot_10.00.777.jpg,train,ROAD_JUNCTION_ON_THE_LEFT,21,3131,448,215,211
processed\train\ROAD_JUNCTION_ON_THE_LEFT\GX010118.MP4_snapshot_10.57.048_crop00_21.jpg,C:\Users\ASUS G 16 JVR\Desktop\deepLearning_CNN\dataset\processed\train\ROAD_JUNCTION_ON_THE_LEFT\GX010118.MP4_snapshot_10.57.048_crop00_21.jpg,GX010118.MP4_snapshot_10.57.048_crop00_21.jpg,GX010118.MP4_snapshot_10.57.048.jpg,train,ROAD_JUNCTION_ON_THE_LEFT,21,3110,404,219,218
processed\train\SLOW_DOWN\GX010118.MP4_snapshot_11.08.161_crop00_23.jpg,C:\Users\ASUS G 16 JVR\Desktop\deepLearning_CNN\dataset\processed\train\SLOW_DOWN\GX010118.MP4_snapshot_11.08.161_crop00_23.jpg,GX010118.MP4_snapshot_11.08.161_crop00_23.jpg,GX010118.MP4_snapshot_11.08.161.jpg,train,SLOW_DOWN,23,2862,497,165,160
processed\train\NO_HORN\GX010118.MP4_snapshot_11.16.085_crop00_14.jpg,C:\Users\ASUS G 16 JVR\Desktop\deepLearning_CNN\dataset\processed\train\NO_HORN\GX010118.MP4_snapshot_11.16.085_crop00_14.jpg,GX010118.MP4_snapshot_11.16.085_crop00_14.jpg,GX010118.MP4_snapshot_11.16.085.jpg,train,NO_HORN,14,2859,349,152,154
processed\train\CHILDREN_CROSSING\GX010118.MP4_snapshot_11.16.085_crop01_05.jpg,C:\Users\ASUS G 16 JVR\Desktop\deepLearning_CNN\dataset\processed\train\CHILDREN_CROSSING\GX010118.MP4_snapshot_11.16.085_crop01_05.jpg,GX010118.MP4_snapshot_11.16.085_crop01_05.jpg,GX010118.MP4_snapshot_11.16.085.jpg,train,CHILDREN_CROSSING,5,2848,516,164,167
processed\train\PEDESTRAIN_CR_AREA\GX010118.MP4_snapshot_11.20.766_crop00_18.jpg,C:\Users\ASUS G 16 JVR\Desktop\deepLearning_CNN\dataset\processed\train\PEDESTRAIN_CR_AREA\GX010118.MP4_snapshot_11.20.766_crop00_18.jpg,GX010118.MP4_snapshot_11.20.766_crop00_18.jpg,GX010118.MP4_snapshot_11.20.766.jpg,train,PEDESTRAIN_CR_AREA,18,3166,438,179,179
processed\train\END_SPEED_LIMIT\GX010118.MP4_snapshot_11.33.750_crop00_08.jpg,C:\Users\ASUS G 16 JVR\Desktop\deepLearning_CNN\dataset\processed\train\END_SPEED_LIMIT\GX010118.MP4_snapshot_11.33.750_crop00_08.jpg,GX010118.MP4_snapshot_11.33.750_crop00_08.jpg,GX010118.MP4_snapshot_11.33.750.jpg,train,END_SPEED_LIMIT,8,3345,360,227,219
processed\train\STAGGERED_JUNCTION_RL\GX010118.MP4_snapshot_12.10.166_crop00_24.jpg,C:\Users\ASUS G 16 JVR\Desktop\deepLearning_CNN\dataset\processed\train\STAGGERED_JUNCTION_RL\GX010118.MP4_snapshot_12.10.166_crop00_24.jpg,GX010118.MP4_snapshot_12.10.166_crop00_24.jpg,GX010118.MP4_snapshot_12.10.166.jpg,train,STAGGERED_JUNCTION_RL,24,2977,441,184,192
processed\train\RIGHT_BEND\GX010118.MP4_snapshot_13.12.613_crop00_20.jpg,C:\Users\ASUS G 16 JVR\Desktop\deepLearning_CNN\dataset\processed\train\RIGHT_BEND\GX010118.MP4_snapshot_13.12.613_crop00_20.jpg,GX010118.MP4_snapshot_13.12.613_crop00_20.jpg,GX010118.MP4_snapshot_13.12.613.jpg,train,RIGHT_BEND,20,2993,446,189,187
processed\train\DIRECTION\GX010118.MP4_snapshot_13.29.392_crop00_07.jpg,C:\Users\ASUS G 16 JVR\Desktop\deepLearning_CNN\dataset\processed\train\DIRECTION\GX010118.MP4_snapshot_13.29.392_crop00_07.jpg,GX010118.MP4_snapshot_13.29.392_crop00_07.jpg,GX010118.MP4_snapshot_13.29.392.jpg,train,DIRECTION,7,2136,385,234,167
processed\train\SLOW_DOWN\GX010118.MP4_snapshot_13.49.261_crop00_23.jpg,C:\Users\ASUS G 16 JVR\Desktop\deepLearning_CNN\dataset\processed\train\SLOW_DOWN\GX010118.MP4_snapshot_13.49.261_crop00_23.jpg,GX010118.MP4_snapshot_13.49.261_crop00_23.jpg,GX010118.MP4_snapshot_13.49.261.jpg,train,SLOW_DOWN,23,3011,561,116,114
processed\train\KEEP_RIGHT\GX010118.MP4_snapshot_13.49.261_crop01_10.jpg,C:\Users\ASUS G 16 JVR\Desktop\deepLearning_CNN\dataset\processed\train\KEEP_RIGHT\GX010118.MP4_snapshot_13.49.261_crop01_10.jpg,GX010118.MP4_snapshot_13.49.261_crop01_10.jpg,GX010118.MP4_snapshot_13.49.261.jpg,train,KEEP_RIGHT,10,1128,855,168,165
processed\train\PEDESTRAIN_CR_AREA\GX010118.MP4_snapshot_13.57.981_crop00_18.jpg,C:\Users\ASUS G 16 JVR\Desktop\deepLearning_CNN\dataset\processed\train\PEDESTRAIN_CR_AREA\GX010118.MP4_snapshot_13.57.981_crop00_18.jpg,GX010118.MP4_snapshot_13.57.981_crop00_18.jpg,GX010118.MP4_snapshot_13.57.981.jpg,train,PEDESTRAIN_CR_AREA,18,3431,514,130,124
processed\train\ROAD_JUNCTION_ON_THE_LEFT\GX010118.MP4_snapshot_14.15.821_crop00_21.jpg,C:\Users\ASUS G 16 JVR\Desktop\deepLearning_CNN\dataset\processed\train\ROAD_JUNCTION_ON_THE_LEFT\GX010118.MP4_snapshot_14.15.821_crop00_21.jpg,GX010118.MP4_snapshot_14.15.821_crop00_21.jpg,GX010118.MP4_snapshot_14.15.821.jpg,train,ROAD_JUNCTION_ON_THE_LEFT,21,3468,568,146,121
processed\train\CARRIAGE_WAY_NARROWS\GX010118.MP4_snapshot_14.22.498_crop00_04.jpg,C:\Users\ASUS G 16 JVR\Desktop\deepLearning_CNN\dataset\processed\train\CARRIAGE_WAY_NARROWS\GX010118.MP4_snapshot_14.22.498_crop00_04.jpg,GX010118.MP4_snapshot_14.22.498_crop00_04.jpg,GX010118.MP4_snapshot_14.22.498.jpg,train,CARRIAGE_WAY_NARROWS,4,2828,564,127,128
processed\train\CARRIAGE_WAY_NARROWS\GX010118.MP4_snapshot_14.23.053_crop00_04.jpg,C:\Users\ASUS G 16 JVR\Desktop\deepLearning_CNN\dataset\processed\train\CARRIAGE_WAY_NARROWS\GX010118.MP4_snapshot_14.23.053_crop00_04.jpg,GX010118.MP4_snapshot_14.23.053_crop00_04.jpg,GX010118.MP4_snapshot_14.23.053.jpg,train,CARRIAGE_WAY_NARROWS,4,3383,404,210,215
processed\train\60_SPEED_LIMIT\GX010118.MP4_snapshot_14.38.429_crop00_02.jpg,C:\Users\ASUS G 16 JVR\Desktop\deepLearning_CNN\dataset\processed\train\60_SPEED_LIMIT\GX010118.MP4_snapshot_14.38.429_crop00_02.jpg,GX010118.MP4_snapshot_14.38.429_crop00_02.jpg,GX010118.MP4_snapshot_14.38.429.jpg,train,60_SPEED_LIMIT,2,2923,521,149,146
processed\train\ROAD_JUNCTION_ON_THE_RIGHT\GX010118.MP4_snapshot_15.37.331_crop00_22.jpg,C:\Users\ASUS G 16 JVR\Desktop\deepLearning_CNN\dataset\processed\train\ROAD_JUNCTION_ON_THE_RIGHT\GX010118.MP4_snapshot_15.37.331_crop00_22.jpg,GX010118.MP4_snapshot_15.37.331_crop00_22.jpg,GX010118.MP4_snapshot_15.37.331.jpg,train,ROAD_JUNCTION_ON_THE_RIGHT,22,2988,458,183,179
processed\train\ROAD_JUNCTION_ON_THE_LEFT\GX010118.MP4_snapshot_15.45.554_crop00_21.jpg,C:\Users\ASUS G 16 JVR\Desktop\deepLearning_CNN\dataset\processed\train\ROAD_JUNCTION_ON_THE_LEFT\GX010118.MP4_snapshot_15.45.554_crop00_21.jpg,GX010118.MP4_snapshot_15.45.554_crop00_21.jpg,GX010118.MP4_snapshot_15.45.554.jpg,train,ROAD_JUNCTION_ON_THE_LEFT,21,2782,519,150,152
processed\train\ROAD_JUNCTION_ON_THE_RIGHT\GX010118.MP4_snapshot_16.23.645_crop00_22.jpg,C:\Users\ASUS G 16 JVR\Desktop\deepLearning_CNN\dataset\processed\train\ROAD_JUNCTION_ON_THE_RIGHT\GX010118.MP4_snapshot_16.23.645_crop00_22.jpg,GX010118.MP4_snapshot_16.23.645_crop00_22.jpg,GX010118.MP4_snapshot_16.23.645.jpg,train,ROAD_JUNCTION_ON_THE_RIGHT,22,2817,494,171,170
processed\train\RIGHT_BEND\GX010118.MP4_snapshot_16.47.322_crop00_20.jpg,C:\Users\ASUS G 16 JVR\Desktop\deepLearning_CNN\dataset\processed\train\RIGHT_BEND\GX010118.MP4_snapshot_16.47.322_crop00_20.jpg,GX010118.MP4_snapshot_16.47.322_crop00_20.jpg,GX010118.MP4_snapshot_16.47.322.jpg,train,RIGHT_BEND,20,2618,552,131,132
processed\train\PRIORITY_ROAD\GX010118.MP4_snapshot_16.50.477_crop00_19.jpg,C:\Users\ASUS G 16 JVR\Desktop\deepLearning_CNN\dataset\processed\train\PRIORITY_ROAD\GX010118.MP4_snapshot_16.50.477_crop00_19.jpg,GX010118.MP4_snapshot_16.50.477_crop00_19.jpg,GX010118.MP4_snapshot_16.50.477.jpg,train,PRIORITY_ROAD,19,2679,541,137,135
processed\train\PRIORITY_ROAD\GX010118.MP4_snapshot_16.50.758_crop00_19.jpg,C:\Users\ASUS G 16 JVR\Desktop\deepLearning_CNN\dataset\processed\train\PRIORITY_ROAD\GX010118.MP4_snapshot_16.50.758_crop00_19.jpg,GX010118.MP4_snapshot_16.50.758_crop00_19.jpg,GX010118.MP4_snapshot_16.50.758.jpg,train,PRIORITY_ROAD,19,3087,395,222,211
processed\train\SLOW_DOWN\GX010118.MP4_snapshot_16.50.758_crop01_23.jpg,C:\Users\ASUS G 16 JVR\Desktop\deepLearning_CNN\dataset\processed\train\SLOW_DOWN\GX010118.MP4_snapshot_16.50.758_crop01_23.jpg,GX010118.MP4_snapshot_16.50.758_crop01_23.jpg,GX010118.MP4_snapshot_16.50.758.jpg,train,SLOW_DOWN,23,2324,683,59,58
processed\train\NO_HORN\GX010118.MP4_snapshot_16.57.936_crop00_14.jpg,C:\Users\ASUS G 16 JVR\Desktop\deepLearning_CNN\dataset\processed\train\NO_HORN\GX010118.MP4_snapshot_16.57.936_crop00_14.jpg,GX010118.MP4_snapshot_16.57.936_crop00_14.jpg,GX010118.MP4_snapshot_16.57.936.jpg,train,NO_HORN,14,2660,482,114,114
processed\train\HOSPITAL\GX010118.MP4_snapshot_16.57.936_crop01_09.jpg,C:\Users\ASUS G 16 JVR\Desktop\deepLearning_CNN\dataset\processed\train\HOSPITAL\GX010118.MP4_snapshot_16.57.936_crop01_09.jpg,GX010118.MP4_snapshot_16.57.936_crop01_09.jpg,GX010118.MP4_snapshot_16.57.936.jpg,train,HOSPITAL,9,2669,602,89,89
processed\train\DIRECTION\GX010118.MP4_snapshot_17.14.177_crop00_07.jpg,C:\Users\ASUS G 16 JVR\Desktop\deepLearning_CNN\dataset\processed\train\DIRECTION\GX010118.MP4_snapshot_17.14.177_crop00_07.jpg,GX010118.MP4_snapshot_17.14.177_crop00_07.jpg,GX010118.MP4_snapshot_17.14.177.jpg,train,DIRECTION,7,2287,265,295,217
processed\train\DIRECTION\GX010118.MP4_snapshot_17.14.677_crop00_07.jpg,C:\Users\ASUS G 16 JVR\Desktop\deepLearning_CNN\dataset\processed\train\DIRECTION\GX010118.MP4_snapshot_17.14.677_crop00_07.jpg,GX010118.MP4_snapshot_17.14.677_crop00_07.jpg,GX010118.MP4_snapshot_17.14.677.jpg,train,DIRECTION,7,2377,7,429,324
processed\train\KEEP_RIGHT\GX010118.MP4_snapshot_17.26.419_crop00_10.jpg,C:\Users\ASUS G 16 JVR\Desktop\deepLearning_CNN\dataset\processed\train\KEEP_RIGHT\GX010118.MP4_snapshot_17.26.419_crop00_10.jpg,GX010118.MP4_snapshot_17.26.419_crop00_10.jpg,GX010118.MP4_snapshot_17.26.419.jpg,train,KEEP_RIGHT,10,699,798,138,141
processed\train\NO_HORN\GX010118.MP4_snapshot_17.31.709_crop00_14.jpg,C:\Users\ASUS G 16 JVR\Desktop\deepLearning_CNN\dataset\processed\train\NO_HORN\GX010118.MP4_snapshot_17.31.709_crop00_14.jpg,GX010118.MP4_snapshot_17.31.709_crop00_14.jpg,GX010118.MP4_snapshot_17.31.709.jpg,train,NO_HORN,14,3180,401,138,141
processed\train\CHILDREN_CROSSING\GX010118.MP4_snapshot_17.31.709_crop01_05.jpg,C:\Users\ASUS G 16 JVR\Desktop\deepLearning_CNN\dataset\processed\train\CHILDREN_CROSSING\GX010118.MP4_snapshot_17.31.709_crop01_05.jpg,GX010118.MP4_snapshot_17.31.709_crop01_05.jpg,GX010118.MP4_snapshot_17.31.709.jpg,train,CHILDREN_CROSSING,5,3170,541,146,142
processed\train\END_SPEED_LIMIT\GX010118.MP4_snapshot_18.42.861_crop00_08.jpg,C:\Users\ASUS G 16 JVR\Desktop\deepLearning_CNN\dataset\processed\train\END_SPEED_LIMIT\GX010118.MP4_snapshot_18.42.861_crop00_08.jpg,GX010118.MP4_snapshot_18.42.861_crop00_08.jpg,GX010118.MP4_snapshot_18.42.861.jpg,train,END_SPEED_LIMIT,8,3009,487,160,162
processed\train\LEFT_BEND\GX010118.MP4_snapshot_19.28.936_crop00_12.jpg,C:\Users\ASUS G 16 JVR\Desktop\deepLearning_CNN\dataset\processed\train\LEFT_BEND\GX010118.MP4_snapshot_19.28.936_crop00_12.jpg,GX010118.MP4_snapshot_19.28.936_crop00_12.jpg,GX010118.MP4_snapshot_19.28.936.jpg,train,LEFT_BEND,12,2674,412,138,132
processed\train\ROAD_JUNCTION_ON_THE_LEFT\GX010118.MP4_snapshot_19.28.936_crop01_21.jpg,C:\Users\ASUS G 16 JVR\Desktop\deepLearning_CNN\dataset\processed\train\ROAD_JUNCTION_ON_THE_LEFT\GX010118.MP4_snapshot_19.28.936_crop01_21.jpg,GX010118.MP4_snapshot_19.28.936_crop01_21.jpg,GX010118.MP4_snapshot_19.28.936.jpg,train,ROAD_JUNCTION_ON_THE_LEFT,21,2672,546,138,132
processed\train\SLOW_DOWN\GX010119.MP4_snapshot_02.14.955_crop00_23.jpg,C:\Users\ASUS G 16 JVR\Desktop\deepLearning_CNN\dataset\processed\train\SLOW_DOWN\GX010119.MP4_snapshot_02.14.955_crop00_23.jpg,GX010119.MP4_snapshot_02.14.955_crop00_23.jpg,GX010119.MP4_snapshot_02.14.955.jpg,train,SLOW_DOWN,23,2943,440,199,193
processed\train\ROAD_JUNCTION_ON_THE_RIGHT\GX010119.MP4_snapshot_02.14.955_crop01_22.jpg,C:\Users\ASUS G 16 JVR\Desktop\deepLearning_CNN\dataset\processed\train\ROAD_JUNCTION_ON_THE_RIGHT\GX010119.MP4_snapshot_02.14.955_crop01_22.jpg,GX010119.MP4_snapshot_02.14.955_crop01_22.jpg,GX010119.MP4_snapshot_02.14.955.jpg,train,ROAD_JUNCTION_ON_THE_RIGHT,22,2255,701,66,72
processed\train\ROAD_JUNCTION_ON_THE_RIGHT\GX010119.MP4_snapshot_02.16.522_crop00_22.jpg,C:\Users\ASUS G 16 JVR\Desktop\deepLearning_CNN\dataset\processed\train\ROAD_JUNCTION_ON_THE_RIGHT\GX010119.MP4_snapshot_02.16.522_crop00_22.jpg,GX010119.MP4_snapshot_02.16.522_crop00_22.jpg,GX010119.MP4_snapshot_02.16.522.jpg,train,ROAD_JUNCTION_ON_THE_RIGHT,22,2733,551,173,173
processed\train\CHILDREN_CROSSING\GX010119.MP4_snapshot_02.18.887_crop00_05.jpg,C:\Users\ASUS G 16 JVR\Desktop\deepLearning_CNN\dataset\processed\train\CHILDREN_CROSSING\GX010119.MP4_snapshot_02.18.887_crop00_05.jpg,GX010119.MP4_snapshot_02.18.887_crop00_05.jpg,GX010119.MP4_snapshot_02.18.887.jpg,train,CHILDREN_CROSSING,5,2849,583,195,199
processed\train\RIGHT_BEND\GX010119.MP4_snapshot_02.21.739_crop00_20.jpg,C:\Users\ASUS G 16 JVR\Desktop\deepLearning_CNN\dataset\processed\train\RIGHT_BEND\GX010119.MP4_snapshot_02.21.739_crop00_20.jpg,GX010119.MP4_snapshot_02.21.739_crop00_20.jpg,GX010119.MP4_snapshot_02.21.739.jpg,train,RIGHT_BEND,20,2496,655,143,143
processed\train\SLOW_DOWN\GX010119.MP4_snapshot_02.54.359_crop00_23.jpg,C:\Users\ASUS G 16 JVR\Desktop\deepLearning_CNN\dataset\processed\train\SLOW_DOWN\GX010119.MP4_snapshot_02.54.359_crop00_23.jpg,GX010119.MP4_snapshot_02.54.359_crop00_23.jpg,GX010119.MP4_snapshot_02.54.359.jpg,train,SLOW_DOWN,23,2849,651,156,151
processed\train\ROAD_JUNCTION_ON_THE_RIGHT\GX010119.MP4_snapshot_03.28.138_crop00_22.jpg,C:\Users\ASUS G 16 JVR\Desktop\deepLearning_CNN\dataset\processed\train\ROAD_JUNCTION_ON_THE_RIGHT\GX010119.MP4_snapshot_03.28.138_crop00_22.jpg,GX010119.MP4_snapshot_03.28.138_crop00_22.jpg,GX010119.MP4_snapshot_03.28.138.jpg,train,ROAD_JUNCTION_ON_THE_RIGHT,22,2775,563,177,164
processed\train\SLOW_DOWN\GX010119.MP4_snapshot_03.28.138_crop01_23.jpg,C:\Users\ASUS G 16 JVR\Desktop\deepLearning_CNN\dataset\processed\train\SLOW_DOWN\GX010119.MP4_snapshot_03.28.138_crop01_23.jpg,GX010119.MP4_snapshot_03.28.138_crop01_23.jpg,GX010119.MP4_snapshot_03.28.138.jpg,train,SLOW_DOWN,23,2782,726,157,149
processed\train\RIGHT_BEND\GX010119.MP4_snapshot_03.35.345_crop00_20.jpg,C:\Users\ASUS G 16 JVR\Desktop\deepLearning_CNN\dataset\processed\train\RIGHT_BEND\GX010119.MP4_snapshot_03.35.345_crop00_20.jpg,GX010119.MP4_snapshot_03.35.345_crop00_20.jpg,GX010119.MP4_snapshot_03.35.345.jpg,train,RIGHT_BEND,20,3012,454,208,199
processed\train\ROAD_JUNCTION_ON_THE_RIGHT\GX010119.MP4_snapshot_05.31.728_crop00_22.jpg,C:\Users\ASUS G 16 JVR\Desktop\deepLearning_CNN\dataset\processed\train\ROAD_JUNCTION_ON_THE_RIGHT\GX010119.MP4_snapshot_05.31.728_crop00_22.jpg,GX010119.MP4_snapshot_05.31.728_crop00_22.jpg,GX010119.MP4_snapshot_05.31.728.jpg,train,ROAD_JUNCTION_ON_THE_RIGHT,22,3017,599,138,138
processed\train\KEEP_RIGHT\GX010119.MP4_snapshot_06.26.928_crop00_10.jpg,C:\Users\ASUS G 16 JVR\Desktop\deepLearning_CNN\dataset\processed\train\KEEP_RIGHT\GX010119.MP4_snapshot_06.26.928_crop00_10.jpg,GX010119.MP4_snapshot_06.26.928_crop00_10.jpg,GX010119.MP4_snapshot_06.26.928.jpg,train,KEEP_RIGHT,10,1460,768,127,135
processed\train\40_SPEED_LIMIT\GX010119.MP4_snapshot_06.34.527_crop00_01.jpg,C:\Users\ASUS G 16 JVR\Desktop\deepLearning_CNN\dataset\processed\train\40_SPEED_LIMIT\GX010119.MP4_snapshot_06.34.527_crop00_01.jpg,GX010119.MP4_snapshot_06.34.527_crop00_01.jpg,GX010119.MP4_snapshot_06.34.527.jpg,train,40_SPEED_LIMIT,1,3304,625,143,141
processed\train\ROAD_JUNCTION_ON_THE_LEFT\GX010119.MP4_snapshot_06.34.527_crop01_21.jpg,C:\Users\ASUS G 16 JVR\Desktop\deepLearning_CNN\dataset\processed\train\ROAD_JUNCTION_ON_THE_LEFT\GX010119.MP4_snapshot_06.34.527_crop01_21.jpg,GX010119.MP4_snapshot_06.34.527_crop01_21.jpg,GX010119.MP4_snapshot_06.34.527.jpg,train,ROAD_JUNCTION_ON_THE_LEFT,21,3288,758,154,154
processed\train\KEEP_RIGHT\GX010119.MP4_snapshot_06.39.815_crop00_10.jpg,C:\Users\ASUS G 16 JVR\Desktop\deepLearning_CNN\dataset\processed\train\KEEP_RIGHT\GX010119.MP4_snapshot_06.39.815_crop00_10.jpg,GX010119.MP4_snapshot_06.39.815_crop00_10.jpg,GX010119.MP4_snapshot_06.39.815.jpg,train,KEEP_RIGHT,10,1239,744,203,200
processed\train\KEEP_RIGHT\GX010119.MP4_snapshot_06.51.585_crop00_10.jpg,C:\Users\ASUS G 16 JVR\Desktop\deepLearning_CNN\dataset\processed\train\KEEP_RIGHT\GX010119.MP4_snapshot_06.51.585_crop00_10.jpg,GX010119.MP4_snapshot_06.51.585_crop00_10.jpg,GX010119.MP4_snapshot_06.51.585.jpg,train,KEEP_RIGHT,10,1426,815,116,119
processed\train\KEEP_RIGHT\GX010119.MP4_snapshot_07.04.320_crop00_10.jpg,C:\Users\ASUS G 16 JVR\Desktop\deepLearning_CNN\dataset\processed\train\KEEP_RIGHT\GX010119.MP4_snapshot_07.04.320_crop00_10.jpg,GX010119.MP4_snapshot_07.04.320_crop00_10.jpg,GX010119.MP4_snapshot_07.04.320.jpg,train,KEEP_RIGHT,10,1352,750,138,142
processed\train\KEEP_RIGHT\GX010119.MP4_snapshot_07.08.695_crop00_10.jpg,C:\Users\ASUS G 16 JVR\Desktop\deepLearning_CNN\dataset\processed\train\KEEP_RIGHT\GX010119.MP4_snapshot_07.08.695_crop00_10.jpg,GX010119.MP4_snapshot_07.08.695_crop00_10.jpg,GX010119.MP4_snapshot_07.08.695.jpg,train,KEEP_RIGHT,10,1051,747,192,198
processed\train\NO_ENTRY\GX010119.MP4_snapshot_08.24.434_crop00_13.jpg,C:\Users\ASUS G 16 JVR\Desktop\deepLearning_CNN\dataset\processed\train\NO_ENTRY\GX010119.MP4_snapshot_08.24.434_crop00_13.jpg,GX010119.MP4_snapshot_08.24.434_crop00_13.jpg,GX010119.MP4_snapshot_08.24.434.jpg,train,NO_ENTRY,13,653,635,99,86
processed\train\NO_ENTRY\GX010119.MP4_snapshot_08.26.019_crop00_13.jpg,C:\Users\ASUS G 16 JVR\Desktop\deepLearning_CNN\dataset\processed\train\NO_ENTRY\GX010119.MP4_snapshot_08.26.019_crop00_13.jpg,GX010119.MP4_snapshot_08.26.019_crop00_13.jpg,GX010119.MP4_snapshot_08.26.019.jpg,train,NO_ENTRY,13,899,617,103,92
processed\train\NO_ENTRY\GX010119.MP4_snapshot_08.27.080_crop00_13.jpg,C:\Users\ASUS G 16 JVR\Desktop\deepLearning_CNN\dataset\processed\train\NO_ENTRY\GX010119.MP4_snapshot_08.27.080_crop00_13.jpg,GX010119.MP4_snapshot_08.27.080_crop00_13.jpg,GX010119.MP4_snapshot_08.27.080.jpg,train,NO_ENTRY,13,324,555,151,127
processed\train\LEFT_BEND\GX010119.MP4_snapshot_08.27.080_crop01_12.jpg,C:\Users\ASUS G 16 JVR\Desktop\deepLearning_CNN\dataset\processed\train\LEFT_BEND\GX010119.MP4_snapshot_08.27.080_crop01_12.jpg,GX010119.MP4_snapshot_08.27.080_crop01_12.jpg,GX010119.MP4_snapshot_08.27.080.jpg,train,LEFT_BEND,12,2713,710,59,55
processed\train\60_SPEED_LIMIT\GX010119.MP4_snapshot_09.28.464_crop00_02.jpg,C:\Users\ASUS G 16 JVR\Desktop\deepLearning_CNN\dataset\processed\train\60_SPEED_LIMIT\GX010119.MP4_snapshot_09.28.464_crop00_02.jpg,GX010119.MP4_snapshot_09.28.464_crop00_02.jpg,GX010119.MP4_snapshot_09.28.464.jpg,train,60_SPEED_LIMIT,2,2828,555,111,108
processed\train\ROAD_JUNCTION_ON_THE_LEFT\GX010119.MP4_snapshot_09.54.443_crop00_21.jpg,C:\Users\ASUS G 16 JVR\Desktop\deepLearning_CNN\dataset\processed\train\ROAD_JUNCTION_ON_THE_LEFT\GX010119.MP4_snapshot_09.54.443_crop00_21.jpg,GX010119.MP4_snapshot_09.54.443_crop00_21.jpg,GX010119.MP4_snapshot_09.54.443.jpg,train,ROAD_JUNCTION_ON_THE_LEFT,21,2898,490,168,162
processed\train\ROAD_JUNCTION_ON_THE_LEFT\GX010119.MP4_snapshot_11.14.044_crop00_21.jpg,C:\Users\ASUS G 16 JVR\Desktop\deepLearning_CNN\dataset\processed\train\ROAD_JUNCTION_ON_THE_LEFT\GX010119.MP4_snapshot_11.14.044_crop00_21.jpg,GX010119.MP4_snapshot_11.14.044_crop00_21.jpg,GX010119.MP4_snapshot_11.14.044.jpg,train,ROAD_JUNCTION_ON_THE_LEFT,21,3115,474,173,173
processed\train\SLOW_DOWN\GX010119.MP4_snapshot_11.42.141_crop00_23.jpg,C:\Users\ASUS G 16 JVR\Desktop\deepLearning_CNN\dataset\processed\train\SLOW_DOWN\GX010119.MP4_snapshot_11.42.141_crop00_23.jpg,GX010119.MP4_snapshot_11.42.141_crop00_23.jpg,GX010119.MP4_snapshot_11.42.141.jpg,train,SLOW_DOWN,23,3460,378,200,190
processed\train\SLOW_DOWN\GX010119.MP4_snapshot_12.46.339_crop00_23.jpg,C:\Users\ASUS G 16 JVR\Desktop\deepLearning_CNN\dataset\processed\train\SLOW_DOWN\GX010119.MP4_snapshot_12.46.339_crop00_23.jpg,GX010119.MP4_snapshot_12.46.339_crop00_23.jpg,GX010119.MP4_snapshot_12.46.339.jpg,train,SLOW_DOWN,23,3314,466,155,151
processed\train\40_SPEED_LIMIT\GX010119.MP4_snapshot_12.51.880_crop00_01.jpg,C:\Users\ASUS G 16 JVR\Desktop\deepLearning_CNN\dataset\processed\train\40_SPEED_LIMIT\GX010119.MP4_snapshot_12.51.880_crop00_01.jpg,GX010119.MP4_snapshot_12.51.880_crop00_01.jpg,GX010119.MP4_snapshot_12.51.880.jpg,train,40_SPEED_LIMIT,1,3177,384,168,154
processed\train\ROAD_JUNCTION_ON_THE_LEFT\GX010119.MP4_snapshot_13.32.633_crop00_21.jpg,C:\Users\ASUS G 16 JVR\Desktop\deepLearning_CNN\dataset\processed\train\ROAD_JUNCTION_ON_THE_LEFT\GX010119.MP4_snapshot_13.32.633_crop00_21.jpg,GX010119.MP4_snapshot_13.32.633_crop00_21.jpg,GX010119.MP4_snapshot_13.32.633.jpg,train,ROAD_JUNCTION_ON_THE_LEFT,21,3109,438,191,179
processed\train\RIGHT_BEND\GX010119.MP4_snapshot_13.42.121_crop00_20.jpg,C:\Users\ASUS G 16 JVR\Desktop\deepLearning_CNN\dataset\processed\train\RIGHT_BEND\GX010119.MP4_snapshot_13.42.121_crop00_20.jpg,GX010119.MP4_snapshot_13.42.121_crop00_20.jpg,GX010119.MP4_snapshot_13.42.121.jpg,train,RIGHT_BEND,20,2994,519,147,140
processed\train\ROAD_JUNCTION_ON_THE_LEFT\GX010119.MP4_snapshot_14.22.299_crop00_21.jpg,C:\Users\ASUS G 16 JVR\Desktop\deepLearning_CNN\dataset\processed\train\ROAD_JUNCTION_ON_THE_LEFT\GX010119.MP4_snapshot_14.22.299_crop00_21.jpg,GX010119.MP4_snapshot_14.22.299_crop00_21.jpg,GX010119.MP4_snapshot_14.22.299.jpg,train,ROAD_JUNCTION_ON_THE_LEFT,21,2877,498,149,147
processed\train\SLOW_DOWN\GX010119.MP4_snapshot_14.37.499_crop00_23.jpg,C:\Users\ASUS G 16 JVR\Desktop\deepLearning_CNN\dataset\processed\train\SLOW_DOWN\GX010119.MP4_snapshot_14.37.499_crop00_23.jpg,GX010119.MP4_snapshot_14.37.499_crop00_23.jpg,GX010119.MP4_snapshot_14.37.499.jpg,train,SLOW_DOWN,23,2934,515,125,130
processed\train\CHILDREN_CROSSING\GX010119.MP4_snapshot_14.37.499_crop01_05.jpg,C:\Users\ASUS G 16 JVR\Desktop\deepLearning_CNN\dataset\processed\train\CHILDREN_CROSSING\GX010119.MP4_snapshot_14.37.499_crop01_05.jpg,GX010119.MP4_snapshot_14.37.499_crop01_05.jpg,GX010119.MP4_snapshot_14.37.499.jpg,train,CHILDREN_CROSSING,5,2337,688,61,63
processed\train\SLOW_DOWN\GX010119.MP4_snapshot_14.54.647_crop00_23.jpg,C:\Users\ASUS G 16 JVR\Desktop\deepLearning_CNN\dataset\processed\train\SLOW_DOWN\GX010119.MP4_snapshot_14.54.647_crop00_23.jpg,GX010119.MP4_snapshot_14.54.647_crop00_23.jpg,GX010119.MP4_snapshot_14.54.647.jpg,train,SLOW_DOWN,23,3285,474,170,162
processed\train\ROAD_JUNCTION_ON_THE_LEFT\GX010119.MP4_snapshot_14.54.647_crop01_21.jpg,C:\Users\ASUS G 16 JVR\Desktop\deepLearning_CNN\dataset\processed\train\ROAD_JUNCTION_ON_THE_LEFT\GX010119.MP4_snapshot_14.54.647_crop01_21.jpg,GX010119.MP4_snapshot_14.54.647_crop01_21.jpg,GX010119.MP4_snapshot_14.54.647.jpg,train,ROAD_JUNCTION_ON_THE_LEFT,21,2234,726,39,39
processed\train\ROAD_JUNCTION_ON_THE_LEFT\GX010119.MP4_snapshot_14.58.258_crop00_21.jpg,C:\Users\ASUS G 16 JVR\Desktop\deepLearning_CNN\dataset\processed\train\ROAD_JUNCTION_ON_THE_LEFT\GX010119.MP4_snapshot_14.58.258_crop00_21.jpg,GX010119.MP4_snapshot_14.58.258_crop00_21.jpg,GX010119.MP4_snapshot_14.58.258.jpg,train,ROAD_JUNCTION_ON_THE_LEFT,21,3171,434,181,176
processed\train\ROAD_JUNCTION_ON_THE_LEFT\GX010119.MP4_snapshot_15.26.131_crop00_21.jpg,C:\Users\ASUS G 16 JVR\Desktop\deepLearning_CNN\dataset\processed\train\ROAD_JUNCTION_ON_THE_LEFT\GX010119.MP4_snapshot_15.26.131_crop00_21.jpg,GX010119.MP4_snapshot_15.26.131_crop00_21.jpg,GX010119.MP4_snapshot_15.26.131.jpg,train,ROAD_JUNCTION_ON_THE_LEFT,21,2925,520,141,138
processed\train\ROAD_JUNCTION_ON_THE_LEFT\GX010119.MP4_snapshot_16.45.762_crop00_21.jpg,C:\Users\ASUS G 16 JVR\Desktop\deepLearning_CNN\dataset\processed\train\ROAD_JUNCTION_ON_THE_LEFT\GX010119.MP4_snapshot_16.45.762_crop00_21.jpg,GX010119.MP4_snapshot_16.45.762_crop00_21.jpg,GX010119.MP4_snapshot_16.45.762.jpg,train,ROAD_JUNCTION_ON_THE_LEFT,21,2928,548,130,125
processed\train\ROAD_JUNCTION_ON_THE_LEFT\GX010119.MP4_snapshot_17.52.715_crop00_21.jpg,C:\Users\ASUS G 16 JVR\Desktop\deepLearning_CNN\dataset\processed\train\ROAD_JUNCTION_ON_THE_LEFT\GX010119.MP4_snapshot_17.52.715_crop00_21.jpg,GX010119.MP4_snapshot_17.52.715_crop00_21.jpg,GX010119.MP4_snapshot_17.52.715.jpg,train,ROAD_JUNCTION_ON_THE_LEFT,21,2882,562,135,130
processed\train\ROAD_JUNCTION_ON_THE_LEFT\GX010119.MP4_snapshot_18.47.900_crop00_21.jpg,C:\Users\ASUS G 16 JVR\Desktop\deepLearning_CNN\dataset\processed\train\ROAD_JUNCTION_ON_THE_LEFT\GX010119.MP4_snapshot_18.47.900_crop00_21.jpg,GX010119.MP4_snapshot_18.47.900_crop00_21.jpg,GX010119.MP4_snapshot_18.47.900.jpg,train,ROAD_JUNCTION_ON_THE_LEFT,21,3096,496,168,162
processed\train\SLOW_DOWN\GX010119.MP4_snapshot_19.00.742_crop00_23.jpg,C:\Users\ASUS G 16 JVR\Desktop\deepLearning_CNN\dataset\processed\train\SLOW_DOWN\GX010119.MP4_snapshot_19.00.742_crop00_23.jpg,GX010119.MP4_snapshot_19.00.742_crop00_23.jpg,GX010119.MP4_snapshot_19.00.742.jpg,train,SLOW_DOWN,23,3199,541,133,130
processed\train\CARRIAGE_WAY_NARROWS\GX010119.MP4_snapshot_19.57.041_crop00_04.jpg,C:\Users\ASUS G 16 JVR\Desktop\deepLearning_CNN\dataset\processed\train\CARRIAGE_WAY_NARROWS\GX010119.MP4_snapshot_19.57.041_crop00_04.jpg,GX010119.MP4_snapshot_19.57.041_crop00_04.jpg,GX010119.MP4_snapshot_19.57.041.jpg,train,CARRIAGE_WAY_NARROWS,4,3145,240,247,240
processed\train\SLOW_DOWN\GX010119.MP4_snapshot_19.57.041_crop01_23.jpg,C:\Users\ASUS G 16 JVR\Desktop\deepLearning_CNN\dataset\processed\train\SLOW_DOWN\GX010119.MP4_snapshot_19.57.041_crop01_23.jpg,GX010119.MP4_snapshot_19.57.041_crop01_23.jpg,GX010119.MP4_snapshot_19.57.041.jpg,train,SLOW_DOWN,23,3152,482,208,200
processed\train\SLOW_DOWN\GX010131.MP4_snapshot_00.24.092_crop00_23.jpg,C:\Users\ASUS G 16 JVR\Desktop\deepLearning_CNN\dataset\processed\train\SLOW_DOWN\GX010131.MP4_snapshot_00.24.092_crop00_23.jpg,GX010131.MP4_snapshot_00.24.092_crop00_23.jpg,GX010131.MP4_snapshot_00.24.092.jpg,train,SLOW_DOWN,23,2884,506,181,176
processed\train\LEFT_BEND\GX010131.MP4_snapshot_00.24.092_crop01_12.jpg,C:\Users\ASUS G 16 JVR\Desktop\deepLearning_CNN\dataset\processed\train\LEFT_BEND\GX010131.MP4_snapshot_00.24.092_crop01_12.jpg,GX010131.MP4_snapshot_00.24.092_crop01_12.jpg,GX010131.MP4_snapshot_00.24.092.jpg,train,LEFT_BEND,12,2214,802,42,44
processed\train\40_SPEED_LIMIT\GX010131.MP4_snapshot_01.04.072_crop00_01.jpg,C:\Users\ASUS G 16 JVR\Desktop\deepLearning_CNN\dataset\processed\train\40_SPEED_LIMIT\GX010131.MP4_snapshot_01.04.072_crop00_01.jpg,GX010131.MP4_snapshot_01.04.072_crop00_01.jpg,GX010131.MP4_snapshot_01.04.072.jpg,train,40_SPEED_LIMIT,1,2736,625,134,130
processed\train\ROAD_JUNCTION_ON_THE_LEFT\GX010131.MP4_snapshot_01.24.015_crop00_21.jpg,C:\Users\ASUS G 16 JVR\Desktop\deepLearning_CNN\dataset\processed\train\ROAD_JUNCTION_ON_THE_LEFT\GX010131.MP4_snapshot_01.24.015_crop00_21.jpg,GX010131.MP4_snapshot_01.24.015_crop00_21.jpg,GX010131.MP4_snapshot_01.24.015.jpg,train,ROAD_JUNCTION_ON_THE_LEFT,21,2828,646,143,138
processed\train\CROSS_ROAD\GX010131.MP4_snapshot_01.38.946_crop00_06.jpg,C:\Users\ASUS G 16 JVR\Desktop\deepLearning_CNN\dataset\processed\train\CROSS_ROAD\GX010131.MP4_snapshot_01.38.946_crop00_06.jpg,GX010131.MP4_snapshot_01.38.946_crop00_06.jpg,GX010131.MP4_snapshot_01.38.946.jpg,train,CROSS_ROAD,6,2714,533,211,206
processed\train\SLOW_DOWN\GX010131.MP4_snapshot_02.20.271_crop00_23.jpg,C:\Users\ASUS G 16 JVR\Desktop\deepLearning_CNN\dataset\processed\train\SLOW_DOWN\GX010131.MP4_snapshot_02.20.271_crop00_23.jpg,GX010131.MP4_snapshot_02.20.271_crop00_23.jpg,GX010131.MP4_snapshot_02.20.271.jpg,train,SLOW_DOWN,23,2926,476,191,189
processed\train\LEFT_BEND\GX010131.MP4_snapshot_02.24.482_crop00_12.jpg,C:\Users\ASUS G 16 JVR\Desktop\deepLearning_CNN\dataset\processed\train\LEFT_BEND\GX010131.MP4_snapshot_02.24.482_crop00_12.jpg,GX010131.MP4_snapshot_02.24.482_crop00_12.jpg,GX010131.MP4_snapshot_02.24.482.jpg,train,LEFT_BEND,12,2592,622,146,135
processed\train\ROAD_JUNCTION_ON_THE_RIGHT\GX010131.MP4_snapshot_03.56.052_crop00_22.jpg,C:\Users\ASUS G 16 JVR\Desktop\deepLearning_CNN\dataset\processed\train\ROAD_JUNCTION_ON_THE_RIGHT\GX010131.MP4_snapshot_03.56.052_crop00_22.jpg,GX010131.MP4_snapshot_03.56.052_crop00_22.jpg,GX010131.MP4_snapshot_03.56.052.jpg,train,ROAD_JUNCTION_ON_THE_RIGHT,22,2396,741,114,114
processed\train\CARRIAGE_WAY_NARROWS\GX010131.MP4_snapshot_05.28.641_crop00_04.jpg,C:\Users\ASUS G 16 JVR\Desktop\deepLearning_CNN\dataset\processed\train\CARRIAGE_WAY_NARROWS\GX010131.MP4_snapshot_05.28.641_crop00_04.jpg,GX010131.MP4_snapshot_05.28.641_crop00_04.jpg,GX010131.MP4_snapshot_05.28.641.jpg,train,CARRIAGE_WAY_NARROWS,4,2830,622,195,198
processed\train\CARRIAGE_WAY_NARROWS\GX010131.MP4_snapshot_07.10.800_crop00_04.jpg,C:\Users\ASUS G 16 JVR\Desktop\deepLearning_CNN\dataset\processed\train\CARRIAGE_WAY_NARROWS\GX010131.MP4_snapshot_07.10.800_crop00_04.jpg,GX010131.MP4_snapshot_07.10.800_crop00_04.jpg,GX010131.MP4_snapshot_07.10.800.jpg,train,CARRIAGE_WAY_NARROWS,4,2993,637,246,238
processed\train\NO_ENTRY\GX010131.MP4_snapshot_07.34.008_crop00_13.jpg,C:\Users\ASUS G 16 JVR\Desktop\deepLearning_CNN\dataset\processed\train\NO_ENTRY\GX010131.MP4_snapshot_07.34.008_crop00_13.jpg,GX010131.MP4_snapshot_07.34.008_crop00_13.jpg,GX010131.MP4_snapshot_07.34.008.jpg,train,NO_ENTRY,13,2619,964,111,114
processed\train\SLOW_DOWN\GX010131.MP4_snapshot_09.20.153_crop00_23.jpg,C:\Users\ASUS G 16 JVR\Desktop\deepLearning_CNN\dataset\processed\train\SLOW_DOWN\GX010131.MP4_snapshot_09.20.153_crop00_23.jpg,GX010131.MP4_snapshot_09.20.153_crop00_23.jpg,GX010131.MP4_snapshot_09.20.153.jpg,train,SLOW_DOWN,23,2847,459,215,210
processed\train\PEDESTRAIN_CR_AREA\GX010131.MP4_snapshot_09.24.178_crop01_18.jpg,C:\Users\ASUS G 16 JVR\Desktop\deepLearning_CNN\dataset\processed\train\PEDESTRAIN_CR_AREA\GX010131.MP4_snapshot_09.24.178_crop01_18.jpg,GX010131.MP4_snapshot_09.24.178_crop01_18.jpg,GX010131.MP4_snapshot_09.24.178.jpg,train,PEDESTRAIN_CR_AREA,18,2291,730,66,68
processed\train\PEDESTRAIN_CR_AREA\GX010131.MP4_snapshot_09.25.029_crop01_18.jpg,C:\Users\ASUS G 16 JVR\Desktop\deepLearning_CNN\dataset\processed\train\PEDESTRAIN_CR_AREA\GX010131.MP4_snapshot_09.25.029_crop01_18.jpg,GX010131.MP4_snapshot_09.25.029_crop01_18.jpg,GX010131.MP4_snapshot_09.25.029.jpg,train,PEDESTRAIN_CR_AREA,18,2501,651,96,94
processed\train\60_SPEED_LIMIT\GX010131.MP4_snapshot_10.09.424_crop00_02.jpg,C:\Users\ASUS G 16 JVR\Desktop\deepLearning_CNN\dataset\processed\train\60_SPEED_LIMIT\GX010131.MP4_snapshot_10.09.424_crop00_02.jpg,GX010131.MP4_snapshot_10.09.424_crop00_02.jpg,GX010131.MP4_snapshot_10.09.424.jpg,train,60_SPEED_LIMIT,2,2941,617,135,133
processed\train\ROAD_JUNCTION_ON_THE_LEFT\GX010131.MP4_snapshot_10.46.824_crop00_21.jpg,C:\Users\ASUS G 16 JVR\Desktop\deepLearning_CNN\dataset\processed\train\ROAD_JUNCTION_ON_THE_LEFT\GX010131.MP4_snapshot_10.46.824_crop00_21.jpg,GX010131.MP4_snapshot_10.46.824_crop00_21.jpg,GX010131.MP4_snapshot_10.46.824.jpg,train,ROAD_JUNCTION_ON_THE_LEFT,21,2569,706,114,109
processed\train\ROAD_JUNCTION_ON_THE_RIGHT\GX020116.MP4_snapshot_00.08.822_crop00_22.jpg,C:\Users\ASUS G 16 JVR\Desktop\deepLearning_CNN\dataset\processed\train\ROAD_JUNCTION_ON_THE_RIGHT\GX020116.MP4_snapshot_00.08.822_crop00_22.jpg,GX020116.MP4_snapshot_00.08.822_crop00_22.jpg,GX020116.MP4_snapshot_00.08.822.jpg,train,ROAD_JUNCTION_ON_THE_RIGHT,22,3026,787,150,154
processed\train\U_TURN\GX020116.MP4_snapshot_00.18.636_crop00_25.jpg,C:\Users\ASUS G 16 JVR\Desktop\deepLearning_CNN\dataset\processed\train\U_TURN\GX020116.MP4_snapshot_00.18.636_crop00_25.jpg,GX020116.MP4_snapshot_00.18.636_crop00_25.jpg,GX020116.MP4_snapshot_00.18.636.jpg,train,U_TURN,25,1555,791,119,124
processed\train\NO_UTURN\GX020116.MP4_snapshot_00.37.068_crop00_16.jpg,C:\Users\ASUS G 16 JVR\Desktop\deepLearning_CNN\dataset\processed\train\NO_UTURN\GX020116.MP4_snapshot_00.37.068_crop00_16.jpg,GX020116.MP4_snapshot_00.37.068_crop00_16.jpg,GX020116.MP4_snapshot_00.37.068.jpg,train,NO_UTURN,16,1112,230,242,240
processed\train\KEEP_RIGHT\GX020116.MP4_snapshot_00.37.068_crop01_10.jpg,C:\Users\ASUS G 16 JVR\Desktop\deepLearning_CNN\dataset\processed\train\KEEP_RIGHT\GX020116.MP4_snapshot_00.37.068_crop01_10.jpg,GX020116.MP4_snapshot_00.37.068_crop01_10.jpg,GX020116.MP4_snapshot_00.37.068.jpg,train,KEEP_RIGHT,10,1814,899,55,59
processed\train\ROAD_JUNCTION_ON_THE_RIGHT\GX020116.MP4_snapshot_00.46.222_crop00_22.jpg,C:\Users\ASUS G 16 JVR\Desktop\deepLearning_CNN\dataset\processed\train\ROAD_JUNCTION_ON_THE_RIGHT\GX020116.MP4_snapshot_00.46.222_crop00_22.jpg,GX020116.MP4_snapshot_00.46.222_crop00_22.jpg,GX020116.MP4_snapshot_00.46.222.jpg,train,ROAD_JUNCTION_ON_THE_RIGHT,22,3232,746,184,173
processed\train\U_TURN\GX020116.MP4_snapshot_01.07.512_crop00_25.jpg,C:\Users\ASUS G 16 JVR\Desktop\deepLearning_CNN\dataset\processed\train\U_TURN\GX020116.MP4_snapshot_01.07.512_crop00_25.jpg,GX020116.MP4_snapshot_01.07.512_crop00_25.jpg,GX020116.MP4_snapshot_01.07.512.jpg,train,U_TURN,25,751,710,181,172
processed\train\PRIORITY_ROAD\GX020116.MP4_snapshot_01.53.896_crop00_19.jpg,C:\Users\ASUS G 16 JVR\Desktop\deepLearning_CNN\dataset\processed\train\PRIORITY_ROAD\GX020116.MP4_snapshot_01.53.896_crop00_19.jpg,GX020116.MP4_snapshot_01.53.896_crop00_19.jpg,GX020116.MP4_snapshot_01.53.896.jpg,train,PRIORITY_ROAD,19,3016,795,92,138
processed\train\U_TURN\GX020116.MP4_snapshot_02.00.196_crop00_25.jpg,C:\Users\ASUS G 16 JVR\Desktop\deepLearning_CNN\dataset\processed\train\U_TURN\GX020116.MP4_snapshot_02.00.196_crop00_25.jpg,GX020116.MP4_snapshot_02.00.196_crop00_25.jpg,GX020116.MP4_snapshot_02.00.196.jpg,train,U_TURN,25,1556,601,108,108
processed\train\KEEP_RIGHT\GX020116.MP4_snapshot_02.02.817_crop00_10.jpg,C:\Users\ASUS G 16 JVR\Desktop\deepLearning_CNN\dataset\processed\train\KEEP_RIGHT\GX020116.MP4_snapshot_02.02.817_crop00_10.jpg,GX020116.MP4_snapshot_02.02.817_crop00_10.jpg,GX020116.MP4_snapshot_02.02.817.jpg,train,KEEP_RIGHT,10,1187,534,219,220
processed\train\LEFT_BEND\GX020116.MP4_snapshot_02.12.145_crop00_12.jpg,C:\Users\ASUS G 16 JVR\Desktop\deepLearning_CNN\dataset\processed\train\LEFT_BEND\GX020116.MP4_snapshot_02.12.145_crop00_12.jpg,GX020116.MP4_snapshot_02.12.145_crop00_12.jpg,GX020116.MP4_snapshot_02.12.145.jpg,train,LEFT_BEND,12,2790,758,168,162
processed\train\ROAD_JUNCTION_ON_THE_LEFT\GX020116.MP4_snapshot_02.23.368_crop00_21.jpg,C:\Users\ASUS G 16 JVR\Desktop\deepLearning_CNN\dataset\processed\train\ROAD_JUNCTION_ON_THE_LEFT\GX020116.MP4_snapshot_02.23.368_crop00_21.jpg,GX020116.MP4_snapshot_02.23.368_crop00_21.jpg,GX020116.MP4_snapshot_02.23.368.jpg,train,ROAD_JUNCTION_ON_THE_LEFT,21,3309,621,275,255
processed\train\NO_UTURN\GX020116.MP4_snapshot_02.29.471_crop00_16.jpg,C:\Users\ASUS G 16 JVR\Desktop\deepLearning_CNN\dataset\processed\train\NO_UTURN\GX020116.MP4_snapshot_02.29.471_crop00_16.jpg,GX020116.MP4_snapshot_02.29.471_crop00_16.jpg,GX020116.MP4_snapshot_02.29.471.jpg,train,NO_UTURN,16,774,414,178,181
processed\train\ROAD_JUNCTION_ON_THE_RIGHT\GX020116.MP4_snapshot_02.45.206_crop00_22.jpg,C:\Users\ASUS G 16 JVR\Desktop\deepLearning_CNN\dataset\processed\train\ROAD_JUNCTION_ON_THE_RIGHT\GX020116.MP4_snapshot_02.45.206_crop00_22.jpg,GX020116.MP4_snapshot_02.45.206_crop00_22.jpg,GX020116.MP4_snapshot_02.45.206.jpg,train,ROAD_JUNCTION_ON_THE_RIGHT,22,2965,760,157,168
processed\train\40_SPEED_LIMIT\GX020116.MP4_snapshot_03.03.417_crop00_01.jpg,C:\Users\ASUS G 16 JVR\Desktop\deepLearning_CNN\dataset\processed\train\40_SPEED_LIMIT\GX020116.MP4_snapshot_03.03.417_crop00_01.jpg,GX020116.MP4_snapshot_03.03.417_crop00_01.jpg,GX020116.MP4_snapshot_03.03.417.jpg,train,40_SPEED_LIMIT,1,3583,674,216,208
processed\train\NO_HORN\GX020116.MP4_snapshot_03.08.943_crop00_14.jpg,C:\Users\ASUS G 16 JVR\Desktop\deepLearning_CNN\dataset\processed\train\NO_HORN\GX020116.MP4_snapshot_03.08.943_crop00_14.jpg,GX020116.MP4_snapshot_03.08.943_crop00_14.jpg,GX020116.MP4_snapshot_03.08.943.jpg,train,NO_HORN,14,3301,576,165,157
processed\train\CHILDREN_CROSSING\GX020116.MP4_snapshot_03.08.943_crop01_05.jpg,C:\Users\ASUS G 16 JVR\Desktop\deepLearning_CNN\dataset\processed\train\CHILDREN_CROSSING\GX020116.MP4_snapshot_03.08.943_crop01_05.jpg,GX020116.MP4_snapshot_03.08.943_crop01_05.jpg,GX020116.MP4_snapshot_03.08.943.jpg,train,CHILDREN_CROSSING,5,3288,734,187,184
processed\train\NO_UTURN\GX020116.MP4_snapshot_03.18.869_crop00_16.jpg,C:\Users\ASUS G 16 JVR\Desktop\deepLearning_CNN\dataset\processed\train\NO_UTURN\GX020116.MP4_snapshot_03.18.869_crop00_16.jpg,GX020116.MP4_snapshot_03.18.869_crop00_16.jpg,GX020116.MP4_snapshot_03.18.869.jpg,train,NO_UTURN,16,921,82,287,284
processed\train\KEEP_RIGHT\GX020116.MP4_snapshot_03.18.869_crop01_10.jpg,C:\Users\ASUS G 16 JVR\Desktop\deepLearning_CNN\dataset\processed\train\KEEP_RIGHT\GX020116.MP4_snapshot_03.18.869_crop01_10.jpg,GX020116.MP4_snapshot_03.18.869_crop01_10.jpg,GX020116.MP4_snapshot_03.18.869.jpg,train,KEEP_RIGHT,10,1788,896,60,62
processed\train\NO_UTURN\GX020116.MP4_snapshot_03.46.033_crop00_16.jpg,C:\Users\ASUS G 16 JVR\Desktop\deepLearning_CNN\dataset\processed\train\NO_UTURN\GX020116.MP4_snapshot_03.46.033_crop00_16.jpg,GX020116.MP4_snapshot_03.46.033_crop00_16.jpg,GX020116.MP4_snapshot_03.46.033.jpg,train,NO_UTURN,16,1085,471,165,165
processed\train\ROAD_JUNCTION_ON_THE_LEFT\GX020116.MP4_snapshot_04.16.309_crop00_21.jpg,C:\Users\ASUS G 16 JVR\Desktop\deepLearning_CNN\dataset\processed\train\ROAD_JUNCTION_ON_THE_LEFT\GX020116.MP4_snapshot_04.16.309_crop00_21.jpg,GX020116.MP4_snapshot_04.16.309_crop00_21.jpg,GX020116.MP4_snapshot_04.16.309.jpg,train,ROAD_JUNCTION_ON_THE_LEFT,21,3130,606,265,257
processed\train\NO_UTURN\GX020116.MP4_snapshot_04.22.908_crop00_16.jpg,C:\Users\ASUS G 16 JVR\Desktop\deepLearning_CNN\dataset\processed\train\NO_UTURN\GX020116.MP4_snapshot_04.22.908_crop00_16.jpg,GX020116.MP4_snapshot_04.22.908_crop00_16.jpg,GX020116.MP4_snapshot_04.22.908.jpg,train,NO_UTURN,16,721,272,232,234
processed\train\KEEP_RIGHT\GX020116.MP4_snapshot_04.22.908_crop01_10.jpg,C:\Users\ASUS G 16 JVR\Desktop\deepLearning_CNN\dataset\processed\train\KEEP_RIGHT\GX020116.MP4_snapshot_04.22.908_crop01_10.jpg,GX020116.MP4_snapshot_04.22.908_crop01_10.jpg,GX020116.MP4_snapshot_04.22.908.jpg,train,KEEP_RIGHT,10,1735,893,60,57
processed\train\ROAD_JUNCTION_ON_THE_RIGHT\GX020116.MP4_snapshot_04.42.919_crop00_22.jpg,C:\Users\ASUS G 16 JVR\Desktop\deepLearning_CNN\dataset\processed\train\ROAD_JUNCTION_ON_THE_RIGHT\GX020116.MP4_snapshot_04.42.919_crop00_22.jpg,GX020116.MP4_snapshot_04.42.919_crop00_22.jpg,GX020116.MP4_snapshot_04.42.919.jpg,train,ROAD_JUNCTION_ON_THE_RIGHT,22,3529,700,200,198
processed\train\NO_UTURN\GX020116.MP4_snapshot_04.49.228_crop00_16.jpg,C:\Users\ASUS G 16 JVR\Desktop\deepLearning_CNN\dataset\processed\train\NO_UTURN\GX020116.MP4_snapshot_04.49.228_crop00_16.jpg,GX020116.MP4_snapshot_04.49.228_crop00_16.jpg,GX020116.MP4_snapshot_04.49.228.jpg,train,NO_UTURN,16,1065,157,266,270
processed\train\KEEP_RIGHT\GX020116.MP4_snapshot_04.49.228_crop01_10.jpg,C:\Users\ASUS G 16 JVR\Desktop\deepLearning_CNN\dataset\processed\train\KEEP_RIGHT\GX020116.MP4_snapshot_04.49.228_crop01_10.jpg,GX020116.MP4_snapshot_04.49.228_crop01_10.jpg,GX020116.MP4_snapshot_04.49.228.jpg,train,KEEP_RIGHT,10,1789,891,62,65
processed\train\KEEP_RIGHT\GX020116.MP4_snapshot_04.50.663_crop00_10.jpg,C:\Users\ASUS G 16 JVR\Desktop\deepLearning_CNN\dataset\processed\train\KEEP_RIGHT\GX020116.MP4_snapshot_04.50.663_crop00_10.jpg,GX020116.MP4_snapshot_04.50.663_crop00_10.jpg,GX020116.MP4_snapshot_04.50.663.jpg,train,KEEP_RIGHT,10,1174,514,246,241
processed\train\NO_HORN\GX020116.MP4_snapshot_05.12.036_crop00_14.jpg,C:\Users\ASUS G 16 JVR\Desktop\deepLearning_CNN\dataset\processed\train\NO_HORN\GX020116.MP4_snapshot_05.12.036_crop00_14.jpg,GX020116.MP4_snapshot_05.12.036_crop00_14.jpg,GX020116.MP4_snapshot_05.12.036.jpg,train,NO_HORN,14,3485,376,225,222
processed\train\HOSPITAL\GX020116.MP4_snapshot_05.12.036_crop01_09.jpg,C:\Users\ASUS G 16 JVR\Desktop\deepLearning_CNN\dataset\processed\train\HOSPITAL\GX020116.MP4_snapshot_05.12.036_crop01_09.jpg,GX020116.MP4_snapshot_05.12.036_crop01_09.jpg,GX020116.MP4_snapshot_05.12.036.jpg,train,HOSPITAL,9,3496,612,200,195
processed\train\PRIORITY_ROAD\GX020116.MP4_snapshot_06.18.690_crop00_19.jpg,C:\Users\ASUS G 16 JVR\Desktop\deepLearning_CNN\dataset\processed\train\PRIORITY_ROAD\GX020116.MP4_snapshot_06.18.690_crop00_19.jpg,GX020116.MP4_snapshot_06.18.690_crop00_19.jpg,GX020116.MP4_snapshot_06.18.690.jpg,train,PRIORITY_ROAD,19,2820,826,119,119
processed\train\PRIORITY_ROAD\GX020116.MP4_snapshot_06.19.148_crop00_19.jpg,C:\Users\ASUS G 16 JVR\Desktop\deepLearning_CNN\dataset\processed\train\PRIORITY_ROAD\GX020116.MP4_snapshot_06.19.148_crop00_19.jpg,GX020116.MP4_snapshot_06.19.148_crop00_19.jpg,GX020116.MP4_snapshot_06.19.148.jpg,train,PRIORITY_ROAD,19,3451,688,235,208
processed\train\NO_UTURN\GX020116.MP4_snapshot_06.25.634_crop00_16.jpg,C:\Users\ASUS G 16 JVR\Desktop\deepLearning_CNN\dataset\processed\train\NO_UTURN\GX020116.MP4_snapshot_06.25.634_crop00_16.jpg,GX020116.MP4_snapshot_06.25.634_crop00_16.jpg,GX020116.MP4_snapshot_06.25.634.jpg,train,NO_UTURN,16,1205,142,257,257
processed\train\ROAD_JUNCTION_ON_THE_RIGHT\GX020116.MP4_snapshot_08.06.293_crop00_22.jpg,C:\Users\ASUS G 16 JVR\Desktop\deepLearning_CNN\dataset\processed\train\ROAD_JUNCTION_ON_THE_RIGHT\GX020116.MP4_snapshot_08.06.293_crop00_22.jpg,GX020116.MP4_snapshot_08.06.293_crop00_22.jpg,GX020116.MP4_snapshot_08.06.293.jpg,train,ROAD_JUNCTION_ON_THE_RIGHT,22,3112,755,165,162
processed\train\NO_HORN\GX020116.MP4_snapshot_08.26.212_crop00_14.jpg,C:\Users\ASUS G 16 JVR\Desktop\deepLearning_CNN\dataset\processed\train\NO_HORN\GX020116.MP4_snapshot_08.26.212_crop00_14.jpg,GX020116.MP4_snapshot_08.26.212_crop00_14.jpg,GX020116.MP4_snapshot_08.26.212.jpg,train,NO_HORN,14,2844,703,105,111
processed\train\CHILDREN_CROSSING\GX020116.MP4_snapshot_08.26.212_crop01_05.jpg,C:\Users\ASUS G 16 JVR\Desktop\deepLearning_CNN\dataset\processed\train\CHILDREN_CROSSING\GX020116.MP4_snapshot_08.26.212_crop01_05.jpg,GX020116.MP4_snapshot_08.26.212_crop01_05.jpg,GX020116.MP4_snapshot_08.26.212.jpg,train,CHILDREN_CROSSING,5,2836,817,124,116
processed\train\KEEP_RIGHT\GX020116.MP4_snapshot_09.05.520_crop00_10.jpg,C:\Users\ASUS G 16 JVR\Desktop\deepLearning_CNN\dataset\processed\train\KEEP_RIGHT\GX020116.MP4_snapshot_09.05.520_crop00_10.jpg,GX020116.MP4_snapshot_09.05.520_crop00_10.jpg,GX020116.MP4_snapshot_09.05.520.jpg,train,KEEP_RIGHT,10,1102,607,192,184
processed\train\U_TURN\GX020116.MP4_snapshot_09.07.347_crop00_25.jpg,C:\Users\ASUS G 16 JVR\Desktop\deepLearning_CNN\dataset\processed\train\U_TURN\GX020116.MP4_snapshot_09.07.347_crop00_25.jpg,GX020116.MP4_snapshot_09.07.347_crop00_25.jpg,GX020116.MP4_snapshot_09.07.347.jpg,train,U_TURN,25,1358,793,133,127
processed\train\80_SPEED_LIMIT\GX020116.MP4_snapshot_09.15.240_crop00_03.jpg,C:\Users\ASUS G 16 JVR\Desktop\deepLearning_CNN\dataset\processed\train\80_SPEED_LIMIT\GX020116.MP4_snapshot_09.15.240_crop00_03.jpg,GX020116.MP4_snapshot_09.15.240_crop00_03.jpg,GX020116.MP4_snapshot_09.15.240.jpg,train,80_SPEED_LIMIT,3,3194,749,124,122
processed\train\RIGHT_BEND\GX020116.MP4_snapshot_09.36.695_crop00_20.jpg,C:\Users\ASUS G 16 JVR\Desktop\deepLearning_CNN\dataset\processed\train\RIGHT_BEND\GX020116.MP4_snapshot_09.36.695_crop00_20.jpg,GX020116.MP4_snapshot_09.36.695_crop00_20.jpg,GX020116.MP4_snapshot_09.36.695.jpg,train,RIGHT_BEND,20,3028,723,189,173
processed\train\U_TURN\GX020116.MP4_snapshot_09.39.464_crop00_25.jpg,C:\Users\ASUS G 16 JVR\Desktop\deepLearning_CNN\dataset\processed\train\U_TURN\GX020116.MP4_snapshot_09.39.464_crop00_25.jpg,GX020116.MP4_snapshot_09.39.464_crop00_25.jpg,GX020116.MP4_snapshot_09.39.464.jpg,train,U_TURN,25,325,619,216,216
processed\train\40_SPEED_LIMIT\GX020116.MP4_snapshot_09.39.464_crop01_01.jpg,C:\Users\ASUS G 16 JVR\Desktop\deepLearning_CNN\dataset\processed\train\40_SPEED_LIMIT\GX020116.MP4_snapshot_09.39.464_crop01_01.jpg,GX020116.MP4_snapshot_09.39.464_crop01_01.jpg,GX020116.MP4_snapshot_09.39.464.jpg,train,40_SPEED_LIMIT,1,2379,893,69,68
processed\train\40_SPEED_LIMIT\GX020116.MP4_snapshot_09.40.452_crop00_01.jpg,C:\Users\ASUS G 16 JVR\Desktop\deepLearning_CNN\dataset\processed\train\40_SPEED_LIMIT\GX020116.MP4_snapshot_09.40.452_crop00_01.jpg,GX020116.MP4_snapshot_09.40.452_crop00_01.jpg,GX020116.MP4_snapshot_09.40.452.jpg,train,40_SPEED_LIMIT,1,2979,709,179,179
processed\train\END_SPEED_LIMIT\GX020116.MP4_snapshot_10.05.012_crop00_08.jpg,C:\Users\ASUS G 16 JVR\Desktop\deepLearning_CNN\dataset\processed\train\END_SPEED_LIMIT\GX020116.MP4_snapshot_10.05.012_crop00_08.jpg,GX020116.MP4_snapshot_10.05.012_crop00_08.jpg,GX020116.MP4_snapshot_10.05.012.jpg,train,END_SPEED_LIMIT,8,3318,790,157,130
processed\train\KEEP_RIGHT\GX020116.MP4_snapshot_10.36.643_crop00_10.jpg,C:\Users\ASUS G 16 JVR\Desktop\deepLearning_CNN\dataset\processed\train\KEEP_RIGHT\GX020116.MP4_snapshot_10.36.643_crop00_10.jpg,GX020116.MP4_snapshot_10.36.643_crop00_10.jpg,GX020116.MP4_snapshot_10.36.643.jpg,train,KEEP_RIGHT,10,828,267,344,344
processed\train\ROAD_JUNCTION_ON_THE_RIGHT\GX020116.MP4_snapshot_10.41.820_crop00_22.jpg,C:\Users\ASUS G 16 JVR\Desktop\deepLearning_CNN\dataset\processed\train\ROAD_JUNCTION_ON_THE_RIGHT\GX020116.MP4_snapshot_10.41.820_crop00_22.jpg,GX020116.MP4_snapshot_10.41.820_crop00_22.jpg,GX020116.MP4_snapshot_10.41.820.jpg,train,ROAD_JUNCTION_ON_THE_RIGHT,22,3315,736,179,187
processed\train\LEFT_BEND\GX020116.MP4_snapshot_10.46.242_crop00_12.jpg,C:\Users\ASUS G 16 JVR\Desktop\deepLearning_CNN\dataset\processed\train\LEFT_BEND\GX020116.MP4_snapshot_10.46.242_crop00_12.jpg,GX020116.MP4_snapshot_10.46.242_crop00_12.jpg,GX020116.MP4_snapshot_10.46.242.jpg,train,LEFT_BEND,12,3158,753,189,170
processed\train\ROAD_JUNCTION_ON_THE_RIGHT\GX020116.MP4_snapshot_11.44.836_crop00_22.jpg,C:\Users\ASUS G 16 JVR\Desktop\deepLearning_CNN\dataset\processed\train\ROAD_JUNCTION_ON_THE_RIGHT\GX020116.MP4_snapshot_11.44.836_crop00_22.jpg,GX020116.MP4_snapshot_11.44.836_crop00_22.jpg,GX020116.MP4_snapshot_11.44.836.jpg,train,ROAD_JUNCTION_ON_THE_RIGHT,22,3421,687,181,157
processed\train\NO_UTURN\GX020116.MP4_snapshot_12.27.648_crop00_16.jpg,C:\Users\ASUS G 16 JVR\Desktop\deepLearning_CNN\dataset\processed\train\NO_UTURN\GX020116.MP4_snapshot_12.27.648_crop00_16.jpg,GX020116.MP4_snapshot_12.27.648_crop00_16.jpg,GX020116.MP4_snapshot_12.27.648.jpg,train,NO_UTURN,16,850,0,306,308
processed\train\KEEP_RIGHT\GX020116.MP4_snapshot_12.27.648_crop01_10.jpg,C:\Users\ASUS G 16 JVR\Desktop\deepLearning_CNN\dataset\processed\train\KEEP_RIGHT\GX020116.MP4_snapshot_12.27.648_crop01_10.jpg,GX020116.MP4_snapshot_12.27.648_crop01_10.jpg,GX020116.MP4_snapshot_12.27.648.jpg,train,KEEP_RIGHT,10,1786,888,62,65
processed\train\NO_UTURN\GX020116.MP4_snapshot_12.54.837_crop00_16.jpg,C:\Users\ASUS G 16 JVR\Desktop\deepLearning_CNN\dataset\processed\train\NO_UTURN\GX020116.MP4_snapshot_12.54.837_crop00_16.jpg,GX020116.MP4_snapshot_12.54.837_crop00_16.jpg,GX020116.MP4_snapshot_12.54.837.jpg,train,NO_UTURN,16,729,36,281,287
processed\train\NO_UTURN\GX020116.MP4_snapshot_13.20.640_crop00_16.jpg,C:\Users\ASUS G 16 JVR\Desktop\deepLearning_CNN\dataset\processed\train\NO_UTURN\GX020116.MP4_snapshot_13.20.640_crop00_16.jpg,GX020116.MP4_snapshot_13.20.640_crop00_16.jpg,GX020116.MP4_snapshot_13.20.640.jpg,train,NO_UTURN,16,1287,333,203,214
processed\train\KEEP_RIGHT\GX020116.MP4_snapshot_13.20.640_crop01_10.jpg,C:\Users\ASUS G 16 JVR\Desktop\deepLearning_CNN\dataset\processed\train\KEEP_RIGHT\GX020116.MP4_snapshot_13.20.640_crop01_10.jpg,GX020116.MP4_snapshot_13.20.640_crop01_10.jpg,GX020116.MP4_snapshot_13.20.640.jpg,train,KEEP_RIGHT,10,1802,885,65,70
processed\train\40_SPEED_LIMIT\GX020116.MP4_snapshot_14.03.782_crop00_01.jpg,C:\Users\ASUS G 16 JVR\Desktop\deepLearning_CNN\dataset\processed\train\40_SPEED_LIMIT\GX020116.MP4_snapshot_14.03.782_crop00_01.jpg,GX020116.MP4_snapshot_14.03.782_crop00_01.jpg,GX020116.MP4_snapshot_14.03.782.jpg,train,40_SPEED_LIMIT,1,3085,828,124,122
processed\train\NO_HORN\GX020116.MP4_snapshot_14.07.948_crop00_14.jpg,C:\Users\ASUS G 16 JVR\Desktop\deepLearning_CNN\dataset\processed\train\NO_HORN\GX020116.MP4_snapshot_14.07.948_crop00_14.jpg,GX020116.MP4_snapshot_14.07.948_crop00_14.jpg,GX020116.MP4_snapshot_14.07.948.jpg,train,NO_HORN,14,3593,506,192,189
processed\train\CHILDREN_CROSSING\GX020116.MP4_snapshot_14.07.948_crop01_05.jpg,C:\Users\ASUS G 16 JVR\Desktop\deepLearning_CNN\dataset\processed\train\CHILDREN_CROSSING\GX020116.MP4_snapshot_14.07.948_crop01_05.jpg,GX020116.MP4_snapshot_14.07.948_crop01_05.jpg,GX020116.MP4_snapshot_14.07.948.jpg,train,CHILDREN_CROSSING,5,3567,697,230,208
processed\train\PRIORITY_ROAD\GX020116.MP4_snapshot_14.07.948_crop02_19.jpg,C:\Users\ASUS G 16 JVR\Desktop\deepLearning_CNN\dataset\processed\train\PRIORITY_ROAD\GX020116.MP4_snapshot_14.07.948_crop02_19.jpg,GX020116.MP4_snapshot_14.07.948_crop02_19.jpg,GX020116.MP4_snapshot_14.07.948.jpg,train,PRIORITY_ROAD,19,2528,893,73,76
processed\train\NO_UTURN\GX020116.MP4_snapshot_14.15.736_crop00_16.jpg,C:\Users\ASUS G 16 JVR\Desktop\deepLearning_CNN\dataset\processed\train\NO_UTURN\GX020116.MP4_snapshot_14.15.736_crop00_16.jpg,GX020116.MP4_snapshot_14.15.736_crop00_16.jpg,GX020116.MP4_snapshot_14.15.736.jpg,train,NO_UTURN,16,1643,701,100,95
processed\train\PEDESTRAIN_CR_AREA\GX020116.MP4_snapshot_14.15.736_crop01_18.jpg,C:\Users\ASUS G 16 JVR\Desktop\deepLearning_CNN\dataset\processed\train\PEDESTRAIN_CR_AREA\GX020116.MP4_snapshot_14.15.736_crop01_18.jpg,GX020116.MP4_snapshot_14.15.736_crop01_18.jpg,GX020116.MP4_snapshot_14.15.736.jpg,train,PEDESTRAIN_CR_AREA,18,3274,763,143,138
processed\train\KEEP_RIGHT\GX020116.MP4_snapshot_14.19.142_crop00_10.jpg,C:\Users\ASUS G 16 JVR\Desktop\deepLearning_CNN\dataset\processed\train\KEEP_RIGHT\GX020116.MP4_snapshot_14.19.142_crop00_10.jpg,GX020116.MP4_snapshot_14.19.142_crop00_10.jpg,GX020116.MP4_snapshot_14.19.142.jpg,train,KEEP_RIGHT,10,1053,430,273,265
processed\train\NO_UTURN\GX020116.MP4_snapshot_14.43.895_crop00_16.jpg,C:\Users\ASUS G 16 JVR\Desktop\deepLearning_CNN\dataset\processed\train\NO_UTURN\GX020116.MP4_snapshot_14.43.895_crop00_16.jpg,GX020116.MP4_snapshot_14.43.895_crop00_16.jpg,GX020116.MP4_snapshot_14.43.895.jpg,train,NO_UTURN,16,1077,265,222,219
processed\train\NO_HORN\GX020116.MP4_snapshot_15.28.046_crop00_14.jpg,C:\Users\ASUS G 16 JVR\Desktop\deepLearning_CNN\dataset\processed\train\NO_HORN\GX020116.MP4_snapshot_15.28.046_crop00_14.jpg,GX020116.MP4_snapshot_15.28.046_crop00_14.jpg,GX020116.MP4_snapshot_15.28.046.jpg,train,NO_HORN,14,3190,641,146,138
processed\train\HOSPITAL\GX020116.MP4_snapshot_15.28.046_crop01_09.jpg,C:\Users\ASUS G 16 JVR\Desktop\deepLearning_CNN\dataset\processed\train\HOSPITAL\GX020116.MP4_snapshot_15.28.046_crop01_09.jpg,GX020116.MP4_snapshot_15.28.046_crop01_09.jpg,GX020116.MP4_snapshot_15.28.046.jpg,train,HOSPITAL,9,3194,785,130,116
processed\train\NO_UTURN\GX020116.MP4_snapshot_15.28.046_crop02_16.jpg,C:\Users\ASUS G 16 JVR\Desktop\deepLearning_CNN\dataset\processed\train\NO_UTURN\GX020116.MP4_snapshot_15.28.046_crop02_16.jpg,GX020116.MP4_snapshot_15.28.046_crop02_16.jpg,GX020116.MP4_snapshot_15.28.046.jpg,train,NO_UTURN,16,1572,623,106,108
processed\train\KEEP_RIGHT\GX020116.MP4_snapshot_15.30.163_crop00_10.jpg,C:\Users\ASUS G 16 JVR\Desktop\deepLearning_CNN\dataset\processed\train\KEEP_RIGHT\GX020116.MP4_snapshot_15.30.163_crop00_10.jpg,GX020116.MP4_snapshot_15.30.163_crop00_10.jpg,GX020116.MP4_snapshot_15.30.163.jpg,train,KEEP_RIGHT,10,582,75,379,382
processed\train\NO_UTURN\GX020116.MP4_snapshot_15.37.270_crop00_16.jpg,C:\Users\ASUS G 16 JVR\Desktop\deepLearning_CNN\dataset\processed\train\NO_UTURN\GX020116.MP4_snapshot_15.37.270_crop00_16.jpg,GX020116.MP4_snapshot_15.37.270_crop00_16.jpg,GX020116.MP4_snapshot_15.37.270.jpg,train,NO_UTURN,16,1028,219,238,241
processed\train\KEEP_RIGHT\GX020116.MP4_snapshot_15.37.270_crop01_10.jpg,C:\Users\ASUS G 16 JVR\Desktop\deepLearning_CNN\dataset\processed\train\KEEP_RIGHT\GX020116.MP4_snapshot_15.37.270_crop01_10.jpg,GX020116.MP4_snapshot_15.37.270_crop01_10.jpg,GX020116.MP4_snapshot_15.37.270.jpg,train,KEEP_RIGHT,10,1762,885,60,62
processed\train\NO_UTURN\GX020116.MP4_snapshot_16.01.974_crop00_16.jpg,C:\Users\ASUS G 16 JVR\Desktop\deepLearning_CNN\dataset\processed\train\NO_UTURN\GX020116.MP4_snapshot_16.01.974_crop00_16.jpg,GX020116.MP4_snapshot_16.01.974_crop00_16.jpg,GX020116.MP4_snapshot_16.01.974.jpg,train,NO_UTURN,16,722,333,206,203
processed\train\KEEP_RIGHT\GX020116.MP4_snapshot_16.01.974_crop01_10.jpg,C:\Users\ASUS G 16 JVR\Desktop\deepLearning_CNN\dataset\processed\train\KEEP_RIGHT\GX020116.MP4_snapshot_16.01.974_crop01_10.jpg,GX020116.MP4_snapshot_16.01.974_crop01_10.jpg,GX020116.MP4_snapshot_16.01.974.jpg,train,KEEP_RIGHT,10,1651,882,54,54
processed\train\NO_PARKING\GX020116.MP4_snapshot_16.12.794_crop00_15.jpg,C:\Users\ASUS G 16 JVR\Desktop\deepLearning_CNN\dataset\processed\train\NO_PARKING\GX020116.MP4_snapshot_16.12.794_crop00_15.jpg,GX020116.MP4_snapshot_16.12.794_crop00_15.jpg,GX020116.MP4_snapshot_16.12.794.jpg,train,NO_PARKING,15,2644,768,119,111
processed\train\DIRECTION\GX020116.MP4_snapshot_16.12.794_crop01_07.jpg,C:\Users\ASUS G 16 JVR\Desktop\deepLearning_CNN\dataset\processed\train\DIRECTION\GX020116.MP4_snapshot_16.12.794_crop01_07.jpg,GX020116.MP4_snapshot_16.12.794_crop01_07.jpg,GX020116.MP4_snapshot_16.12.794.jpg,train,DIRECTION,7,2362,262,281,232
processed\train\DIRECTION\GX020116.MP4_snapshot_16.13.028_crop00_07.jpg,C:\Users\ASUS G 16 JVR\Desktop\deepLearning_CNN\dataset\processed\train\DIRECTION\GX020116.MP4_snapshot_16.13.028_crop00_07.jpg,GX020116.MP4_snapshot_16.13.028_crop00_07.jpg,GX020116.MP4_snapshot_16.13.028.jpg,train,DIRECTION,7,2432,113,345,280
processed\train\NO_PARKING\GX020116.MP4_snapshot_16.13.028_crop01_15.jpg,C:\Users\ASUS G 16 JVR\Desktop\deepLearning_CNN\dataset\processed\train\NO_PARKING\GX020116.MP4_snapshot_16.13.028_crop01_15.jpg,GX020116.MP4_snapshot_16.13.028_crop01_15.jpg,GX020116.MP4_snapshot_16.13.028.jpg,train,NO_PARKING,15,2776,717,146,141
processed\train\NO_PARKING\GX020116.MP4_snapshot_16.13.488_crop00_15.jpg,C:\Users\ASUS G 16 JVR\Desktop\deepLearning_CNN\dataset\processed\train\NO_PARKING\GX020116.MP4_snapshot_16.13.488_crop00_15.jpg,GX020116.MP4_snapshot_16.13.488_crop00_15.jpg,GX020116.MP4_snapshot_16.13.488.jpg,train,NO_PARKING,15,3334,506,287,236
processed\train\PEDESTRAIN_CROSSING\GX020116.MP4_snapshot_16.22.122_crop00_17.jpg,C:\Users\ASUS G 16 JVR\Desktop\deepLearning_CNN\dataset\processed\train\PEDESTRAIN_CROSSING\GX020116.MP4_snapshot_16.22.122_crop00_17.jpg,GX020116.MP4_snapshot_16.22.122_crop00_17.jpg,GX020116.MP4_snapshot_16.22.122.jpg,train,PEDESTRAIN_CROSSING,17,2942,598,184,238
processed\train\NO_PARKING\GX020116.MP4_snapshot_19.03.434_crop00_15.jpg,C:\Users\ASUS G 16 JVR\Desktop\deepLearning_CNN\dataset\processed\train\NO_PARKING\GX020116.MP4_snapshot_19.03.434_crop00_15.jpg,GX020116.MP4_snapshot_19.03.434_crop00_15.jpg,GX020116.MP4_snapshot_19.03.434.jpg,train,NO_PARKING,15,3189,734,149,130
processed\train\KEEP_RIGHT\GX020116.MP4_snapshot_19.03.434_crop01_10.jpg,C:\Users\ASUS G 16 JVR\Desktop\deepLearning_CNN\dataset\processed\train\KEEP_RIGHT\GX020116.MP4_snapshot_19.03.434_crop01_10.jpg,GX020116.MP4_snapshot_19.03.434_crop01_10.jpg,GX020116.MP4_snapshot_19.03.434.jpg,train,KEEP_RIGHT,10,1493,780,102,102
processed\train\SLOW_DOWN\GX020116.MP4_snapshot_19.21.079_crop00_23.jpg,C:\Users\ASUS G 16 JVR\Desktop\deepLearning_CNN\dataset\processed\train\SLOW_DOWN\GX020116.MP4_snapshot_19.21.079_crop00_23.jpg,GX020116.MP4_snapshot_19.21.079_crop00_23.jpg,GX020116.MP4_snapshot_19.21.079.jpg,train,SLOW_DOWN,23,3209,744,193,166
processed\train\NO_HORN\GX020116.MP4_snapshot_19.28.596_crop00_14.jpg,C:\Users\ASUS G 16 JVR\Desktop\deepLearning_CNN\dataset\processed\train\NO_HORN\GX020116.MP4_snapshot_19.28.596_crop00_14.jpg,GX020116.MP4_snapshot_19.28.596_crop00_14.jpg,GX020116.MP4_snapshot_19.28.596.jpg,train,NO_HORN,14,3063,579,160,149
processed\train\CHILDREN_CROSSING\GX020116.MP4_snapshot_19.28.596_crop01_05.jpg,C:\Users\ASUS G 16 JVR\Desktop\deepLearning_CNN\dataset\processed\train\CHILDREN_CROSSING\GX020116.MP4_snapshot_19.28.596_crop01_05.jpg,GX020116.MP4_snapshot_19.28.596_crop01_05.jpg,GX020116.MP4_snapshot_19.28.596.jpg,train,CHILDREN_CROSSING,5,3061,726,170,162
processed\train\PEDESTRAIN_CROSSING\GX020116.MP4_snapshot_19.45.560_crop00_17.jpg,C:\Users\ASUS G 16 JVR\Desktop\deepLearning_CNN\dataset\processed\train\PEDESTRAIN_CROSSING\GX020116.MP4_snapshot_19.45.560_crop00_17.jpg,GX020116.MP4_snapshot_19.45.560_crop00_17.jpg,GX020116.MP4_snapshot_19.45.560.jpg,train,PEDESTRAIN_CROSSING,17,3261,682,208,198
processed\train\PEDESTRAIN_CR_AREA\GX020116.MP4_snapshot_19.50.475_crop00_18.jpg,C:\Users\ASUS G 16 JVR\Desktop\deepLearning_CNN\dataset\processed\train\PEDESTRAIN_CR_AREA\GX020116.MP4_snapshot_19.50.475_crop00_18.jpg,GX020116.MP4_snapshot_19.50.475_crop00_18.jpg,GX020116.MP4_snapshot_19.50.475.jpg,train,PEDESTRAIN_CR_AREA,18,3353,689,204,170
processed\train\NO_UTURN\GX020116.MP4_snapshot_19.50.475_crop01_16.jpg,C:\Users\ASUS G 16 JVR\Desktop\deepLearning_CNN\dataset\processed\train\NO_UTURN\GX020116.MP4_snapshot_19.50.475_crop01_16.jpg,GX020116.MP4_snapshot_19.50.475_crop01_16.jpg,GX020116.MP4_snapshot_19.50.475.jpg,train,NO_UTURN,16,1239,334,203,203
processed\train\END_SPEED_LIMIT\GX020116.MP4_snapshot_20.05.493_crop00_08.jpg,C:\Users\ASUS G 16 JVR\Desktop\deepLearning_CNN\dataset\processed\train\END_SPEED_LIMIT\GX020116.MP4_snapshot_20.05.493_crop00_08.jpg,GX020116.MP4_snapshot_20.05.493_crop00_08.jpg,GX020116.MP4_snapshot_20.05.493.jpg,train,END_SPEED_LIMIT,8,3409,739,143,157
processed\train\NO_UTURN\GX020116.MP4_snapshot_20.17.846_crop00_16.jpg,C:\Users\ASUS G 16 JVR\Desktop\deepLearning_CNN\dataset\processed\train\NO_UTURN\GX020116.MP4_snapshot_20.17.846_crop00_16.jpg,GX020116.MP4_snapshot_20.17.846_crop00_16.jpg,GX020116.MP4_snapshot_20.17.846.jpg,train,NO_UTURN,16,890,57,292,298
processed\train\KEEP_RIGHT\GX020116.MP4_snapshot_20.17.846_crop01_10.jpg,C:\Users\ASUS G 16 JVR\Desktop\deepLearning_CNN\dataset\processed\train\KEEP_RIGHT\GX020116.MP4_snapshot_20.17.846_crop01_10.jpg,GX020116.MP4_snapshot_20.17.846_crop01_10.jpg,GX020116.MP4_snapshot_20.17.846.jpg,train,KEEP_RIGHT,10,1767,880,60,65
processed\train\DIRECTION\GX020116.MP4_snapshot_20.30.466_crop00_07.jpg,C:\Users\ASUS G 16 JVR\Desktop\deepLearning_CNN\dataset\processed\train\DIRECTION\GX020116.MP4_snapshot_20.30.466_crop00_07.jpg,GX020116.MP4_snapshot_20.30.466_crop00_07.jpg,GX020116.MP4_snapshot_20.30.466.jpg,train,DIRECTION,7,2406,427,227,183
processed\train\DIRECTION\GX020116.MP4_snapshot_20.30.793_crop00_07.jpg,C:\Users\ASUS G 16 JVR\Desktop\deepLearning_CNN\dataset\processed\train\DIRECTION\GX020116.MP4_snapshot_20.30.793_crop00_07.jpg,GX020116.MP4_snapshot_20.30.793_crop00_07.jpg,GX020116.MP4_snapshot_20.30.793.jpg,train,DIRECTION,7,2647,87,369,292
processed\train\ROAD_JUNCTION_ON_THE_RIGHT\GX020116.MP4_snapshot_20.43.291_crop00_22.jpg,C:\Users\ASUS G 16 JVR\Desktop\deepLearning_CNN\dataset\processed\train\ROAD_JUNCTION_ON_THE_RIGHT\GX020116.MP4_snapshot_20.43.291_crop00_22.jpg,GX020116.MP4_snapshot_20.43.291_crop00_22.jpg,GX020116.MP4_snapshot_20.43.291.jpg,train,ROAD_JUNCTION_ON_THE_RIGHT,22,3154,592,216,195
processed\train\NO_UTURN\GX020116.MP4_snapshot_21.01.768_crop00_16.jpg,C:\Users\ASUS G 16 JVR\Desktop\deepLearning_CNN\dataset\processed\train\NO_UTURN\GX020116.MP4_snapshot_21.01.768_crop00_16.jpg,GX020116.MP4_snapshot_21.01.768_crop00_16.jpg,GX020116.MP4_snapshot_21.01.768.jpg,train,NO_UTURN,16,777,363,195,206
processed\train\KEEP_RIGHT\GX020116.MP4_snapshot_21.01.768_crop01_10.jpg,C:\Users\ASUS G 16 JVR\Desktop\deepLearning_CNN\dataset\processed\train\KEEP_RIGHT\GX020116.MP4_snapshot_21.01.768_crop01_10.jpg,GX020116.MP4_snapshot_21.01.768_crop01_10.jpg,GX020116.MP4_snapshot_21.01.768.jpg,train,KEEP_RIGHT,10,1656,885,65,62
processed\train\NO_UTURN\GX020116.MP4_snapshot_21.25.717_crop00_16.jpg,C:\Users\ASUS G 16 JVR\Desktop\deepLearning_CNN\dataset\processed\train\NO_UTURN\GX020116.MP4_snapshot_21.25.717_crop00_16.jpg,GX020116.MP4_snapshot_21.25.717_crop00_16.jpg,GX020116.MP4_snapshot_21.25.717.jpg,train,NO_UTURN,16,1055,43,291,298
processed\train\U_TURN\GX020116.MP4_snapshot_21.47.616_crop00_25.jpg,C:\Users\ASUS G 16 JVR\Desktop\deepLearning_CNN\dataset\processed\train\U_TURN\GX020116.MP4_snapshot_21.47.616_crop00_25.jpg,GX020116.MP4_snapshot_21.47.616_crop00_25.jpg,GX020116.MP4_snapshot_21.47.616.jpg,train,U_TURN,25,1357,677,169,171
processed\train\PRIORITY_ROAD\GX020116.MP4_snapshot_23.21.246_crop00_19.jpg,C:\Users\ASUS G 16 JVR\Desktop\deepLearning_CNN\dataset\processed\train\PRIORITY_ROAD\GX020116.MP4_snapshot_23.21.246_crop00_19.jpg,GX020116.MP4_snapshot_23.21.246_crop00_19.jpg,GX020116.MP4_snapshot_23.21.246.jpg,train,PRIORITY_ROAD,19,3145,782,168,165
processed\train\NO_UTURN\GX020116.MP4_snapshot_23.26.696_crop00_16.jpg,C:\Users\ASUS G 16 JVR\Desktop\deepLearning_CNN\dataset\processed\train\NO_UTURN\GX020116.MP4_snapshot_23.26.696_crop00_16.jpg,GX020116.MP4_snapshot_23.26.696_crop00_16.jpg,GX020116.MP4_snapshot_23.26.696.jpg,train,NO_UTURN,16,1021,170,252,254
processed\train\KEEP_RIGHT\GX020116.MP4_snapshot_23.26.696_crop01_10.jpg,C:\Users\ASUS G 16 JVR\Desktop\deepLearning_CNN\dataset\processed\train\KEEP_RIGHT\GX020116.MP4_snapshot_23.26.696_crop01_10.jpg,GX020116.MP4_snapshot_23.26.696_crop01_10.jpg,GX020116.MP4_snapshot_23.26.696.jpg,train,KEEP_RIGHT,10,1781,882,62,60
processed\train\DIRECTION\GX010106.MP4_snapshot_04.38.942_crop00_07.jpg,C:\Users\ASUS G 16 JVR\Desktop\deepLearning_CNN\dataset\processed\train\DIRECTION\GX010106.MP4_snapshot_04.38.942_crop00_07.jpg,GX010106.MP4_snapshot_04.38.942_crop00_07.jpg,GX010106.MP4_snapshot_04.38.942.jpg,train,DIRECTION,7,2811,134,585,358
processed\train\NO_ENTRY\GX010106.MP4_snapshot_07.09.408_crop00_13.jpg,C:\Users\ASUS G 16 JVR\Desktop\deepLearning_CNN\dataset\processed\train\NO_ENTRY\GX010106.MP4_snapshot_07.09.408_crop00_13.jpg,GX010106.MP4_snapshot_07.09.408_crop00_13.jpg,GX010106.MP4_snapshot_07.09.408.jpg,train,NO_ENTRY,13,1318,655,203,195
processed\train\DIRECTION\GX010106.MP4_snapshot_07.26.449_crop00_07.jpg,C:\Users\ASUS G 16 JVR\Desktop\deepLearning_CNN\dataset\processed\train\DIRECTION\GX010106.MP4_snapshot_07.26.449_crop00_07.jpg,GX010106.MP4_snapshot_07.26.449_crop00_07.jpg,GX010106.MP4_snapshot_07.26.449.jpg,train,DIRECTION,7,2453,418,361,244
processed\train\DIRECTION\GX010106.MP4_snapshot_07.27.070_crop00_07.jpg,C:\Users\ASUS G 16 JVR\Desktop\deepLearning_CNN\dataset\processed\train\DIRECTION\GX010106.MP4_snapshot_07.27.070_crop00_07.jpg,GX010106.MP4_snapshot_07.27.070_crop00_07.jpg,GX010106.MP4_snapshot_07.27.070.jpg,train,DIRECTION,7,2610,144,528,368
processed\train\DIRECTION\GX010106.MP4_snapshot_08.25.894_crop00_07.jpg,C:\Users\ASUS G 16 JVR\Desktop\deepLearning_CNN\dataset\processed\train\DIRECTION\GX010106.MP4_snapshot_08.25.894_crop00_07.jpg,GX010106.MP4_snapshot_08.25.894_crop00_07.jpg,GX010106.MP4_snapshot_08.25.894.jpg,train,DIRECTION,7,2102,341,408,281
processed\train\DIRECTION\GX010106.MP4_snapshot_08.26.434_crop00_07.jpg,C:\Users\ASUS G 16 JVR\Desktop\deepLearning_CNN\dataset\processed\train\DIRECTION\GX010106.MP4_snapshot_08.26.434_crop00_07.jpg,GX010106.MP4_snapshot_08.26.434_crop00_07.jpg,GX010106.MP4_snapshot_08.26.434.jpg,train,DIRECTION,7,2112,150,521,374
processed\train\NO_ENTRY\GX010106.MP4_snapshot_08.38.357_crop00_13.jpg,C:\Users\ASUS G 16 JVR\Desktop\deepLearning_CNN\dataset\processed\train\NO_ENTRY\GX010106.MP4_snapshot_08.38.357_crop00_13.jpg,GX010106.MP4_snapshot_08.38.357_crop00_13.jpg,GX010106.MP4_snapshot_08.38.357.jpg,train,NO_ENTRY,13,815,743,141,135
processed\train\KEEP_RIGHT\GX010106.MP4_snapshot_08.38.357_crop01_10.jpg,C:\Users\ASUS G 16 JVR\Desktop\deepLearning_CNN\dataset\processed\train\KEEP_RIGHT\GX010106.MP4_snapshot_08.38.357_crop01_10.jpg,GX010106.MP4_snapshot_08.38.357_crop01_10.jpg,GX010106.MP4_snapshot_08.38.357.jpg,train,KEEP_RIGHT,10,820,963,146,146
processed\train\NO_ENTRY\GX010106.MP4_snapshot_10.47.000_crop00_13.jpg,C:\Users\ASUS G 16 JVR\Desktop\deepLearning_CNN\dataset\processed\train\NO_ENTRY\GX010106.MP4_snapshot_10.47.000_crop00_13.jpg,GX010106.MP4_snapshot_10.47.000_crop00_13.jpg,GX010106.MP4_snapshot_10.47.000.jpg,train,NO_ENTRY,13,1045,796,127,119
processed\train\KEEP_RIGHT\GX010106.MP4_snapshot_10.47.000_crop01_10.jpg,C:\Users\ASUS G 16 JVR\Desktop\deepLearning_CNN\dataset\processed\train\KEEP_RIGHT\GX010106.MP4_snapshot_10.47.000_crop01_10.jpg,GX010106.MP4_snapshot_10.47.000_crop01_10.jpg,GX010106.MP4_snapshot_10.47.000.jpg,train,KEEP_RIGHT,10,1018,979,122,122
processed\train\ROAD_JUNCTION_ON_THE_RIGHT\GX010106.MP4_snapshot_11.01.611_crop00_22.jpg,C:\Users\ASUS G 16 JVR\Desktop\deepLearning_CNN\dataset\processed\train\ROAD_JUNCTION_ON_THE_RIGHT\GX010106.MP4_snapshot_11.01.611_crop00_22.jpg,GX010106.MP4_snapshot_11.01.611_crop00_22.jpg,GX010106.MP4_snapshot_11.01.611.jpg,train,ROAD_JUNCTION_ON_THE_RIGHT,22,3004,496,214,198
processed\train\NO_PARKING\GX010106.MP4_snapshot_11.01.611_crop01_15.jpg,C:\Users\ASUS G 16 JVR\Desktop\deepLearning_CNN\dataset\processed\train\NO_PARKING\GX010106.MP4_snapshot_11.01.611_crop01_15.jpg,GX010106.MP4_snapshot_11.01.611_crop01_15.jpg,GX010106.MP4_snapshot_11.01.611.jpg,train,NO_PARKING,15,3025,693,187,181
processed\train\DIRECTION\GX010106.MP4_snapshot_11.57.940_crop00_07.jpg,C:\Users\ASUS G 16 JVR\Desktop\deepLearning_CNN\dataset\processed\train\DIRECTION\GX010106.MP4_snapshot_11.57.940_crop00_07.jpg,GX010106.MP4_snapshot_11.57.940_crop00_07.jpg,GX010106.MP4_snapshot_11.57.940.jpg,train,DIRECTION,7,2356,417,361,264
processed\train\DIRECTION\GX010106.MP4_snapshot_11.58.619_crop00_07.jpg,C:\Users\ASUS G 16 JVR\Desktop\deepLearning_CNN\dataset\processed\train\DIRECTION\GX010106.MP4_snapshot_11.58.619_crop00_07.jpg,GX010106.MP4_snapshot_11.58.619_crop00_07.jpg,GX010106.MP4_snapshot_11.58.619.jpg,train,DIRECTION,7,2453,184,511,364
processed\train\NO_HORN\GX010107.MP4_snapshot_02.07.863_crop00_14.jpg,C:\Users\ASUS G 16 JVR\Desktop\deepLearning_CNN\dataset\processed\train\NO_HORN\GX010107.MP4_snapshot_02.07.863_crop00_14.jpg,GX010107.MP4_snapshot_02.07.863_crop00_14.jpg,GX010107.MP4_snapshot_02.07.863.jpg,train,NO_HORN,14,3035,504,176,181
processed\train\80_SPEED_LIMIT\GX010107.MP4_snapshot_03.13.547_crop00_03.jpg,C:\Users\ASUS G 16 JVR\Desktop\deepLearning_CNN\dataset\processed\train\80_SPEED_LIMIT\GX010107.MP4_snapshot_03.13.547_crop00_03.jpg,GX010107.MP4_snapshot_03.13.547_crop00_03.jpg,GX010107.MP4_snapshot_03.13.547.jpg,train,80_SPEED_LIMIT,3,2974,741,203,192
processed\train\40_SPEED_LIMIT\GX010107.MP4_snapshot_03.24.397_crop00_01.jpg,C:\Users\ASUS G 16 JVR\Desktop\deepLearning_CNN\dataset\processed\train\40_SPEED_LIMIT\GX010107.MP4_snapshot_03.24.397_crop00_01.jpg,GX010107.MP4_snapshot_03.24.397_crop00_01.jpg,GX010107.MP4_snapshot_03.24.397.jpg,train,40_SPEED_LIMIT,1,3172,649,252,241
processed\train\NO_UTURN\GX010107.MP4_snapshot_05.49.549_crop00_16.jpg,C:\Users\ASUS G 16 JVR\Desktop\deepLearning_CNN\dataset\processed\train\NO_UTURN\GX010107.MP4_snapshot_05.49.549_crop00_16.jpg,GX010107.MP4_snapshot_05.49.549_crop00_16.jpg,GX010107.MP4_snapshot_05.49.549.jpg,train,NO_UTURN,16,3418,725,216,195
processed\train\DIRECTION\GX010107.MP4_snapshot_20.17.693_crop00_07.jpg,C:\Users\ASUS G 16 JVR\Desktop\deepLearning_CNN\dataset\processed\train\DIRECTION\GX010107.MP4_snapshot_20.17.693_crop00_07.jpg,GX010107.MP4_snapshot_20.17.693_crop00_07.jpg,GX010107.MP4_snapshot_20.17.693.jpg,train,DIRECTION,7,2131,434,376,306
processed\train\DIRECTION\GX010107.MP4_snapshot_20.58.803_crop00_07.jpg,C:\Users\ASUS G 16 JVR\Desktop\deepLearning_CNN\dataset\processed\train\DIRECTION\GX010107.MP4_snapshot_20.58.803_crop00_07.jpg,GX010107.MP4_snapshot_20.58.803_crop00_07.jpg,GX010107.MP4_snapshot_20.58.803.jpg,train,DIRECTION,7,2192,251,481,374
processed\train\DIRECTION\GX010107.MP4_snapshot_24.10.245_crop00_07.jpg,C:\Users\ASUS G 16 JVR\Desktop\deepLearning_CNN\dataset\processed\train\DIRECTION\GX010107.MP4_snapshot_24.10.245_crop00_07.jpg,GX010107.MP4_snapshot_24.10.245_crop00_07.jpg,GX010107.MP4_snapshot_24.10.245.jpg,train,DIRECTION,7,2603,671,341,298
processed\train\PRIORITY_ROAD\GX010115.MP4_snapshot_00.02.921_crop00_19.jpg,C:\Users\ASUS G 16 JVR\Desktop\deepLearning_CNN\dataset\processed\train\PRIORITY_ROAD\GX010115.MP4_snapshot_00.02.921_crop00_19.jpg,GX010115.MP4_snapshot_00.02.921_crop00_19.jpg,GX010115.MP4_snapshot_00.02.921.jpg,train,PRIORITY_ROAD,19,3185,766,162,154
processed\train\PRIORITY_ROAD\GX010115.MP4_snapshot_00.03.086_crop00_19.jpg,C:\Users\ASUS G 16 JVR\Desktop\deepLearning_CNN\dataset\processed\train\PRIORITY_ROAD\GX010115.MP4_snapshot_00.03.086_crop00_19.jpg,GX010115.MP4_snapshot_00.03.086_crop00_19.jpg,GX010115.MP4_snapshot_00.03.086.jpg,train,PRIORITY_ROAD,19,3461,709,203,184
processed\train\KEEP_RIGHT\GX010115.MP4_snapshot_00.08.244_crop00_10.jpg,C:\Users\ASUS G 16 JVR\Desktop\deepLearning_CNN\dataset\processed\train\KEEP_RIGHT\GX010115.MP4_snapshot_00.08.244_crop00_10.jpg,GX010115.MP4_snapshot_00.08.244_crop00_10.jpg,GX010115.MP4_snapshot_00.08.244.jpg,train,KEEP_RIGHT,10,498,771,325,341
processed\train\PRIORITY_ROAD\GX010115.MP4_snapshot_01.32.562_crop00_19.jpg,C:\Users\ASUS G 16 JVR\Desktop\deepLearning_CNN\dataset\processed\train\PRIORITY_ROAD\GX010115.MP4_snapshot_01.32.562_crop00_19.jpg,GX010115.MP4_snapshot_01.32.562_crop00_19.jpg,GX010115.MP4_snapshot_01.32.562.jpg,train,PRIORITY_ROAD,19,2819,709,189,173
processed\train\80_SPEED_LIMIT\GX010115.MP4_snapshot_01.46.388_crop00_03.jpg,C:\Users\ASUS G 16 JVR\Desktop\deepLearning_CNN\dataset\processed\train\80_SPEED_LIMIT\GX010115.MP4_snapshot_01.46.388_crop00_03.jpg,GX010115.MP4_snapshot_01.46.388_crop00_03.jpg,GX010115.MP4_snapshot_01.46.388.jpg,train,80_SPEED_LIMIT,3,3437,757,165,152
processed\train\KEEP_RIGHT\GX010115.MP4_snapshot_02.24.319_crop00_10.jpg,C:\Users\ASUS G 16 JVR\Desktop\deepLearning_CNN\dataset\processed\train\KEEP_RIGHT\GX010115.MP4_snapshot_02.24.319_crop00_10.jpg,GX010115.MP4_snapshot_02.24.319_crop00_10.jpg,GX010115.MP4_snapshot_02.24.319.jpg,train,KEEP_RIGHT,10,717,852,235,235
processed\train\PRIORITY_ROAD\GX010115.MP4_snapshot_03.02.695_crop00_19.jpg,C:\Users\ASUS G 16 JVR\Desktop\deepLearning_CNN\dataset\processed\train\PRIORITY_ROAD\GX010115.MP4_snapshot_03.02.695_crop00_19.jpg,GX010115.MP4_snapshot_03.02.695_crop00_19.jpg,GX010115.MP4_snapshot_03.02.695.jpg,train,PRIORITY_ROAD,19,3101,780,149,146
processed\train\PRIORITY_ROAD\GX010115.MP4_snapshot_04.30.644_crop00_19.jpg,C:\Users\ASUS G 16 JVR\Desktop\deepLearning_CNN\dataset\processed\train\PRIORITY_ROAD\GX010115.MP4_snapshot_04.30.644_crop00_19.jpg,GX010115.MP4_snapshot_04.30.644_crop00_19.jpg,GX010115.MP4_snapshot_04.30.644.jpg,train,PRIORITY_ROAD,19,3147,819,127,119
processed\train\NO_UTURN\GX010115.MP4_snapshot_04.51.148_crop00_16.jpg,C:\Users\ASUS G 16 JVR\Desktop\deepLearning_CNN\dataset\processed\train\NO_UTURN\GX010115.MP4_snapshot_04.51.148_crop00_16.jpg,GX010115.MP4_snapshot_04.51.148_crop00_16.jpg,GX010115.MP4_snapshot_04.51.148.jpg,train,NO_UTURN,16,819,119,252,265
processed\train\KEEP_RIGHT\GX010115.MP4_snapshot_04.53.554_crop00_10.jpg,C:\Users\ASUS G 16 JVR\Desktop\deepLearning_CNN\dataset\processed\train\KEEP_RIGHT\GX010115.MP4_snapshot_04.53.554_crop00_10.jpg,GX010115.MP4_snapshot_04.53.554_crop00_10.jpg,GX010115.MP4_snapshot_04.53.554.jpg,train,KEEP_RIGHT,10,801,384,249,265
processed\train\KEEP_RIGHT\GX010115.MP4_snapshot_05.22.256_crop00_10.jpg,C:\Users\ASUS G 16 JVR\Desktop\deepLearning_CNN\dataset\processed\train\KEEP_RIGHT\GX010115.MP4_snapshot_05.22.256_crop00_10.jpg,GX010115.MP4_snapshot_05.22.256_crop00_10.jpg,GX010115.MP4_snapshot_05.22.256.jpg,train,KEEP_RIGHT,10,601,755,355,333
processed\train\NO_UTURN\GX010115.MP4_snapshot_05.50.913_crop00_16.jpg,C:\Users\ASUS G 16 JVR\Desktop\deepLearning_CNN\dataset\processed\train\NO_UTURN\GX010115.MP4_snapshot_05.50.913_crop00_16.jpg,GX010115.MP4_snapshot_05.50.913_crop00_16.jpg,GX010115.MP4_snapshot_05.50.913.jpg,train,NO_UTURN,16,639,373,181,179
processed\train\PRIORITY_ROAD\GX010115.MP4_snapshot_06.13.272_crop00_19.jpg,C:\Users\ASUS G 16 JVR\Desktop\deepLearning_CNN\dataset\processed\train\PRIORITY_ROAD\GX010115.MP4_snapshot_06.13.272_crop00_19.jpg,GX010115.MP4_snapshot_06.13.272_crop00_19.jpg,GX010115.MP4_snapshot_06.13.272.jpg,train,PRIORITY_ROAD,19,3115,353,240,240
processed\train\SLOW_DOWN\GX010115.MP4_snapshot_06.13.272_crop01_23.jpg,C:\Users\ASUS G 16 JVR\Desktop\deepLearning_CNN\dataset\processed\train\SLOW_DOWN\GX010115.MP4_snapshot_06.13.272_crop01_23.jpg,GX010115.MP4_snapshot_06.13.272_crop01_23.jpg,GX010115.MP4_snapshot_06.13.272.jpg,train,SLOW_DOWN,23,3118,583,216,211
processed\train\KEEP_RIGHT\GX010115.MP4_snapshot_07.35.158_crop00_10.jpg,C:\Users\ASUS G 16 JVR\Desktop\deepLearning_CNN\dataset\processed\train\KEEP_RIGHT\GX010115.MP4_snapshot_07.35.158_crop00_10.jpg,GX010115.MP4_snapshot_07.35.158_crop00_10.jpg,GX010115.MP4_snapshot_07.35.158.jpg,train,KEEP_RIGHT,10,554,850,192,200
processed\train\PRIORITY_ROAD\GX010115.MP4_snapshot_08.31.834_crop00_19.jpg,C:\Users\ASUS G 16 JVR\Desktop\deepLearning_CNN\dataset\processed\train\PRIORITY_ROAD\GX010115.MP4_snapshot_08.31.834_crop00_19.jpg,GX010115.MP4_snapshot_08.31.834_crop00_19.jpg,GX010115.MP4_snapshot_08.31.834.jpg,train,PRIORITY_ROAD,19,3161,609,244,219
processed\train\DIRECTION\GX010115.MP4_snapshot_10.27.783_crop00_07.jpg,C:\Users\ASUS G 16 JVR\Desktop\deepLearning_CNN\dataset\processed\train\DIRECTION\GX010115.MP4_snapshot_10.27.783_crop00_07.jpg,GX010115.MP4_snapshot_10.27.783_crop00_07.jpg,GX010115.MP4_snapshot_10.27.783.jpg,train,DIRECTION,7,2073,473,337,219
processed\train\30_SPEED_LIMIT\GX010115.MP4_snapshot_10.51.386_crop00_00.jpg,C:\Users\ASUS G 16 JVR\Desktop\deepLearning_CNN\dataset\processed\train\30_SPEED_LIMIT\GX010115.MP4_snapshot_10.51.386_crop00_00.jpg,GX010115.MP4_snapshot_10.51.386_crop00_00.jpg,GX010115.MP4_snapshot_10.51.386.jpg,train,30_SPEED_LIMIT,0,3009,755,146,143
processed\train\DIRECTION\GX010115.MP4_snapshot_10.57.608_crop00_07.jpg,C:\Users\ASUS G 16 JVR\Desktop\deepLearning_CNN\dataset\processed\train\DIRECTION\GX010115.MP4_snapshot_10.57.608_crop00_07.jpg,GX010115.MP4_snapshot_10.57.608_crop00_07.jpg,GX010115.MP4_snapshot_10.57.608.jpg,train,DIRECTION,7,1367,324,317,281
processed\train\DIRECTION\GX010115.MP4_snapshot_10.57.608_crop01_07.jpg,C:\Users\ASUS G 16 JVR\Desktop\deepLearning_CNN\dataset\processed\train\DIRECTION\GX010115.MP4_snapshot_10.57.608_crop01_07.jpg,GX010115.MP4_snapshot_10.57.608_crop01_07.jpg,GX010115.MP4_snapshot_10.57.608.jpg,train,DIRECTION,7,1878,391,287,247
processed\train\NO_UTURN\GX010116.MP4_snapshot_00.11.732_crop00_16.jpg,C:\Users\ASUS G 16 JVR\Desktop\deepLearning_CNN\dataset\processed\train\NO_UTURN\GX010116.MP4_snapshot_00.11.732_crop00_16.jpg,GX010116.MP4_snapshot_00.11.732_crop00_16.jpg,GX010116.MP4_snapshot_00.11.732.jpg,train,NO_UTURN,16,1074,127,262,262
processed\train\NO_UTURN\GX010116.MP4_snapshot_01.40.191_crop00_16.jpg,C:\Users\ASUS G 16 JVR\Desktop\deepLearning_CNN\dataset\processed\train\NO_UTURN\GX010116.MP4_snapshot_01.40.191_crop00_16.jpg,GX010116.MP4_snapshot_01.40.191_crop00_16.jpg,GX010116.MP4_snapshot_01.40.191.jpg,train,NO_UTURN,16,836,100,273,284
processed\train\KEEP_RIGHT\GX010116.MP4_snapshot_01.40.191_crop01_10.jpg,C:\Users\ASUS G 16 JVR\Desktop\deepLearning_CNN\dataset\processed\train\KEEP_RIGHT\GX010116.MP4_snapshot_01.40.191_crop01_10.jpg,GX010116.MP4_snapshot_01.40.191_crop01_10.jpg,GX010116.MP4_snapshot_01.40.191.jpg,train,KEEP_RIGHT,10,1743,869,70,70
processed\train\LEFT_BEND\GX010116.MP4_snapshot_01.49.261_crop00_12.jpg,C:\Users\ASUS G 16 JVR\Desktop\deepLearning_CNN\dataset\processed\train\LEFT_BEND\GX010116.MP4_snapshot_01.49.261_crop00_12.jpg,GX010116.MP4_snapshot_01.49.261_crop00_12.jpg,GX010116.MP4_snapshot_01.49.261.jpg,train,LEFT_BEND,12,3142,763,173,162
processed\train\40_SPEED_LIMIT\GX010116.MP4_snapshot_02.17.682_crop00_01.jpg,C:\Users\ASUS G 16 JVR\Desktop\deepLearning_CNN\dataset\processed\train\40_SPEED_LIMIT\GX010116.MP4_snapshot_02.17.682_crop00_01.jpg,GX010116.MP4_snapshot_02.17.682_crop00_01.jpg,GX010116.MP4_snapshot_02.17.682.jpg,train,40_SPEED_LIMIT,1,2809,698,114,106
processed\train\DIRECTION\GX010116.MP4_snapshot_02.30.804_crop00_07.jpg,C:\Users\ASUS G 16 JVR\Desktop\deepLearning_CNN\dataset\processed\train\DIRECTION\GX010116.MP4_snapshot_02.30.804_crop00_07.jpg,GX010116.MP4_snapshot_02.30.804_crop00_07.jpg,GX010116.MP4_snapshot_02.30.804.jpg,train,DIRECTION,7,2705,386,251,205
processed\train\NO_UTURN\GX010116.MP4_snapshot_02.45.175_crop00_16.jpg,C:\Users\ASUS G 16 JVR\Desktop\deepLearning_CNN\dataset\processed\train\NO_UTURN\GX010116.MP4_snapshot_02.45.175_crop00_16.jpg,GX010116.MP4_snapshot_02.45.175_crop00_16.jpg,GX010116.MP4_snapshot_02.45.175.jpg,train,NO_UTURN,16,1012,203,230,233
processed\train\KEEP_RIGHT\GX010116.MP4_snapshot_02.51.026_crop00_10.jpg,C:\Users\ASUS G 16 JVR\Desktop\deepLearning_CNN\dataset\processed\train\KEEP_RIGHT\GX010116.MP4_snapshot_02.51.026_crop00_10.jpg,GX010116.MP4_snapshot_02.51.026_crop00_10.jpg,GX010116.MP4_snapshot_02.51.026.jpg,train,KEEP_RIGHT,10,200,409,249,265
processed\train\SLOW_DOWN\GX010116.MP4_snapshot_03.00.692_crop00_23.jpg,C:\Users\ASUS G 16 JVR\Desktop\deepLearning_CNN\dataset\processed\train\SLOW_DOWN\GX010116.MP4_snapshot_03.00.692_crop00_23.jpg,GX010116.MP4_snapshot_03.00.692_crop00_23.jpg,GX010116.MP4_snapshot_03.00.692.jpg,train,SLOW_DOWN,23,3096,669,203,192
processed\train\SLOW_DOWN\GX010116.MP4_snapshot_03.56.641_crop00_23.jpg,C:\Users\ASUS G 16 JVR\Desktop\deepLearning_CNN\dataset\processed\train\SLOW_DOWN\GX010116.MP4_snapshot_03.56.641_crop00_23.jpg,GX010116.MP4_snapshot_03.56.641_crop00_23.jpg,GX010116.MP4_snapshot_03.56.641.jpg,train,SLOW_DOWN,23,3294,802,130,119
processed\train\DIRECTION\GX010116.MP4_snapshot_03.59.893_crop00_07.jpg,C:\Users\ASUS G 16 JVR\Desktop\deepLearning_CNN\dataset\processed\train\DIRECTION\GX010116.MP4_snapshot_03.59.893_crop00_07.jpg,GX010116.MP4_snapshot_03.59.893_crop00_07.jpg,GX010116.MP4_snapshot_03.59.893.jpg,train,DIRECTION,7,2630,282,287,227
processed\train\NO_UTURN\GX010116.MP4_snapshot_05.01.869_crop00_16.jpg,C:\Users\ASUS G 16 JVR\Desktop\deepLearning_CNN\dataset\processed\train\NO_UTURN\GX010116.MP4_snapshot_05.01.869_crop00_16.jpg,GX010116.MP4_snapshot_05.01.869_crop00_16.jpg,GX010116.MP4_snapshot_05.01.869.jpg,train,NO_UTURN,16,934,401,179,184
processed\train\NO_UTURN\GX010116.MP4_snapshot_05.54.324_crop00_16.jpg,C:\Users\ASUS G 16 JVR\Desktop\deepLearning_CNN\dataset\processed\train\NO_UTURN\GX010116.MP4_snapshot_05.54.324_crop00_16.jpg,GX010116.MP4_snapshot_05.54.324_crop00_16.jpg,GX010116.MP4_snapshot_05.54.324.jpg,train,NO_UTURN,16,1226,406,181,179
processed\train\PRIORITY_ROAD\GX010116.MP4_snapshot_05.54.324_crop01_19.jpg,C:\Users\ASUS G 16 JVR\Desktop\deepLearning_CNN\dataset\processed\train\PRIORITY_ROAD\GX010116.MP4_snapshot_05.54.324_crop01_19.jpg,GX010116.MP4_snapshot_05.54.324_crop01_19.jpg,GX010116.MP4_snapshot_05.54.324.jpg,train,PRIORITY_ROAD,19,2868,801,135,133
processed\train\KEEP_RIGHT\GX010116.MP4_snapshot_06.04.823_crop00_10.jpg,C:\Users\ASUS G 16 JVR\Desktop\deepLearning_CNN\dataset\processed\train\KEEP_RIGHT\GX010116.MP4_snapshot_06.04.823_crop00_10.jpg,GX010116.MP4_snapshot_06.04.823_crop00_10.jpg,GX010116.MP4_snapshot_06.04.823.jpg,train,KEEP_RIGHT,10,633,111,452,414
processed\train\40_SPEED_LIMIT\GX010116.MP4_snapshot_06.22.705_crop00_01.jpg,C:\Users\ASUS G 16 JVR\Desktop\deepLearning_CNN\dataset\processed\train\40_SPEED_LIMIT\GX010116.MP4_snapshot_06.22.705_crop00_01.jpg,GX010116.MP4_snapshot_06.22.705_crop00_01.jpg,GX010116.MP4_snapshot_06.22.705.jpg,train,40_SPEED_LIMIT,1,3204,766,157,152
processed\train\DIRECTION\GX010116.MP4_snapshot_07.30.336_crop00_07.jpg,C:\Users\ASUS G 16 JVR\Desktop\deepLearning_CNN\dataset\processed\train\DIRECTION\GX010116.MP4_snapshot_07.30.336_crop00_07.jpg,GX010116.MP4_snapshot_07.30.336_crop00_07.jpg,GX010116.MP4_snapshot_07.30.336.jpg,train,DIRECTION,7,2830,292,296,234
processed\train\NO_UTURN\GX010116.MP4_snapshot_10.05.251_crop00_16.jpg,C:\Users\ASUS G 16 JVR\Desktop\deepLearning_CNN\dataset\processed\train\NO_UTURN\GX010116.MP4_snapshot_10.05.251_crop00_16.jpg,GX010116.MP4_snapshot_10.05.251_crop00_16.jpg,GX010116.MP4_snapshot_10.05.251.jpg,train,NO_UTURN,16,1643,677,103,97
processed\train\NO_UTURN\GX010116.MP4_snapshot_10.05.783_crop02_16.jpg,C:\Users\ASUS G 16 JVR\Desktop\deepLearning_CNN\dataset\processed\train\NO_UTURN\GX010116.MP4_snapshot_10.05.783_crop02_16.jpg,GX010116.MP4_snapshot_10.05.783_crop02_16.jpg,GX010116.MP4_snapshot_10.05.783.jpg,train,NO_UTURN,16,1313,378,193,184
processed\train\KEEP_RIGHT\GX010116.MP4_snapshot_10.41.669_crop00_10.jpg,C:\Users\ASUS G 16 JVR\Desktop\deepLearning_CNN\dataset\processed\train\KEEP_RIGHT\GX010116.MP4_snapshot_10.41.669_crop00_10.jpg,GX010116.MP4_snapshot_10.41.669_crop00_10.jpg,GX010116.MP4_snapshot_10.41.669.jpg,train,KEEP_RIGHT,10,1039,441,262,254
processed\train\PRIORITY_ROAD\GX010116.MP4_snapshot_11.58.967_crop00_19.jpg,C:\Users\ASUS G 16 JVR\Desktop\deepLearning_CNN\dataset\processed\train\PRIORITY_ROAD\GX010116.MP4_snapshot_11.58.967_crop00_19.jpg,GX010116.MP4_snapshot_11.58.967_crop00_19.jpg,GX010116.MP4_snapshot_11.58.967.jpg,train,PRIORITY_ROAD,19,3053,758,124,165
processed\train\U_TURN\GX010116.MP4_snapshot_13.14.538_crop00_25.jpg,C:\Users\ASUS G 16 JVR\Desktop\deepLearning_CNN\dataset\processed\train\U_TURN\GX010116.MP4_snapshot_13.14.538_crop00_25.jpg,GX010116.MP4_snapshot_13.14.538_crop00_25.jpg,GX010116.MP4_snapshot_13.14.538.jpg,train,U_TURN,25,363,598,220,224
processed\train\NO_UTURN\GX010116.MP4_snapshot_13.26.122_crop00_16.jpg,C:\Users\ASUS G 16 JVR\Desktop\deepLearning_CNN\dataset\processed\train\NO_UTURN\GX010116.MP4_snapshot_13.26.122_crop00_16.jpg,GX010116.MP4_snapshot_13.26.122_crop00_16.jpg,GX010116.MP4_snapshot_13.26.122.jpg,train,NO_UTURN,16,620,273,225,225
processed\train\U_TURN\GX010116.MP4_snapshot_14.23.629_crop00_25.jpg,C:\Users\ASUS G 16 JVR\Desktop\deepLearning_CNN\dataset\processed\train\U_TURN\GX010116.MP4_snapshot_14.23.629_crop00_25.jpg,GX010116.MP4_snapshot_14.23.629_crop00_25.jpg,GX010116.MP4_snapshot_14.23.629.jpg,train,U_TURN,25,233,608,211,215
processed\train\PRIORITY_ROAD\GX010116.MP4_snapshot_15.46.100_crop00_19.jpg,C:\Users\ASUS G 16 JVR\Desktop\deepLearning_CNN\dataset\processed\train\PRIORITY_ROAD\GX010116.MP4_snapshot_15.46.100_crop00_19.jpg,GX010116.MP4_snapshot_15.46.100_crop00_19.jpg,GX010116.MP4_snapshot_15.46.100.jpg,train,PRIORITY_ROAD,19,3211,776,181,157
processed\train\NO_UTURN\GX010116.MP4_snapshot_15.51.679_crop00_16.jpg,C:\Users\ASUS G 16 JVR\Desktop\deepLearning_CNN\dataset\processed\train\NO_UTURN\GX010116.MP4_snapshot_15.51.679_crop00_16.jpg,GX010116.MP4_snapshot_15.51.679_crop00_16.jpg,GX010116.MP4_snapshot_15.51.679.jpg,train,NO_UTURN,16,958,103,284,276
processed\train\NO_UTURN\GX010116.MP4_snapshot_16.24.582_crop00_16.jpg,C:\Users\ASUS G 16 JVR\Desktop\deepLearning_CNN\dataset\processed\train\NO_UTURN\GX010116.MP4_snapshot_16.24.582_crop00_16.jpg,GX010116.MP4_snapshot_16.24.582_crop00_16.jpg,GX010116.MP4_snapshot_16.24.582.jpg,train,NO_UTURN,16,1139,168,265,260
processed\train\DIRECTION\GX010116.MP4_snapshot_17.24.715_crop00_07.jpg,C:\Users\ASUS G 16 JVR\Desktop\deepLearning_CNN\dataset\processed\train\DIRECTION\GX010116.MP4_snapshot_17.24.715_crop00_07.jpg,GX010116.MP4_snapshot_17.24.715_crop00_07.jpg,GX010116.MP4_snapshot_17.24.715.jpg,train,DIRECTION,7,2867,314,284,231
processed\train\KEEP_RIGHT\GX010116.MP4_snapshot_17.35.890_crop00_10.jpg,C:\Users\ASUS G 16 JVR\Desktop\deepLearning_CNN\dataset\processed\train\KEEP_RIGHT\GX010116.MP4_snapshot_17.35.890_crop00_10.jpg,GX010116.MP4_snapshot_17.35.890_crop00_10.jpg,GX010116.MP4_snapshot_17.35.890.jpg,train,KEEP_RIGHT,10,722,256,338,360
processed\train\NO_UTURN\GX010116.MP4_snapshot_19.27.406_crop00_16.jpg,C:\Users\ASUS G 16 JVR\Desktop\deepLearning_CNN\dataset\processed\train\NO_UTURN\GX010116.MP4_snapshot_19.27.406_crop00_16.jpg,GX010116.MP4_snapshot_19.27.406_crop00_16.jpg,GX010116.MP4_snapshot_19.27.406.jpg,train,NO_UTURN,16,1475,461,170,168
processed\train\LEFT_BEND\GX010116.MP4_snapshot_19.27.406_crop01_12.jpg,C:\Users\ASUS G 16 JVR\Desktop\deepLearning_CNN\dataset\processed\train\LEFT_BEND\GX010116.MP4_snapshot_19.27.406_crop01_12.jpg,GX010116.MP4_snapshot_19.27.406_crop01_12.jpg,GX010116.MP4_snapshot_19.27.406.jpg,train,LEFT_BEND,12,3385,717,165,181
processed\train\PRIORITY_ROAD\GX010116.MP4_snapshot_20.53.907_crop00_19.jpg,C:\Users\ASUS G 16 JVR\Desktop\deepLearning_CNN\dataset\processed\train\PRIORITY_ROAD\GX010116.MP4_snapshot_20.53.907_crop00_19.jpg,GX010116.MP4_snapshot_20.53.907_crop00_19.jpg,GX010116.MP4_snapshot_20.53.907.jpg,train,PRIORITY_ROAD,19,3142,723,170,168
processed\train\STAGGERED_JUNCTION_RL\GX010116.MP4_snapshot_21.31.309_crop00_24.jpg,C:\Users\ASUS G 16 JVR\Desktop\deepLearning_CNN\dataset\processed\train\STAGGERED_JUNCTION_RL\GX010116.MP4_snapshot_21.31.309_crop00_24.jpg,GX010116.MP4_snapshot_21.31.309_crop00_24.jpg,GX010116.MP4_snapshot_21.31.309.jpg,train,STAGGERED_JUNCTION_RL,24,3299,695,189,187
processed\train\SLOW_DOWN\GX010116.MP4_snapshot_22.39.305_crop00_23.jpg,C:\Users\ASUS G 16 JVR\Desktop\deepLearning_CNN\dataset\processed\train\SLOW_DOWN\GX010116.MP4_snapshot_22.39.305_crop00_23.jpg,GX010116.MP4_snapshot_22.39.305_crop00_23.jpg,GX010116.MP4_snapshot_22.39.305.jpg,train,SLOW_DOWN,23,2998,623,253,230
processed\train\NO_HORN\GX010116.MP4_snapshot_22.48.381_crop00_14.jpg,C:\Users\ASUS G 16 JVR\Desktop\deepLearning_CNN\dataset\processed\train\NO_HORN\GX010116.MP4_snapshot_22.48.381_crop00_14.jpg,GX010116.MP4_snapshot_22.48.381_crop00_14.jpg,GX010116.MP4_snapshot_22.48.381.jpg,train,NO_HORN,14,2833,514,170,173
processed\train\CHILDREN_CROSSING\GX010116.MP4_snapshot_22.48.381_crop01_05.jpg,C:\Users\ASUS G 16 JVR\Desktop\deepLearning_CNN\dataset\processed\train\CHILDREN_CROSSING\GX010116.MP4_snapshot_22.48.381_crop01_05.jpg,GX010116.MP4_snapshot_22.48.381_crop01_05.jpg,GX010116.MP4_snapshot_22.48.381.jpg,train,CHILDREN_CROSSING,5,2809,697,200,195
processed\train\U_TURN\GX010116.MP4_snapshot_22.58.957_crop00_25.jpg,C:\Users\ASUS G 16 JVR\Desktop\deepLearning_CNN\dataset\processed\train\U_TURN\GX010116.MP4_snapshot_22.58.957_crop00_25.jpg,GX010116.MP4_snapshot_22.58.957_crop00_25.jpg,GX010116.MP4_snapshot_22.58.957.jpg,train,U_TURN,25,585,678,180,178
processed\train\DIRECTION\GX010116.MP4_snapshot_23.29.978_crop00_07.jpg,C:\Users\ASUS G 16 JVR\Desktop\deepLearning_CNN\dataset\processed\train\DIRECTION\GX010116.MP4_snapshot_23.29.978_crop00_07.jpg,GX010116.MP4_snapshot_23.29.978_crop00_07.jpg,GX010116.MP4_snapshot_23.29.978.jpg,train,DIRECTION,7,2532,343,272,217
processed\train\PRIORITY_ROAD\GX010116.MP4_snapshot_23.36.997_crop00_19.jpg,C:\Users\ASUS G 16 JVR\Desktop\deepLearning_CNN\dataset\processed\train\PRIORITY_ROAD\GX010116.MP4_snapshot_23.36.997_crop00_19.jpg,GX010116.MP4_snapshot_23.36.997_crop00_19.jpg,GX010116.MP4_snapshot_23.36.997.jpg,train,PRIORITY_ROAD,19,3126,672,225,200
processed\train\NO_UTURN\GX010116.MP4_snapshot_23.47.826_crop00_16.jpg,C:\Users\ASUS G 16 JVR\Desktop\deepLearning_CNN\dataset\processed\train\NO_UTURN\GX010116.MP4_snapshot_23.47.826_crop00_16.jpg,GX010116.MP4_snapshot_23.47.826_crop00_16.jpg,GX010116.MP4_snapshot_23.47.826.jpg,train,NO_UTURN,16,304,168,238,249
processed\train\KEEP_RIGHT\GX010116.MP4_snapshot_25.36.829_crop00_10.jpg,C:\Users\ASUS G 16 JVR\Desktop\deepLearning_CNN\dataset\processed\train\KEEP_RIGHT\GX010116.MP4_snapshot_25.36.829_crop00_10.jpg,GX010116.MP4_snapshot_25.36.829_crop00_10.jpg,GX010116.MP4_snapshot_25.36.829.jpg,train,KEEP_RIGHT,10,235,443,262,265
processed\train\PRIORITY_ROAD\GX010116.MP4_snapshot_25.40.786_crop00_19.jpg,C:\Users\ASUS G 16 JVR\Desktop\deepLearning_CNN\dataset\processed\train\PRIORITY_ROAD\GX010116.MP4_snapshot_25.40.786_crop00_19.jpg,GX010116.MP4_snapshot_25.40.786_crop00_19.jpg,GX010116.MP4_snapshot_25.40.786.jpg,train,PRIORITY_ROAD,19,3055,565,281,265
processed\train\U_TURN\GX010116.MP4_snapshot_25.48.741_crop00_25.jpg,C:\Users\ASUS G 16 JVR\Desktop\deepLearning_CNN\dataset\processed\train\U_TURN\GX010116.MP4_snapshot_25.48.741_crop00_25.jpg,GX010116.MP4_snapshot_25.48.741_crop00_25.jpg,GX010116.MP4_snapshot_25.48.741.jpg,train,U_TURN,25,756,450,143,154
processed\train\80_SPEED_LIMIT\GX010116.MP4_snapshot_26.11.180_crop00_03.jpg,C:\Users\ASUS G 16 JVR\Desktop\deepLearning_CNN\dataset\processed\train\80_SPEED_LIMIT\GX010116.MP4_snapshot_26.11.180_crop00_03.jpg,GX010116.MP4_snapshot_26.11.180_crop00_03.jpg,GX010116.MP4_snapshot_26.11.180.jpg,train,80_SPEED_LIMIT,3,3556,709,181,176
processed\train\KEEP_RIGHT\GX010116.MP4_snapshot_27.05.623_crop00_10.jpg,C:\Users\ASUS G 16 JVR\Desktop\deepLearning_CNN\dataset\processed\train\KEEP_RIGHT\GX010116.MP4_snapshot_27.05.623_crop00_10.jpg,GX010116.MP4_snapshot_27.05.623_crop00_10.jpg,GX010116.MP4_snapshot_27.05.623.jpg,train,KEEP_RIGHT,10,967,416,281,271
processed\train\KEEP_RIGHT\GX010116.MP4_snapshot_27.27.743_crop00_10.jpg,C:\Users\ASUS G 16 JVR\Desktop\deepLearning_CNN\dataset\processed\train\KEEP_RIGHT\GX010116.MP4_snapshot_27.27.743_crop00_10.jpg,GX010116.MP4_snapshot_27.27.743_crop00_10.jpg,GX010116.MP4_snapshot_27.27.743.jpg,train,KEEP_RIGHT,10,382,132,409,398
processed\train\KM_POST\GX010116.MP4_snapshot_27.27.743_crop01_11.jpg,C:\Users\ASUS G 16 JVR\Desktop\deepLearning_CNN\dataset\processed\train\KM_POST\GX010116.MP4_snapshot_27.27.743_crop01_11.jpg,GX010116.MP4_snapshot_27.27.743_crop01_11.jpg,GX010116.MP4_snapshot_27.27.743.jpg,train,KM_POST,11,3442,1089,125,164
processed\train\KEEP_RIGHT\GX010116.MP4_snapshot_28.03.343_crop00_10.jpg,C:\Users\ASUS G 16 JVR\Desktop\deepLearning_CNN\dataset\processed\train\KEEP_RIGHT\GX010116.MP4_snapshot_28.03.343_crop00_10.jpg,GX010116.MP4_snapshot_28.03.343_crop00_10.jpg,GX010116.MP4_snapshot_28.03.343.jpg,train,KEEP_RIGHT,10,823,310,313,319
processed\train\40_SPEED_LIMIT\GX010116.MP4_snapshot_28.49.667_crop00_01.jpg,C:\Users\ASUS G 16 JVR\Desktop\deepLearning_CNN\dataset\processed\train\40_SPEED_LIMIT\GX010116.MP4_snapshot_28.49.667_crop00_01.jpg,GX010116.MP4_snapshot_28.49.667_crop00_01.jpg,GX010116.MP4_snapshot_28.49.667.jpg,train,40_SPEED_LIMIT,1,3218,817,119,108
processed\train\NO_UTURN\GX010116.MP4_snapshot_29.05.810_crop00_16.jpg,C:\Users\ASUS G 16 JVR\Desktop\deepLearning_CNN\dataset\processed\train\NO_UTURN\GX010116.MP4_snapshot_29.05.810_crop00_16.jpg,GX010116.MP4_snapshot_29.05.810_crop00_16.jpg,GX010116.MP4_snapshot_29.05.810.jpg,train,NO_UTURN,16,1099,175,244,254
processed\train\NO_UTURN\GX010116.MP4_snapshot_31.01.519_crop00_16.jpg,C:\Users\ASUS G 16 JVR\Desktop\deepLearning_CNN\dataset\processed\train\NO_UTURN\GX010116.MP4_snapshot_31.01.519_crop00_16.jpg,GX010116.MP4_snapshot_31.01.519_crop00_16.jpg,GX010116.MP4_snapshot_31.01.519.jpg,train,NO_UTURN,16,885,62,290,298
processed\train\NO_UTURN\GX010116.MP4_snapshot_31.38.397_crop00_16.jpg,C:\Users\ASUS G 16 JVR\Desktop\deepLearning_CNN\dataset\processed\train\NO_UTURN\GX010116.MP4_snapshot_31.38.397_crop00_16.jpg,GX010116.MP4_snapshot_31.38.397_crop00_16.jpg,GX010116.MP4_snapshot_31.38.397.jpg,train,NO_UTURN,16,736,384,187,195
processed\train\80_SPEED_LIMIT\GX010116.MP4_snapshot_32.02.021_crop00_03.jpg,C:\Users\ASUS G 16 JVR\Desktop\deepLearning_CNN\dataset\processed\train\80_SPEED_LIMIT\GX010116.MP4_snapshot_32.02.021_crop00_03.jpg,GX010116.MP4_snapshot_32.02.021_crop00_03.jpg,GX010116.MP4_snapshot_32.02.021.jpg,train,80_SPEED_LIMIT,3,3191,812,141,138
processed\train\NO_UTURN\GX010116.MP4_snapshot_33.22.073_crop00_16.jpg,C:\Users\ASUS G 16 JVR\Desktop\deepLearning_CNN\dataset\processed\train\NO_UTURN\GX010116.MP4_snapshot_33.22.073_crop00_16.jpg,GX010116.MP4_snapshot_33.22.073_crop00_16.jpg,GX010116.MP4_snapshot_33.22.073.jpg,train,NO_UTURN,16,830,357,198,189
processed\train\DIRECTION\GX010116.MP4_snapshot_33.53.502_crop00_07.jpg,C:\Users\ASUS G 16 JVR\Desktop\deepLearning_CNN\dataset\processed\train\DIRECTION\GX010116.MP4_snapshot_33.53.502_crop00_07.jpg,GX010116.MP4_snapshot_33.53.502_crop00_07.jpg,GX010116.MP4_snapshot_33.53.502.jpg,train,DIRECTION,7,2550,60,361,297
processed\train\KEEP_RIGHT\GX010116.MP4_snapshot_33.53.502_crop01_10.jpg,C:\Users\ASUS G 16 JVR\Desktop\deepLearning_CNN\dataset\processed\train\KEEP_RIGHT\GX010116.MP4_snapshot_33.53.502_crop01_10.jpg,GX010116.MP4_snapshot_33.53.502_crop01_10.jpg,GX010116.MP4_snapshot_33.53.502.jpg,train,KEEP_RIGHT,10,1251,752,127,124
processed\train\NO_UTURN\GX010116.MP4_snapshot_34.18.987_crop00_16.jpg,C:\Users\ASUS G 16 JVR\Desktop\deepLearning_CNN\dataset\processed\train\NO_UTURN\GX010116.MP4_snapshot_34.18.987_crop00_16.jpg,GX010116.MP4_snapshot_34.18.987_crop00_16.jpg,GX010116.MP4_snapshot_34.18.987.jpg,train,NO_UTURN,16,876,4,293,306
processed\train\KEEP_RIGHT\GX010116.MP4_snapshot_34.27.095_crop00_10.jpg,C:\Users\ASUS G 16 JVR\Desktop\deepLearning_CNN\dataset\processed\train\KEEP_RIGHT\GX010116.MP4_snapshot_34.27.095_crop00_10.jpg,GX010116.MP4_snapshot_34.27.095_crop00_10.jpg,GX010116.MP4_snapshot_34.27.095.jpg,train,KEEP_RIGHT,10,678,114,401,409
processed\train\NO_UTURN\GX010217.MP4_snapshot_01.52.846_crop00_16.jpg,C:\Users\ASUS G 16 JVR\Desktop\deepLearning_CNN\dataset\processed\train\NO_UTURN\GX010217.MP4_snapshot_01.52.846_crop00_16.jpg,GX010217.MP4_snapshot_01.52.846_crop00_16.jpg,GX010217.MP4_snapshot_01.52.846.jpg,train,NO_UTURN,16,1150,570,235,225
processed\train\NO_UTURN\GX010217.MP4_snapshot_02.28.683_crop00_16.jpg,C:\Users\ASUS G 16 JVR\Desktop\deepLearning_CNN\dataset\processed\train\NO_UTURN\GX010217.MP4_snapshot_02.28.683_crop00_16.jpg,GX010217.MP4_snapshot_02.28.683_crop00_16.jpg,GX010217.MP4_snapshot_02.28.683.jpg,train,NO_UTURN,16,1082,474,265,265
processed\train\NO_UTURN\GX010217.MP4_snapshot_02.56.862_crop00_16.jpg,C:\Users\ASUS G 16 JVR\Desktop\deepLearning_CNN\dataset\processed\train\NO_UTURN\GX010217.MP4_snapshot_02.56.862_crop00_16.jpg,GX010217.MP4_snapshot_02.56.862_crop00_16.jpg,GX010217.MP4_snapshot_02.56.862.jpg,train,NO_UTURN,16,167,32,468,460
processed\train\SLOW_DOWN\GX010217.MP4_snapshot_03.40.470_crop00_23.jpg,C:\Users\ASUS G 16 JVR\Desktop\deepLearning_CNN\dataset\processed\train\SLOW_DOWN\GX010217.MP4_snapshot_03.40.470_crop00_23.jpg,GX010217.MP4_snapshot_03.40.470_crop00_23.jpg,GX010217.MP4_snapshot_03.40.470.jpg,train,SLOW_DOWN,23,3431,736,206,184
processed\train\U_TURN\GX010217.MP4_snapshot_04.05.324_crop00_25.jpg,C:\Users\ASUS G 16 JVR\Desktop\deepLearning_CNN\dataset\processed\train\U_TURN\GX010217.MP4_snapshot_04.05.324_crop00_25.jpg,GX010217.MP4_snapshot_04.05.324_crop00_25.jpg,GX010217.MP4_snapshot_04.05.324.jpg,train,U_TURN,25,793,817,116,108
processed\train\KEEP_RIGHT\GX010217.MP4_snapshot_04.58.823_crop00_10.jpg,C:\Users\ASUS G 16 JVR\Desktop\deepLearning_CNN\dataset\processed\train\KEEP_RIGHT\GX010217.MP4_snapshot_04.58.823_crop00_10.jpg,GX010217.MP4_snapshot_04.58.823_crop00_10.jpg,GX010217.MP4_snapshot_04.58.823.jpg,train,KEEP_RIGHT,10,511,701,346,300
processed\train\KEEP_RIGHT\GX010217.MP4_snapshot_05.21.103_crop00_10.jpg,C:\Users\ASUS G 16 JVR\Desktop\deepLearning_CNN\dataset\processed\train\KEEP_RIGHT\GX010217.MP4_snapshot_05.21.103_crop00_10.jpg,GX010217.MP4_snapshot_05.21.103_crop00_10.jpg,GX010217.MP4_snapshot_05.21.103.jpg,train,KEEP_RIGHT,10,785,785,235,244
processed\train\KEEP_RIGHT\GX010217.MP4_snapshot_05.29.668_crop00_10.jpg,C:\Users\ASUS G 16 JVR\Desktop\deepLearning_CNN\dataset\processed\train\KEEP_RIGHT\GX010217.MP4_snapshot_05.29.668_crop00_10.jpg,GX010217.MP4_snapshot_05.29.668_crop00_10.jpg,GX010217.MP4_snapshot_05.29.668.jpg,train,KEEP_RIGHT,10,950,746,306,300
processed\train\NO_UTURN\GX010217.MP4_snapshot_06.08.135_crop00_16.jpg,C:\Users\ASUS G 16 JVR\Desktop\deepLearning_CNN\dataset\processed\train\NO_UTURN\GX010217.MP4_snapshot_06.08.135_crop00_16.jpg,GX010217.MP4_snapshot_06.08.135_crop00_16.jpg,GX010217.MP4_snapshot_06.08.135.jpg,train,NO_UTURN,16,704,426,300,290
processed\train\NO_UTURN\GX010217.MP4_snapshot_07.46.881_crop00_16.jpg,C:\Users\ASUS G 16 JVR\Desktop\deepLearning_CNN\dataset\processed\train\NO_UTURN\GX010217.MP4_snapshot_07.46.881_crop00_16.jpg,GX010217.MP4_snapshot_07.46.881_crop00_16.jpg,GX010217.MP4_snapshot_07.46.881.jpg,train,NO_UTURN,16,868,460,292,281
processed\train\NO_UTURN\GX010217.MP4_snapshot_08.05.167_crop00_16.jpg,C:\Users\ASUS G 16 JVR\Desktop\deepLearning_CNN\dataset\processed\train\NO_UTURN\GX010217.MP4_snapshot_08.05.167_crop00_16.jpg,GX010217.MP4_snapshot_08.05.167_crop00_16.jpg,GX010217.MP4_snapshot_08.05.167.jpg,train,NO_UTURN,16,924,479,262,265
processed\train\KEEP_RIGHT\GX010217.MP4_snapshot_08.07.597_crop00_10.jpg,C:\Users\ASUS G 16 JVR\Desktop\deepLearning_CNN\dataset\processed\train\KEEP_RIGHT\GX010217.MP4_snapshot_08.07.597_crop00_10.jpg,GX010217.MP4_snapshot_08.07.597_crop00_10.jpg,GX010217.MP4_snapshot_08.07.597.jpg,train,KEEP_RIGHT,10,923,763,284,279
processed\train\KEEP_RIGHT\GX010217.MP4_snapshot_10.14.386_crop00_10.jpg,C:\Users\ASUS G 16 JVR\Desktop\deepLearning_CNN\dataset\processed\train\KEEP_RIGHT\GX010217.MP4_snapshot_10.14.386_crop00_10.jpg,GX010217.MP4_snapshot_10.14.386_crop00_10.jpg,GX010217.MP4_snapshot_10.14.386.jpg,train,KEEP_RIGHT,10,864,694,300,300
processed\train\KEEP_RIGHT\GX010217.MP4_snapshot_10.49.490_crop00_10.jpg,C:\Users\ASUS G 16 JVR\Desktop\deepLearning_CNN\dataset\processed\train\KEEP_RIGHT\GX010217.MP4_snapshot_10.49.490_crop00_10.jpg,GX010217.MP4_snapshot_10.49.490_crop00_10.jpg,GX010217.MP4_snapshot_10.49.490.jpg,train,KEEP_RIGHT,10,971,757,300,298
processed\train\NO_UTURN\GX010217.MP4_snapshot_11.06.622_crop00_16.jpg,C:\Users\ASUS G 16 JVR\Desktop\deepLearning_CNN\dataset\processed\train\NO_UTURN\GX010217.MP4_snapshot_11.06.622_crop00_16.jpg,GX010217.MP4_snapshot_11.06.622_crop00_16.jpg,GX010217.MP4_snapshot_11.06.622.jpg,train,NO_UTURN,16,698,357,319,325
processed\train\PRIORITY_ROAD\GX010217.MP4_snapshot_13.52.492_crop00_19.jpg,C:\Users\ASUS G 16 JVR\Desktop\deepLearning_CNN\dataset\processed\train\PRIORITY_ROAD\GX010217.MP4_snapshot_13.52.492_crop00_19.jpg,GX010217.MP4_snapshot_13.52.492_crop00_19.jpg,GX010217.MP4_snapshot_13.52.492.jpg,train,PRIORITY_ROAD,19,2909,785,215,196
processed\train\30_SPEED_LIMIT\GX010217.MP4_snapshot_14.08.990_crop00_00.jpg,C:\Users\ASUS G 16 JVR\Desktop\deepLearning_CNN\dataset\processed\train\30_SPEED_LIMIT\GX010217.MP4_snapshot_14.08.990_crop00_00.jpg,GX010217.MP4_snapshot_14.08.990_crop00_00.jpg,GX010217.MP4_snapshot_14.08.990.jpg,train,30_SPEED_LIMIT,0,2863,871,143,133
processed\train\PEDESTRAIN_CROSSING\GX010217.MP4_snapshot_17.48.111_crop01_17.jpg,C:\Users\ASUS G 16 JVR\Desktop\deepLearning_CNN\dataset\processed\train\PEDESTRAIN_CROSSING\GX010217.MP4_snapshot_17.48.111_crop01_17.jpg,GX010217.MP4_snapshot_17.48.111_crop01_17.jpg,GX010217.MP4_snapshot_17.48.111.jpg,train,PEDESTRAIN_CROSSING,17,3166,869,249,222
processed\train\PEDESTRAIN_CROSSING\GX010217.MP4_snapshot_18.34.401_crop01_17.jpg,C:\Users\ASUS G 16 JVR\Desktop\deepLearning_CNN\dataset\processed\train\PEDESTRAIN_CROSSING\GX010217.MP4_snapshot_18.34.401_crop01_17.jpg,GX010217.MP4_snapshot_18.34.401_crop01_17.jpg,GX010217.MP4_snapshot_18.34.401.jpg,train,PEDESTRAIN_CROSSING,17,3123,647,197,200
processed\train\DIRECTION\GX010217.MP4_snapshot_22.06.787_crop00_07.jpg,C:\Users\ASUS G 16 JVR\Desktop\deepLearning_CNN\dataset\processed\train\DIRECTION\GX010217.MP4_snapshot_22.06.787_crop00_07.jpg,GX010217.MP4_snapshot_22.06.787_crop00_07.jpg,GX010217.MP4_snapshot_22.06.787.jpg,train,DIRECTION,7,1892,378,311,237
processed\train\DIRECTION\GX010217.MP4_snapshot_22.06.787_crop01_07.jpg,C:\Users\ASUS G 16 JVR\Desktop\deepLearning_CNN\dataset\processed\train\DIRECTION\GX010217.MP4_snapshot_22.06.787_crop01_07.jpg,GX010217.MP4_snapshot_22.06.787_crop01_07.jpg,GX010217.MP4_snapshot_22.06.787.jpg,train,DIRECTION,7,1434,458,261,214
processed\train\DIRECTION\GX010217.MP4_snapshot_22.30.645_crop00_07.jpg,C:\Users\ASUS G 16 JVR\Desktop\deepLearning_CNN\dataset\processed\train\DIRECTION\GX010217.MP4_snapshot_22.30.645_crop00_07.jpg,GX010217.MP4_snapshot_22.30.645_crop00_07.jpg,GX010217.MP4_snapshot_22.30.645.jpg,train,DIRECTION,7,2019,287,465,287
processed\train\CHILDREN_CROSSING\GX010217.MP4_snapshot_24.26.450_crop00_05.jpg,C:\Users\ASUS G 16 JVR\Desktop\deepLearning_CNN\dataset\processed\train\CHILDREN_CROSSING\GX010217.MP4_snapshot_24.26.450_crop00_05.jpg,GX010217.MP4_snapshot_24.26.450_crop00_05.jpg,GX010217.MP4_snapshot_24.26.450.jpg,train,CHILDREN_CROSSING,5,3209,777,152,154
processed\train\SLOW_DOWN\GX010217.MP4_snapshot_24.26.450_crop01_23.jpg,C:\Users\ASUS G 16 JVR\Desktop\deepLearning_CNN\dataset\processed\train\SLOW_DOWN\GX010217.MP4_snapshot_24.26.450_crop01_23.jpg,GX010217.MP4_snapshot_24.26.450_crop01_23.jpg,GX010217.MP4_snapshot_24.26.450.jpg,train,SLOW_DOWN,23,3221,923,135,135
processed\train\ROAD_JUNCTION_ON_THE_RIGHT\GX010217.MP4_snapshot_29.28.852_crop00_22.jpg,C:\Users\ASUS G 16 JVR\Desktop\deepLearning_CNN\dataset\processed\train\ROAD_JUNCTION_ON_THE_RIGHT\GX010217.MP4_snapshot_29.28.852_crop00_22.jpg,GX010217.MP4_snapshot_29.28.852_crop00_22.jpg,GX010217.MP4_snapshot_29.28.852.jpg,train,ROAD_JUNCTION_ON_THE_RIGHT,22,2806,414,241,244
processed\train\40_SPEED_LIMIT\GX010217.MP4_snapshot_29.28.852_crop01_01.jpg,C:\Users\ASUS G 16 JVR\Desktop\deepLearning_CNN\dataset\processed\train\40_SPEED_LIMIT\GX010217.MP4_snapshot_29.28.852_crop01_01.jpg,GX010217.MP4_snapshot_29.28.852_crop01_01.jpg,GX010217.MP4_snapshot_29.28.852.jpg,train,40_SPEED_LIMIT,1,2844,656,192,216
processed\train\KEEP_RIGHT\GX010226.MP4_snapshot_00.21.142_crop00_10.jpg,C:\Users\ASUS G 16 JVR\Desktop\deepLearning_CNN\dataset\processed\train\KEEP_RIGHT\GX010226.MP4_snapshot_00.21.142_crop00_10.jpg,GX010226.MP4_snapshot_00.21.142_crop00_10.jpg,GX010226.MP4_snapshot_00.21.142.jpg,train,KEEP_RIGHT,10,1009,760,235,244
processed\train\NO_PARKING\GX010226.MP4_snapshot_00.44.140_crop00_15.jpg,C:\Users\ASUS G 16 JVR\Desktop\deepLearning_CNN\dataset\processed\train\NO_PARKING\GX010226.MP4_snapshot_00.44.140_crop00_15.jpg,GX010226.MP4_snapshot_00.44.140_crop00_15.jpg,GX010226.MP4_snapshot_00.44.140.jpg,train,NO_PARKING,15,3128,815,152,138
processed\train\NO_PARKING\GX010226.MP4_snapshot_03.38.517_crop00_15.jpg,C:\Users\ASUS G 16 JVR\Desktop\deepLearning_CNN\dataset\processed\train\NO_PARKING\GX010226.MP4_snapshot_03.38.517_crop00_15.jpg,GX010226.MP4_snapshot_03.38.517_crop00_15.jpg,GX010226.MP4_snapshot_03.38.517.jpg,train,NO_PARKING,15,2795,517,281,257
processed\train\NO_PARKING\GX010234.MP4_snapshot_03.08.018_crop00_15.jpg,C:\Users\ASUS G 16 JVR\Desktop\deepLearning_CNN\dataset\processed\train\NO_PARKING\GX010234.MP4_snapshot_03.08.018_crop00_15.jpg,GX010234.MP4_snapshot_03.08.018_crop00_15.jpg,GX010234.MP4_snapshot_03.08.018.jpg,train,NO_PARKING,15,2801,484,268,268
processed\train\NO_PARKING\GX010234.MP4_snapshot_04.46.658_crop00_15.jpg,C:\Users\ASUS G 16 JVR\Desktop\deepLearning_CNN\dataset\processed\train\NO_PARKING\GX010234.MP4_snapshot_04.46.658_crop00_15.jpg,GX010234.MP4_snapshot_04.46.658_crop00_15.jpg,GX010234.MP4_snapshot_04.46.658.jpg,train,NO_PARKING,15,3039,742,173,165
processed\train\KEEP_RIGHT\GX010234.MP4_snapshot_04.46.658_crop01_10.jpg,C:\Users\ASUS G 16 JVR\Desktop\deepLearning_CNN\dataset\processed\train\KEEP_RIGHT\GX010234.MP4_snapshot_04.46.658_crop01_10.jpg,GX010234.MP4_snapshot_04.46.658_crop01_10.jpg,GX010234.MP4_snapshot_04.46.658.jpg,train,KEEP_RIGHT,10,135,936,414,357
processed\train\NO_PARKING\GX010234.MP4_snapshot_04.54.191_crop00_15.jpg,C:\Users\ASUS G 16 JVR\Desktop\deepLearning_CNN\dataset\processed\train\NO_PARKING\GX010234.MP4_snapshot_04.54.191_crop00_15.jpg,GX010234.MP4_snapshot_04.54.191_crop00_15.jpg,GX010234.MP4_snapshot_04.54.191.jpg,train,NO_PARKING,15,3288,744,176,181
processed\train\NO_PARKING\GX010234.MP4_snapshot_05.00.112_crop00_15.jpg,C:\Users\ASUS G 16 JVR\Desktop\deepLearning_CNN\dataset\processed\train\NO_PARKING\GX010234.MP4_snapshot_05.00.112_crop00_15.jpg,GX010234.MP4_snapshot_05.00.112_crop00_15.jpg,GX010234.MP4_snapshot_05.00.112.jpg,train,NO_PARKING,15,3461,731,192,189
processed\train\NO_PARKING\GX010234.MP4_snapshot_05.13.249_crop00_15.jpg,C:\Users\ASUS G 16 JVR\Desktop\deepLearning_CNN\dataset\processed\train\NO_PARKING\GX010234.MP4_snapshot_05.13.249_crop00_15.jpg,GX010234.MP4_snapshot_05.13.249_crop00_15.jpg,GX010234.MP4_snapshot_05.13.249.jpg,train,NO_PARKING,15,3266,763,181,181
processed\train\CROSS_ROAD\GX010234.MP4_snapshot_05.13.249_crop01_06.jpg,C:\Users\ASUS G 16 JVR\Desktop\deepLearning_CNN\dataset\processed\train\CROSS_ROAD\GX010234.MP4_snapshot_05.13.249_crop01_06.jpg,GX010234.MP4_snapshot_05.13.249_crop01_06.jpg,GX010234.MP4_snapshot_05.13.249.jpg,train,CROSS_ROAD,6,3250,568,203,200
processed\train\CROSS_ROAD\GX010234.MP4_snapshot_05.23.897_crop00_06.jpg,C:\Users\ASUS G 16 JVR\Desktop\deepLearning_CNN\dataset\processed\train\CROSS_ROAD\GX010234.MP4_snapshot_05.23.897_crop00_06.jpg,GX010234.MP4_snapshot_05.23.897_crop00_06.jpg,GX010234.MP4_snapshot_05.23.897.jpg,train,CROSS_ROAD,6,3188,404,252,235
processed\train\NO_PARKING\GX010234.MP4_snapshot_05.23.897_crop01_15.jpg,C:\Users\ASUS G 16 JVR\Desktop\deepLearning_CNN\dataset\processed\train\NO_PARKING\GX010234.MP4_snapshot_05.23.897_crop01_15.jpg,GX010234.MP4_snapshot_05.23.897_crop01_15.jpg,GX010234.MP4_snapshot_05.23.897.jpg,train,NO_PARKING,15,3213,633,222,216
processed\train\NO_PARKING\GX010234.MP4_snapshot_05.35.577_crop00_15.jpg,C:\Users\ASUS G 16 JVR\Desktop\deepLearning_CNN\dataset\processed\train\NO_PARKING\GX010234.MP4_snapshot_05.35.577_crop00_15.jpg,GX010234.MP4_snapshot_05.35.577_crop00_15.jpg,GX010234.MP4_snapshot_05.35.577.jpg,train,NO_PARKING,15,3001,774,168,170
processed\train\NO_PARKING\GX010234.MP4_snapshot_05.52.870_crop00_15.jpg,C:\Users\ASUS G 16 JVR\Desktop\deepLearning_CNN\dataset\processed\train\NO_PARKING\GX010234.MP4_snapshot_05.52.870_crop00_15.jpg,GX010234.MP4_snapshot_05.52.870_crop00_15.jpg,GX010234.MP4_snapshot_05.52.870.jpg,train,NO_PARKING,15,2712,682,184,184
processed\train\NO_PARKING\GX010234.MP4_snapshot_08.59.497_crop00_15.jpg,C:\Users\ASUS G 16 JVR\Desktop\deepLearning_CNN\dataset\processed\train\NO_PARKING\GX010234.MP4_snapshot_08.59.497_crop00_15.jpg,GX010234.MP4_snapshot_08.59.497_crop00_15.jpg,GX010234.MP4_snapshot_08.59.497.jpg,train,NO_PARKING,15,3004,631,208,219
processed\train\NO_PARKING\GX010234.MP4_snapshot_09.20.100_crop00_15.jpg,C:\Users\ASUS G 16 JVR\Desktop\deepLearning_CNN\dataset\processed\train\NO_PARKING\GX010234.MP4_snapshot_09.20.100_crop00_15.jpg,GX010234.MP4_snapshot_09.20.100_crop00_15.jpg,GX010234.MP4_snapshot_09.20.100.jpg,train,NO_PARKING,15,2766,736,168,179
processed\train\NO_UTURN\GX010234.MP4_snapshot_11.05.609_crop01_16.jpg,C:\Users\ASUS G 16 JVR\Desktop\deepLearning_CNN\dataset\processed\train\NO_UTURN\GX010234.MP4_snapshot_11.05.609_crop01_16.jpg,GX010234.MP4_snapshot_11.05.609_crop01_16.jpg,GX010234.MP4_snapshot_11.05.609.jpg,train,NO_UTURN,16,487,1012,179,192
processed\train\NO_ENTRY\GX010234.MP4_snapshot_11.34.383_crop01_13.jpg,C:\Users\ASUS G 16 JVR\Desktop\deepLearning_CNN\dataset\processed\train\NO_ENTRY\GX010234.MP4_snapshot_11.34.383_crop01_13.jpg,GX010234.MP4_snapshot_11.34.383_crop01_13.jpg,GX010234.MP4_snapshot_11.34.383.jpg,train,NO_ENTRY,13,209,920,122,95
processed\train\NO_PARKING\GX010234.MP4_snapshot_12.04.116_crop00_15.jpg,C:\Users\ASUS G 16 JVR\Desktop\deepLearning_CNN\dataset\processed\train\NO_PARKING\GX010234.MP4_snapshot_12.04.116_crop00_15.jpg,GX010234.MP4_snapshot_12.04.116_crop00_15.jpg,GX010234.MP4_snapshot_12.04.116.jpg,train,NO_PARKING,15,3069,863,173,181
processed\train\NO_PARKING\GX010234.MP4_snapshot_13.02.205_crop00_15.jpg,C:\Users\ASUS G 16 JVR\Desktop\deepLearning_CNN\dataset\processed\train\NO_PARKING\GX010234.MP4_snapshot_13.02.205_crop00_15.jpg,GX010234.MP4_snapshot_13.02.205_crop00_15.jpg,GX010234.MP4_snapshot_13.02.205.jpg,train,NO_PARKING,15,3209,817,149,149
processed\train\NO_PARKING\GX010234.MP4_snapshot_17.57.107_crop00_15.jpg,C:\Users\ASUS G 16 JVR\Desktop\deepLearning_CNN\dataset\processed\train\NO_PARKING\GX010234.MP4_snapshot_17.57.107_crop00_15.jpg,GX010234.MP4_snapshot_17.57.107_crop00_15.jpg,GX010234.MP4_snapshot_17.57.107.jpg,train,NO_PARKING,15,502,908,123,106
processed\train\NO_PARKING\GX010234.MP4_snapshot_17.57.107_crop01_15.jpg,C:\Users\ASUS G 16 JVR\Desktop\deepLearning_CNN\dataset\processed\train\NO_PARKING\GX010234.MP4_snapshot_17.57.107_crop01_15.jpg,GX010234.MP4_snapshot_17.57.107_crop01_15.jpg,GX010234.MP4_snapshot_17.57.107.jpg,train,NO_PARKING,15,1616,955,65,70
processed\train\NO_PARKING\GX010234.MP4_snapshot_18.12.028_crop00_15.jpg,C:\Users\ASUS G 16 JVR\Desktop\deepLearning_CNN\dataset\processed\train\NO_PARKING\GX010234.MP4_snapshot_18.12.028_crop00_15.jpg,GX010234.MP4_snapshot_18.12.028_crop00_15.jpg,GX010234.MP4_snapshot_18.12.028.jpg,train,NO_PARKING,15,682,687,162,165
processed\train\NO_PARKING\GX010234.MP4_snapshot_18.35.242_crop00_15.jpg,C:\Users\ASUS G 16 JVR\Desktop\deepLearning_CNN\dataset\processed\train\NO_PARKING\GX010234.MP4_snapshot_18.35.242_crop00_15.jpg,GX010234.MP4_snapshot_18.35.242_crop00_15.jpg,GX010234.MP4_snapshot_18.35.242.jpg,train,NO_PARKING,15,446,561,206,206
processed\train\NO_PARKING\GX010234.MP4_snapshot_19.58.050_crop01_15.jpg,C:\Users\ASUS G 16 JVR\Desktop\deepLearning_CNN\dataset\processed\train\NO_PARKING\GX010234.MP4_snapshot_19.58.050_crop01_15.jpg,GX010234.MP4_snapshot_19.58.050_crop01_15.jpg,GX010234.MP4_snapshot_19.58.050.jpg,train,NO_PARKING,15,2747,744,149,141
processed\train\NO_PARKING\GX010234.MP4_snapshot_19.58.050_crop02_15.jpg,C:\Users\ASUS G 16 JVR\Desktop\deepLearning_CNN\dataset\processed\train\NO_PARKING\GX010234.MP4_snapshot_19.58.050_crop02_15.jpg,GX010234.MP4_snapshot_19.58.050_crop02_15.jpg,GX010234.MP4_snapshot_19.58.050.jpg,train,NO_PARKING,15,1205,869,78,90
processed\train\NO_PARKING\GX010234.MP4_snapshot_20.23.611_crop00_15.jpg,C:\Users\ASUS G 16 JVR\Desktop\deepLearning_CNN\dataset\processed\train\NO_PARKING\GX010234.MP4_snapshot_20.23.611_crop00_15.jpg,GX010234.MP4_snapshot_20.23.611_crop00_15.jpg,GX010234.MP4_snapshot_20.23.611.jpg,train,NO_PARKING,15,509,138,433,425
processed\train\NO_PARKING\GX010234.MP4_snapshot_20.34.695_crop00_15.jpg,C:\Users\ASUS G 16 JVR\Desktop\deepLearning_CNN\dataset\processed\train\NO_PARKING\GX010234.MP4_snapshot_20.34.695_crop00_15.jpg,GX010234.MP4_snapshot_20.34.695_crop00_15.jpg,GX010234.MP4_snapshot_20.34.695.jpg,train,NO_PARKING,15,2787,731,111,198
processed\train\NO_ENTRY\GX010238.MP4_snapshot_00.17.312_crop00_13.jpg,C:\Users\ASUS G 16 JVR\Desktop\deepLearning_CNN\dataset\processed\train\NO_ENTRY\GX010238.MP4_snapshot_00.17.312_crop00_13.jpg,GX010238.MP4_snapshot_00.17.312_crop00_13.jpg,GX010238.MP4_snapshot_00.17.312.jpg,train,NO_ENTRY,13,402,870,233,281
processed\train\KEEP_RIGHT\GX010238.MP4_snapshot_00.17.312_crop01_10.jpg,C:\Users\ASUS G 16 JVR\Desktop\deepLearning_CNN\dataset\processed\train\KEEP_RIGHT\GX010238.MP4_snapshot_00.17.312_crop01_10.jpg,GX010238.MP4_snapshot_00.17.312_crop01_10.jpg,GX010238.MP4_snapshot_00.17.312.jpg,train,KEEP_RIGHT,10,548,1088,276,292
processed\train\SLOW_DOWN\GX010238.MP4_snapshot_01.31.487_crop00_23.jpg,C:\Users\ASUS G 16 JVR\Desktop\deepLearning_CNN\dataset\processed\train\SLOW_DOWN\GX010238.MP4_snapshot_01.31.487_crop00_23.jpg,GX010238.MP4_snapshot_01.31.487_crop00_23.jpg,GX010238.MP4_snapshot_01.31.487.jpg,train,SLOW_DOWN,23,3139,907,157,149
processed\train\U_TURN\GX010238.MP4_snapshot_02.42.947_crop00_25.jpg,C:\Users\ASUS G 16 JVR\Desktop\deepLearning_CNN\dataset\processed\train\U_TURN\GX010238.MP4_snapshot_02.42.947_crop00_25.jpg,GX010238.MP4_snapshot_02.42.947_crop00_25.jpg,GX010238.MP4_snapshot_02.42.947.jpg,train,U_TURN,25,804,996,97,108
processed\train\NO_ENTRY\GX010238.MP4_snapshot_05.57.403_crop00_13.jpg,C:\Users\ASUS G 16 JVR\Desktop\deepLearning_CNN\dataset\processed\train\NO_ENTRY\GX010238.MP4_snapshot_05.57.403_crop00_13.jpg,GX010238.MP4_snapshot_05.57.403_crop00_13.jpg,GX010238.MP4_snapshot_05.57.403.jpg,train,NO_ENTRY,13,861,812,204,215
processed\train\KEEP_RIGHT\GX010238.MP4_snapshot_05.57.403_crop01_10.jpg,C:\Users\ASUS G 16 JVR\Desktop\deepLearning_CNN\dataset\processed\train\KEEP_RIGHT\GX010238.MP4_snapshot_05.57.403_crop01_10.jpg,GX010238.MP4_snapshot_05.57.403_crop01_10.jpg,GX010238.MP4_snapshot_05.57.403.jpg,train,KEEP_RIGHT,10,956,1064,222,225
processed\train\60_SPEED_LIMIT\GX010238.MP4_snapshot_06.29.199_crop00_02.jpg,C:\Users\ASUS G 16 JVR\Desktop\deepLearning_CNN\dataset\processed\train\60_SPEED_LIMIT\GX010238.MP4_snapshot_06.29.199_crop00_02.jpg,GX010238.MP4_snapshot_06.29.199_crop00_02.jpg,GX010238.MP4_snapshot_06.29.199.jpg,train,60_SPEED_LIMIT,2,3136,912,119,116
processed\train\NO_ENTRY\GX010238.MP4_snapshot_06.48.710_crop00_13.jpg,C:\Users\ASUS G 16 JVR\Desktop\deepLearning_CNN\dataset\processed\train\NO_ENTRY\GX010238.MP4_snapshot_06.48.710_crop00_13.jpg,GX010238.MP4_snapshot_06.48.710_crop00_13.jpg,GX010238.MP4_snapshot_06.48.710.jpg,train,NO_ENTRY,13,741,907,168,160
processed\train\KEEP_RIGHT\GX010238.MP4_snapshot_06.48.710_crop01_10.jpg,C:\Users\ASUS G 16 JVR\Desktop\deepLearning_CNN\dataset\processed\train\KEEP_RIGHT\GX010238.MP4_snapshot_06.48.710_crop01_10.jpg,GX010238.MP4_snapshot_06.48.710_crop01_10.jpg,GX010238.MP4_snapshot_06.48.710.jpg,train,KEEP_RIGHT,10,858,1104,170,176
processed\train\NO_ENTRY\GX010238.MP4_snapshot_07.20.373_crop00_13.jpg,C:\Users\ASUS G 16 JVR\Desktop\deepLearning_CNN\dataset\processed\train\NO_ENTRY\GX010238.MP4_snapshot_07.20.373_crop00_13.jpg,GX010238.MP4_snapshot_07.20.373_crop00_13.jpg,GX010238.MP4_snapshot_07.20.373.jpg,train,NO_ENTRY,13,563,890,152,165
processed\train\KEEP_RIGHT\GX010238.MP4_snapshot_07.20.373_crop01_10.jpg,C:\Users\ASUS G 16 JVR\Desktop\deepLearning_CNN\dataset\processed\train\KEEP_RIGHT\GX010238.MP4_snapshot_07.20.373_crop01_10.jpg,GX010238.MP4_snapshot_07.20.373_crop01_10.jpg,GX010238.MP4_snapshot_07.20.373.jpg,train,KEEP_RIGHT,10,712,1142,157,168
processed\train\CHILDREN_CROSSING\GX010238.MP4_snapshot_07.23.175_crop00_05.jpg,C:\Users\ASUS G 16 JVR\Desktop\deepLearning_CNN\dataset\processed\train\CHILDREN_CROSSING\GX010238.MP4_snapshot_07.23.175_crop00_05.jpg,GX010238.MP4_snapshot_07.23.175_crop00_05.jpg,GX010238.MP4_snapshot_07.23.175.jpg,train,CHILDREN_CROSSING,5,3203,557,214,211
processed\train\SLOW_DOWN\GX010238.MP4_snapshot_07.23.175_crop01_23.jpg,C:\Users\ASUS G 16 JVR\Desktop\deepLearning_CNN\dataset\processed\train\SLOW_DOWN\GX010238.MP4_snapshot_07.23.175_crop01_23.jpg,GX010238.MP4_snapshot_07.23.175_crop01_23.jpg,GX010238.MP4_snapshot_07.23.175.jpg,train,SLOW_DOWN,23,3234,760,192,184
processed\train\NO_ENTRY\GX010238.MP4_snapshot_07.59.385_crop00_13.jpg,C:\Users\ASUS G 16 JVR\Desktop\deepLearning_CNN\dataset\processed\train\NO_ENTRY\GX010238.MP4_snapshot_07.59.385_crop00_13.jpg,GX010238.MP4_snapshot_07.59.385_crop00_13.jpg,GX010238.MP4_snapshot_07.59.385.jpg,train,NO_ENTRY,13,1088,913,143,146
processed\train\KEEP_RIGHT\GX010238.MP4_snapshot_07.59.385_crop01_10.jpg,C:\Users\ASUS G 16 JVR\Desktop\deepLearning_CNN\dataset\processed\train\KEEP_RIGHT\GX010238.MP4_snapshot_07.59.385_crop01_10.jpg,GX010238.MP4_snapshot_07.59.385_crop01_10.jpg,GX010238.MP4_snapshot_07.59.385.jpg,train,KEEP_RIGHT,10,1193,1099,146,162
processed\train\NO_ENTRY\GX010238.MP4_snapshot_08.09.003_crop00_13.jpg,C:\Users\ASUS G 16 JVR\Desktop\deepLearning_CNN\dataset\processed\train\NO_ENTRY\GX010238.MP4_snapshot_08.09.003_crop00_13.jpg,GX010238.MP4_snapshot_08.09.003_crop00_13.jpg,GX010238.MP4_snapshot_08.09.003.jpg,train,NO_ENTRY,13,982,823,179,187
processed\train\KEEP_RIGHT\GX010238.MP4_snapshot_08.09.003_crop01_10.jpg,C:\Users\ASUS G 16 JVR\Desktop\deepLearning_CNN\dataset\processed\train\KEEP_RIGHT\GX010238.MP4_snapshot_08.09.003_crop01_10.jpg,GX010238.MP4_snapshot_08.09.003_crop01_10.jpg,GX010238.MP4_snapshot_08.09.003.jpg,train,KEEP_RIGHT,10,1148,1140,170,181
processed\train\NO_ENTRY\GX010238.MP4_snapshot_08.23.769_crop00_13.jpg,C:\Users\ASUS G 16 JVR\Desktop\deepLearning_CNN\dataset\processed\train\NO_ENTRY\GX010238.MP4_snapshot_08.23.769_crop00_13.jpg,GX010238.MP4_snapshot_08.23.769_crop00_13.jpg,GX010238.MP4_snapshot_08.23.769.jpg,train,NO_ENTRY,13,922,820,187,189
processed\train\KEEP_RIGHT\GX010238.MP4_snapshot_08.23.769_crop01_10.jpg,C:\Users\ASUS G 16 JVR\Desktop\deepLearning_CNN\dataset\processed\train\KEEP_RIGHT\GX010238.MP4_snapshot_08.23.769_crop01_10.jpg,GX010238.MP4_snapshot_08.23.769_crop01_10.jpg,GX010238.MP4_snapshot_08.23.769.jpg,train,KEEP_RIGHT,10,1058,1104,189,195
processed\train\NO_ENTRY\GX010238.MP4_snapshot_08.40.568_crop00_13.jpg,C:\Users\ASUS G 16 JVR\Desktop\deepLearning_CNN\dataset\processed\train\NO_ENTRY\GX010238.MP4_snapshot_08.40.568_crop00_13.jpg,GX010238.MP4_snapshot_08.40.568_crop00_13.jpg,GX010238.MP4_snapshot_08.40.568.jpg,train,NO_ENTRY,13,593,702,253,255
processed\train\LEFT_BEND\GX010238.MP4_snapshot_08.40.568_crop01_12.jpg,C:\Users\ASUS G 16 JVR\Desktop\deepLearning_CNN\dataset\processed\train\LEFT_BEND\GX010238.MP4_snapshot_08.40.568_crop01_12.jpg,GX010238.MP4_snapshot_08.40.568_crop01_12.jpg,GX010238.MP4_snapshot_08.40.568.jpg,train,LEFT_BEND,12,3155,882,143,138
processed\train\NO_ENTRY\GX010238.MP4_snapshot_09.07.698_crop00_13.jpg,C:\Users\ASUS G 16 JVR\Desktop\deepLearning_CNN\dataset\processed\train\NO_ENTRY\GX010238.MP4_snapshot_09.07.698_crop00_13.jpg,GX010238.MP4_snapshot_09.07.698_crop00_13.jpg,GX010238.MP4_snapshot_09.07.698.jpg,train,NO_ENTRY,13,943,939,149,152
processed\train\KEEP_RIGHT\GX010238.MP4_snapshot_09.07.698_crop01_10.jpg,C:\Users\ASUS G 16 JVR\Desktop\deepLearning_CNN\dataset\processed\train\KEEP_RIGHT\GX010238.MP4_snapshot_09.07.698_crop01_10.jpg,GX010238.MP4_snapshot_09.07.698_crop01_10.jpg,GX010238.MP4_snapshot_09.07.698.jpg,train,KEEP_RIGHT,10,1031,1153,152,168
processed\train\NO_ENTRY\GX010238.MP4_snapshot_09.41.904_crop00_13.jpg,C:\Users\ASUS G 16 JVR\Desktop\deepLearning_CNN\dataset\processed\train\NO_ENTRY\GX010238.MP4_snapshot_09.41.904_crop00_13.jpg,GX010238.MP4_snapshot_09.41.904_crop00_13.jpg,GX010238.MP4_snapshot_09.41.904.jpg,train,NO_ENTRY,13,614,743,244,249
processed\train\KEEP_RIGHT\GX010238.MP4_snapshot_09.41.904_crop01_10.jpg,C:\Users\ASUS G 16 JVR\Desktop\deepLearning_CNN\dataset\processed\train\KEEP_RIGHT\GX010238.MP4_snapshot_09.41.904_crop01_10.jpg,GX010238.MP4_snapshot_09.41.904_crop01_10.jpg,GX010238.MP4_snapshot_09.41.904.jpg,train,KEEP_RIGHT,10,731,1034,262,279
processed\train\NO_ENTRY\GX010238.MP4_snapshot_09.53.789_crop00_13.jpg,C:\Users\ASUS G 16 JVR\Desktop\deepLearning_CNN\dataset\processed\train\NO_ENTRY\GX010238.MP4_snapshot_09.53.789_crop00_13.jpg,GX010238.MP4_snapshot_09.53.789_crop00_13.jpg,GX010238.MP4_snapshot_09.53.789.jpg,train,NO_ENTRY,13,449,836,192,200
processed\train\NO_ENTRY\GX010238.MP4_snapshot_10.31.575_crop00_13.jpg,C:\Users\ASUS G 16 JVR\Desktop\deepLearning_CNN\dataset\processed\train\NO_ENTRY\GX010238.MP4_snapshot_10.31.575_crop00_13.jpg,GX010238.MP4_snapshot_10.31.575_crop00_13.jpg,GX010238.MP4_snapshot_10.31.575.jpg,train,NO_ENTRY,13,533,939,181,157
processed\train\KEEP_RIGHT\GX010238.MP4_snapshot_10.31.575_crop01_10.jpg,C:\Users\ASUS G 16 JVR\Desktop\deepLearning_CNN\dataset\processed\train\KEEP_RIGHT\GX010238.MP4_snapshot_10.31.575_crop01_10.jpg,GX010238.MP4_snapshot_10.31.575_crop01_10.jpg,GX010238.MP4_snapshot_10.31.575.jpg,train,KEEP_RIGHT,10,671,1166,157,173
processed\train\END_SPEED_LIMIT\GX010238.MP4_snapshot_10.52.345_crop00_08.jpg,C:\Users\ASUS G 16 JVR\Desktop\deepLearning_CNN\dataset\processed\train\END_SPEED_LIMIT\GX010238.MP4_snapshot_10.52.345_crop00_08.jpg,GX010238.MP4_snapshot_10.52.345_crop00_08.jpg,GX010238.MP4_snapshot_10.52.345.jpg,train,END_SPEED_LIMIT,8,2987,768,187,176
processed\train\NO_ENTRY\GX010238.MP4_snapshot_11.47.443_crop00_13.jpg,C:\Users\ASUS G 16 JVR\Desktop\deepLearning_CNN\dataset\processed\train\NO_ENTRY\GX010238.MP4_snapshot_11.47.443_crop00_13.jpg,GX010238.MP4_snapshot_11.47.443_crop00_13.jpg,GX010238.MP4_snapshot_11.47.443.jpg,train,NO_ENTRY,13,506,868,160,157
processed\train\KEEP_RIGHT\GX010238.MP4_snapshot_11.47.443_crop01_10.jpg,C:\Users\ASUS G 16 JVR\Desktop\deepLearning_CNN\dataset\processed\train\KEEP_RIGHT\GX010238.MP4_snapshot_11.47.443_crop01_10.jpg,GX010238.MP4_snapshot_11.47.443_crop01_10.jpg,GX010238.MP4_snapshot_11.47.443.jpg,train,KEEP_RIGHT,10,698,1088,179,187
processed\train\PRIORITY_ROAD\GX010238.MP4_snapshot_11.59.269_crop00_19.jpg,C:\Users\ASUS G 16 JVR\Desktop\deepLearning_CNN\dataset\processed\train\PRIORITY_ROAD\GX010238.MP4_snapshot_11.59.269_crop00_19.jpg,GX010238.MP4_snapshot_11.59.269_crop00_19.jpg,GX010238.MP4_snapshot_11.59.269.jpg,train,PRIORITY_ROAD,19,2769,741,198,195
processed\train\PEDESTRAIN_CR_AREA\GX010238.MP4_snapshot_11.59.950_crop00_18.jpg,C:\Users\ASUS G 16 JVR\Desktop\deepLearning_CNN\dataset\processed\train\PEDESTRAIN_CR_AREA\GX010238.MP4_snapshot_11.59.950_crop00_18.jpg,GX010238.MP4_snapshot_11.59.950_crop00_18.jpg,GX010238.MP4_snapshot_11.59.950.jpg,train,PEDESTRAIN_CR_AREA,18,2606,855,149,138
processed\train\NO_ENTRY\GX010238.MP4_snapshot_12.04.569_crop00_13.jpg,C:\Users\ASUS G 16 JVR\Desktop\deepLearning_CNN\dataset\processed\train\NO_ENTRY\GX010238.MP4_snapshot_12.04.569_crop00_13.jpg,GX010238.MP4_snapshot_12.04.569_crop00_13.jpg,GX010238.MP4_snapshot_12.04.569.jpg,train,NO_ENTRY,13,509,955,135,146
processed\train\KEEP_RIGHT\GX010238.MP4_snapshot_12.04.569_crop01_10.jpg,C:\Users\ASUS G 16 JVR\Desktop\deepLearning_CNN\dataset\processed\train\KEEP_RIGHT\GX010238.MP4_snapshot_12.04.569_crop01_10.jpg,GX010238.MP4_snapshot_12.04.569_crop01_10.jpg,GX010238.MP4_snapshot_12.04.569.jpg,train,KEEP_RIGHT,10,652,1153,162,168
processed\train\60_SPEED_LIMIT\GX010238.MP4_snapshot_12.05.274_crop00_02.jpg,C:\Users\ASUS G 16 JVR\Desktop\deepLearning_CNN\dataset\processed\train\60_SPEED_LIMIT\GX010238.MP4_snapshot_12.05.274_crop00_02.jpg,GX010238.MP4_snapshot_12.05.274_crop00_02.jpg,GX010238.MP4_snapshot_12.05.274.jpg,train,60_SPEED_LIMIT,2,2996,871,133,127
processed\train\PRIORITY_ROAD\GX010238.MP4_snapshot_12.44.829_crop00_19.jpg,C:\Users\ASUS G 16 JVR\Desktop\deepLearning_CNN\dataset\processed\train\PRIORITY_ROAD\GX010238.MP4_snapshot_12.44.829_crop00_19.jpg,GX010238.MP4_snapshot_12.44.829_crop00_19.jpg,GX010238.MP4_snapshot_12.44.829.jpg,train,PRIORITY_ROAD,19,3296,552,290,276
processed\train\NO_ENTRY\GX010238.MP4_snapshot_12.47.894_crop00_13.jpg,C:\Users\ASUS G 16 JVR\Desktop\deepLearning_CNN\dataset\processed\train\NO_ENTRY\GX010238.MP4_snapshot_12.47.894_crop00_13.jpg,GX010238.MP4_snapshot_12.47.894_crop00_13.jpg,GX010238.MP4_snapshot_12.47.894.jpg,train,NO_ENTRY,13,285,956,133,141
processed\train\KEEP_RIGHT\GX010238.MP4_snapshot_12.47.894_crop01_10.jpg,C:\Users\ASUS G 16 JVR\Desktop\deepLearning_CNN\dataset\processed\train\KEEP_RIGHT\GX010238.MP4_snapshot_12.47.894_crop01_10.jpg,GX010238.MP4_snapshot_12.47.894_crop01_10.jpg,GX010238.MP4_snapshot_12.47.894.jpg,train,KEEP_RIGHT,10,496,1151,149,149
processed\train\60_SPEED_LIMIT\GX010238.MP4_snapshot_12.50.092_crop00_02.jpg,C:\Users\ASUS G 16 JVR\Desktop\deepLearning_CNN\dataset\processed\train\60_SPEED_LIMIT\GX010238.MP4_snapshot_12.50.092_crop00_02.jpg,GX010238.MP4_snapshot_12.50.092_crop00_02.jpg,GX010238.MP4_snapshot_12.50.092.jpg,train,60_SPEED_LIMIT,2,3024,750,173,170
processed\train\PRIORITY_ROAD\GX010238.MP4_snapshot_13.12.251_crop00_19.jpg,C:\Users\ASUS G 16 JVR\Desktop\deepLearning_CNN\dataset\processed\train\PRIORITY_ROAD\GX010238.MP4_snapshot_13.12.251_crop00_19.jpg,GX010238.MP4_snapshot_13.12.251_crop00_19.jpg,GX010238.MP4_snapshot_13.12.251.jpg,train,PRIORITY_ROAD,19,3343,744,200,179
processed\train\U_TURN\GX010238.MP4_snapshot_13.14.390_crop00_25.jpg,C:\Users\ASUS G 16 JVR\Desktop\deepLearning_CNN\dataset\processed\train\U_TURN\GX010238.MP4_snapshot_13.14.390_crop00_25.jpg,GX010238.MP4_snapshot_13.14.390_crop00_25.jpg,GX010238.MP4_snapshot_13.14.390.jpg,train,U_TURN,25,1167,756,192,183
processed\train\NO_ENTRY\GX010238.MP4_snapshot_13.16.621_crop00_13.jpg,C:\Users\ASUS G 16 JVR\Desktop\deepLearning_CNN\dataset\processed\train\NO_ENTRY\GX010238.MP4_snapshot_13.16.621_crop00_13.jpg,GX010238.MP4_snapshot_13.16.621_crop00_13.jpg,GX010238.MP4_snapshot_13.16.621.jpg,train,NO_ENTRY,13,823,915,141,135
processed\train\KEEP_RIGHT\GX010238.MP4_snapshot_13.16.621_crop01_10.jpg,C:\Users\ASUS G 16 JVR\Desktop\deepLearning_CNN\dataset\processed\train\KEEP_RIGHT\GX010238.MP4_snapshot_13.16.621_crop01_10.jpg,GX010238.MP4_snapshot_13.16.621_crop01_10.jpg,GX010238.MP4_snapshot_13.16.621.jpg,train,KEEP_RIGHT,10,1015,1126,149,152
processed\train\PRIORITY_ROAD\GX010238.MP4_snapshot_13.33.889_crop00_19.jpg,C:\Users\ASUS G 16 JVR\Desktop\deepLearning_CNN\dataset\processed\train\PRIORITY_ROAD\GX010238.MP4_snapshot_13.33.889_crop00_19.jpg,GX010238.MP4_snapshot_13.33.889_crop00_19.jpg,GX010238.MP4_snapshot_13.33.889.jpg,train,PRIORITY_ROAD,19,3220,782,173,168
processed\train\NO_ENTRY\GX010238.MP4_snapshot_13.37.808_crop00_13.jpg,C:\Users\ASUS G 16 JVR\Desktop\deepLearning_CNN\dataset\processed\train\NO_ENTRY\GX010238.MP4_snapshot_13.37.808_crop00_13.jpg,GX010238.MP4_snapshot_13.37.808_crop00_13.jpg,GX010238.MP4_snapshot_13.37.808.jpg,train,NO_ENTRY,13,791,963,130,130
processed\train\KEEP_RIGHT\GX010238.MP4_snapshot_13.37.808_crop01_10.jpg,C:\Users\ASUS G 16 JVR\Desktop\deepLearning_CNN\dataset\processed\train\KEEP_RIGHT\GX010238.MP4_snapshot_13.37.808_crop01_10.jpg,GX010238.MP4_snapshot_13.37.808_crop01_10.jpg,GX010238.MP4_snapshot_13.37.808.jpg,train,KEEP_RIGHT,10,993,1128,143,141
processed\train\PRIORITY_ROAD\GX010238.MP4_snapshot_13.56.395_crop00_19.jpg,C:\Users\ASUS G 16 JVR\Desktop\deepLearning_CNN\dataset\processed\train\PRIORITY_ROAD\GX010238.MP4_snapshot_13.56.395_crop00_19.jpg,GX010238.MP4_snapshot_13.56.395_crop00_19.jpg,GX010238.MP4_snapshot_13.56.395.jpg,train,PRIORITY_ROAD,19,3307,738,192,187
processed\train\U_TURN\GX010238.MP4_snapshot_14.43.199_crop00_25.jpg,C:\Users\ASUS G 16 JVR\Desktop\deepLearning_CNN\dataset\processed\train\U_TURN\GX010238.MP4_snapshot_14.43.199_crop00_25.jpg,GX010238.MP4_snapshot_14.43.199_crop00_25.jpg,GX010238.MP4_snapshot_14.43.199.jpg,train,U_TURN,25,896,879,141,143
processed\train\NO_ENTRY\GX010238.MP4_snapshot_14.44.706_crop00_13.jpg,C:\Users\ASUS G 16 JVR\Desktop\deepLearning_CNN\dataset\processed\train\NO_ENTRY\GX010238.MP4_snapshot_14.44.706_crop00_13.jpg,GX010238.MP4_snapshot_14.44.706_crop00_13.jpg,GX010238.MP4_snapshot_14.44.706.jpg,train,NO_ENTRY,13,704,990,103,108
processed\train\KEEP_RIGHT\GX010238.MP4_snapshot_14.44.706_crop01_10.jpg,C:\Users\ASUS G 16 JVR\Desktop\deepLearning_CNN\dataset\processed\train\KEEP_RIGHT\GX010238.MP4_snapshot_14.44.706_crop01_10.jpg,GX010238.MP4_snapshot_14.44.706_crop01_10.jpg,GX010238.MP4_snapshot_14.44.706.jpg,train,KEEP_RIGHT,10,879,1140,122,130
processed\train\NO_ENTRY\GX010238.MP4_snapshot_15.01.788_crop00_13.jpg,C:\Users\ASUS G 16 JVR\Desktop\deepLearning_CNN\dataset\processed\train\NO_ENTRY\GX010238.MP4_snapshot_15.01.788_crop00_13.jpg,GX010238.MP4_snapshot_15.01.788_crop00_13.jpg,GX010238.MP4_snapshot_15.01.788.jpg,train,NO_ENTRY,13,460,996,119,122
processed\train\KEEP_RIGHT\GX010238.MP4_snapshot_15.01.788_crop01_10.jpg,C:\Users\ASUS G 16 JVR\Desktop\deepLearning_CNN\dataset\processed\train\KEEP_RIGHT\GX010238.MP4_snapshot_15.01.788_crop01_10.jpg,GX010238.MP4_snapshot_15.01.788_crop01_10.jpg,GX010238.MP4_snapshot_15.01.788.jpg,train,KEEP_RIGHT,10,613,1145,122,133
processed\train\SLOW_DOWN\GX010238.MP4_snapshot_15.07.207_crop01_23.jpg,C:\Users\ASUS G 16 JVR\Desktop\deepLearning_CNN\dataset\processed\train\SLOW_DOWN\GX010238.MP4_snapshot_15.07.207_crop01_23.jpg,GX010238.MP4_snapshot_15.07.207_crop01_23.jpg,GX010238.MP4_snapshot_15.07.207.jpg,train,SLOW_DOWN,23,3196,834,160,152
processed\train\40_SPEED_LIMIT\GX010238.MP4_snapshot_15.12.407_crop00_01.jpg,C:\Users\ASUS G 16 JVR\Desktop\deepLearning_CNN\dataset\processed\train\40_SPEED_LIMIT\GX010238.MP4_snapshot_15.12.407_crop00_01.jpg,GX010238.MP4_snapshot_15.12.407_crop00_01.jpg,GX010238.MP4_snapshot_15.12.407.jpg,train,40_SPEED_LIMIT,1,3066,690,170,160
processed\train\60_SPEED_LIMIT\GX010238.MP4_snapshot_15.28.394_crop00_02.jpg,C:\Users\ASUS G 16 JVR\Desktop\deepLearning_CNN\dataset\processed\train\60_SPEED_LIMIT\GX010238.MP4_snapshot_15.28.394_crop00_02.jpg,GX010238.MP4_snapshot_15.28.394_crop00_02.jpg,GX010238.MP4_snapshot_15.28.394.jpg,train,60_SPEED_LIMIT,2,3185,644,230,214
processed\train\NO_ENTRY\GX010238.MP4_snapshot_15.57.829_crop00_13.jpg,C:\Users\ASUS G 16 JVR\Desktop\deepLearning_CNN\dataset\processed\train\NO_ENTRY\GX010238.MP4_snapshot_15.57.829_crop00_13.jpg,GX010238.MP4_snapshot_15.57.829_crop00_13.jpg,GX010238.MP4_snapshot_15.57.829.jpg,train,NO_ENTRY,13,507,990,116,111
processed\train\KEEP_RIGHT\GX010238.MP4_snapshot_15.57.829_crop01_10.jpg,C:\Users\ASUS G 16 JVR\Desktop\deepLearning_CNN\dataset\processed\train\KEEP_RIGHT\GX010238.MP4_snapshot_15.57.829_crop01_10.jpg,GX010238.MP4_snapshot_15.57.829_crop01_10.jpg,GX010238.MP4_snapshot_15.57.829.jpg,train,KEEP_RIGHT,10,609,1156,124,133
processed\train\SLOW_DOWN\GX010238.MP4_snapshot_16.27.523_crop00_23.jpg,C:\Users\ASUS G 16 JVR\Desktop\deepLearning_CNN\dataset\processed\train\SLOW_DOWN\GX010238.MP4_snapshot_16.27.523_crop00_23.jpg,GX010238.MP4_snapshot_16.27.523_crop00_23.jpg,GX010238.MP4_snapshot_16.27.523.jpg,train,SLOW_DOWN,23,3036,741,189,184
processed\train\40_SPEED_LIMIT\GX010238.MP4_snapshot_16.30.160_crop00_01.jpg,C:\Users\ASUS G 16 JVR\Desktop\deepLearning_CNN\dataset\processed\train\40_SPEED_LIMIT\GX010238.MP4_snapshot_16.30.160_crop00_01.jpg,GX010238.MP4_snapshot_16.30.160_crop00_01.jpg,GX010238.MP4_snapshot_16.30.160.jpg,train,40_SPEED_LIMIT,1,2852,660,165,168
processed\train\PEDESTRAIN_CR_AREA\GX010238.MP4_snapshot_16.33.281_crop00_18.jpg,C:\Users\ASUS G 16 JVR\Desktop\deepLearning_CNN\dataset\processed\train\PEDESTRAIN_CR_AREA\GX010238.MP4_snapshot_16.33.281_crop00_18.jpg,GX010238.MP4_snapshot_16.33.281_crop00_18.jpg,GX010238.MP4_snapshot_16.33.281.jpg,train,PEDESTRAIN_CR_AREA,18,2847,790,141,133
processed\train\NO_UTURN\GX010238.MP4_snapshot_16.33.281_crop01_16.jpg,C:\Users\ASUS G 16 JVR\Desktop\deepLearning_CNN\dataset\processed\train\NO_UTURN\GX010238.MP4_snapshot_16.33.281_crop01_16.jpg,GX010238.MP4_snapshot_16.33.281_crop01_16.jpg,GX010238.MP4_snapshot_16.33.281.jpg,train,NO_UTURN,16,471,866,160,160
processed\train\ROAD_JUNCTION_ON_THE_LEFT\GX010239.MP4_snapshot_15.57.284_crop01_21.jpg,C:\Users\ASUS G 16 JVR\Desktop\deepLearning_CNN\dataset\processed\train\ROAD_JUNCTION_ON_THE_LEFT\GX010239.MP4_snapshot_15.57.284_crop01_21.jpg,GX010239.MP4_snapshot_15.57.284_crop01_21.jpg,GX010239.MP4_snapshot_15.57.284.jpg,train,ROAD_JUNCTION_ON_THE_LEFT,21,3299,545,268,268
processed\train\PEDESTRAIN_CROSSING\NR1_1_crop00_17.jpg,C:\Users\ASUS G 16 JVR\Desktop\deepLearning_CNN\dataset\processed\train\PEDESTRAIN_CROSSING\NR1_1_crop00_17.jpg,NR1_1_crop00_17.jpg,NR1_1.jpg,train,PEDESTRAIN_CROSSING,17,2852,844,77,71
processed\train\SLOW_DOWN\NR1_1_crop01_23.jpg,C:\Users\ASUS G 16 JVR\Desktop\deepLearning_CNN\dataset\processed\train\SLOW_DOWN\NR1_1_crop01_23.jpg,NR1_1_crop01_23.jpg,NR1_1.jpg,train,SLOW_DOWN,23,2855,913,70,64
processed\train\DIRECTION\NR1_4_crop00_07.jpg,C:\Users\ASUS G 16 JVR\Desktop\deepLearning_CNN\dataset\processed\train\DIRECTION\NR1_4_crop00_07.jpg,NR1_4_crop00_07.jpg,NR1_4.jpg,train,DIRECTION,7,2460,409,306,190
processed\train\30_SPEED_LIMIT\NR1_4_crop01_00.jpg,C:\Users\ASUS G 16 JVR\Desktop\deepLearning_CNN\dataset\processed\train\30_SPEED_LIMIT\NR1_4_crop01_00.jpg,NR1_4_crop01_00.jpg,NR1_4.jpg,train,30_SPEED_LIMIT,0,2411,900,26,53
processed\train\30_SPEED_LIMIT\NR1_5_crop00_00.jpg,C:\Users\ASUS G 16 JVR\Desktop\deepLearning_CNN\dataset\processed\train\30_SPEED_LIMIT\NR1_5_crop00_00.jpg,NR1_5_crop00_00.jpg,NR1_5.jpg,train,30_SPEED_LIMIT,0,2929,799,77,112
processed\train\SLOW_DOWN\NR1_9_crop00_23.jpg,C:\Users\ASUS G 16 JVR\Desktop\deepLearning_CNN\dataset\processed\train\SLOW_DOWN\NR1_9_crop00_23.jpg,NR1_9_crop00_23.jpg,NR1_9.jpg,train,SLOW_DOWN,23,3605,454,227,205
processed\train\60_SPEED_LIMIT\NR1_9_crop02_02.jpg,C:\Users\ASUS G 16 JVR\Desktop\deepLearning_CNN\dataset\processed\train\60_SPEED_LIMIT\NR1_9_crop02_02.jpg,NR1_9_crop02_02.jpg,NR1_9.jpg,train,60_SPEED_LIMIT,2,3490,765,183,170
processed\train\NO_PARKING\NR1_9_crop03_15.jpg,C:\Users\ASUS G 16 JVR\Desktop\deepLearning_CNN\dataset\processed\train\NO_PARKING\NR1_9_crop03_15.jpg,NR1_9_crop03_15.jpg,NR1_9.jpg,train,NO_PARKING,15,3498,578,179,176
processed\train\SLOW_DOWN\NR1_11_crop00_23.jpg,C:\Users\ASUS G 16 JVR\Desktop\deepLearning_CNN\dataset\processed\train\SLOW_DOWN\NR1_11_crop00_23.jpg,NR1_11_crop00_23.jpg,NR1_11.jpg,train,SLOW_DOWN,23,2810,794,108,106
processed\train\CHILDREN_CROSSING\NR1_15_crop00_05.jpg,C:\Users\ASUS G 16 JVR\Desktop\deepLearning_CNN\dataset\processed\train\CHILDREN_CROSSING\NR1_15_crop00_05.jpg,NR1_15_crop00_05.jpg,NR1_15.jpg,train,CHILDREN_CROSSING,5,2781,825,100,95
processed\train\PEDESTRAIN_CROSSING\NR1_16_crop00_17.jpg,C:\Users\ASUS G 16 JVR\Desktop\deepLearning_CNN\dataset\processed\train\PEDESTRAIN_CROSSING\NR1_16_crop00_17.jpg,NR1_16_crop00_17.jpg,NR1_16.jpg,train,PEDESTRAIN_CROSSING,17,3444,662,206,190
processed\train\60_SPEED_LIMIT\NR1_20_crop00_02.jpg,C:\Users\ASUS G 16 JVR\Desktop\deepLearning_CNN\dataset\processed\train\60_SPEED_LIMIT\NR1_20_crop00_02.jpg,NR1_20_crop00_02.jpg,NR1_20.jpg,train,60_SPEED_LIMIT,2,2644,870,93,80
processed\train\NO_PARKING\NR1_20_crop01_15.jpg,C:\Users\ASUS G 16 JVR\Desktop\deepLearning_CNN\dataset\processed\train\NO_PARKING\NR1_20_crop01_15.jpg,NR1_20_crop01_15.jpg,NR1_20.jpg,train,NO_PARKING,15,2649,777,89,89
processed\train\NO_PARKING\NR1_23_crop00_15.jpg,C:\Users\ASUS G 16 JVR\Desktop\deepLearning_CNN\dataset\processed\train\NO_PARKING\NR1_23_crop00_15.jpg,NR1_23_crop00_15.jpg,NR1_23.jpg,train,NO_PARKING,15,2934,749,118,110
processed\train\60_SPEED_LIMIT\NR1_23_crop01_02.jpg,C:\Users\ASUS G 16 JVR\Desktop\deepLearning_CNN\dataset\processed\train\60_SPEED_LIMIT\NR1_23_crop01_02.jpg,NR1_23_crop01_02.jpg,NR1_23.jpg,train,60_SPEED_LIMIT,2,2942,857,118,108
processed\train\ROAD_JUNCTION_ON_THE_RIGHT\NR1_26_crop00_22.jpg,C:\Users\ASUS G 16 JVR\Desktop\deepLearning_CNN\dataset\processed\train\ROAD_JUNCTION_ON_THE_RIGHT\NR1_26_crop00_22.jpg,NR1_26_crop00_22.jpg,NR1_26.jpg,train,ROAD_JUNCTION_ON_THE_RIGHT,22,2902,749,131,133
processed\train\40_SPEED_LIMIT\NR1_29_crop00_01.jpg,C:\Users\ASUS G 16 JVR\Desktop\deepLearning_CNN\dataset\processed\train\40_SPEED_LIMIT\NR1_29_crop00_01.jpg,NR1_29_crop00_01.jpg,NR1_29.jpg,train,40_SPEED_LIMIT,1,2687,834,92,88
processed\train\RIGHT_BEND\NR1_29_crop01_20.jpg,C:\Users\ASUS G 16 JVR\Desktop\deepLearning_CNN\dataset\processed\train\RIGHT_BEND\NR1_29_crop01_20.jpg,NR1_29_crop01_20.jpg,NR1_29.jpg,train,RIGHT_BEND,20,2166,942,26,24
processed\train\RIGHT_BEND\NR1_30_crop00_20.jpg,C:\Users\ASUS G 16 JVR\Desktop\deepLearning_CNN\dataset\processed\train\RIGHT_BEND\NR1_30_crop00_20.jpg,NR1_30_crop00_20.jpg,NR1_30.jpg,train,RIGHT_BEND,20,2762,804,110,108
processed\train\PRIORITY_ROAD\NR1_32_crop00_19.jpg,C:\Users\ASUS G 16 JVR\Desktop\deepLearning_CNN\dataset\processed\train\PRIORITY_ROAD\NR1_32_crop00_19.jpg,NR1_32_crop00_19.jpg,NR1_32.jpg,train,PRIORITY_ROAD,19,2906,832,99,101
processed\train\40_SPEED_LIMIT\NR1_33_crop00_01.jpg,C:\Users\ASUS G 16 JVR\Desktop\deepLearning_CNN\dataset\processed\train\40_SPEED_LIMIT\NR1_33_crop00_01.jpg,NR1_33_crop00_01.jpg,NR1_33.jpg,train,40_SPEED_LIMIT,1,2918,821,90,94
processed\train\LEFT_BEND\NR1_34_crop00_12.jpg,C:\Users\ASUS G 16 JVR\Desktop\deepLearning_CNN\dataset\processed\train\LEFT_BEND\NR1_34_crop00_12.jpg,NR1_34_crop00_12.jpg,NR1_34.jpg,train,LEFT_BEND,12,2691,822,107,110
processed\train\40_SPEED_LIMIT\NR1_35_crop00_01.jpg,C:\Users\ASUS G 16 JVR\Desktop\deepLearning_CNN\dataset\processed\train\40_SPEED_LIMIT\NR1_35_crop00_01.jpg,NR1_35_crop00_01.jpg,NR1_35.jpg,train,40_SPEED_LIMIT,1,2701,725,99,97
processed\train\PEDESTRAIN_CROSSING\NR1_37_crop00_17.jpg,C:\Users\ASUS G 16 JVR\Desktop\deepLearning_CNN\dataset\processed\train\PEDESTRAIN_CROSSING\NR1_37_crop00_17.jpg,NR1_37_crop00_17.jpg,NR1_37.jpg,train,PEDESTRAIN_CROSSING,17,2656,853,101,94
processed\train\40_SPEED_LIMIT\NR1_38_crop00_01.jpg,C:\Users\ASUS G 16 JVR\Desktop\deepLearning_CNN\dataset\processed\train\40_SPEED_LIMIT\NR1_38_crop00_01.jpg,NR1_38_crop00_01.jpg,NR1_38.jpg,train,40_SPEED_LIMIT,1,2822,732,97,97
processed\train\SLOW_DOWN\NR1_40_crop00_23.jpg,C:\Users\ASUS G 16 JVR\Desktop\deepLearning_CNN\dataset\processed\train\SLOW_DOWN\NR1_40_crop00_23.jpg,NR1_40_crop00_23.jpg,NR1_40.jpg,train,SLOW_DOWN,23,2905,789,107,108
processed\train\CHILDREN_CROSSING\NR1_41_crop00_05.jpg,C:\Users\ASUS G 16 JVR\Desktop\deepLearning_CNN\dataset\processed\train\CHILDREN_CROSSING\NR1_41_crop00_05.jpg,NR1_41_crop00_05.jpg,NR1_41.jpg,train,CHILDREN_CROSSING,5,3022,768,122,118
processed\train\CHILDREN_CROSSING\NR1_43_crop00_05.jpg,C:\Users\ASUS G 16 JVR\Desktop\deepLearning_CNN\dataset\processed\train\CHILDREN_CROSSING\NR1_43_crop00_05.jpg,NR1_43_crop00_05.jpg,NR1_43.jpg,train,CHILDREN_CROSSING,5,2914,814,128,129
processed\train\CHILDREN_CROSSING\NR1_43_crop01_05.jpg,C:\Users\ASUS G 16 JVR\Desktop\deepLearning_CNN\dataset\processed\train\CHILDREN_CROSSING\NR1_43_crop01_05.jpg,NR1_43_crop01_05.jpg,NR1_43.jpg,train,CHILDREN_CROSSING,5,2776,796,131,121
processed\train\RIGHT_BEND\NR1_45_crop00_20.jpg,C:\Users\ASUS G 16 JVR\Desktop\deepLearning_CNN\dataset\processed\train\RIGHT_BEND\NR1_45_crop00_20.jpg,NR1_45_crop00_20.jpg,NR1_45.jpg,train,RIGHT_BEND,20,2656,869,94,93
processed\train\DIRECTION\NR1_45_crop01_07.jpg,C:\Users\ASUS G 16 JVR\Desktop\deepLearning_CNN\dataset\processed\train\DIRECTION\NR1_45_crop01_07.jpg,NR1_45_crop01_07.jpg,NR1_45.jpg,train,DIRECTION,7,2130,799,72,60
processed\train\LEFT_BEND\NR1_49_crop00_12.jpg,C:\Users\ASUS G 16 JVR\Desktop\deepLearning_CNN\dataset\processed\train\LEFT_BEND\NR1_49_crop00_12.jpg,NR1_49_crop00_12.jpg,NR1_49.jpg,train,LEFT_BEND,12,2645,891,93,89
processed\train\PEDESTRAIN_CROSSING\NR1_51_crop00_17.jpg,C:\Users\ASUS G 16 JVR\Desktop\deepLearning_CNN\dataset\processed\train\PEDESTRAIN_CROSSING\NR1_51_crop00_17.jpg,NR1_51_crop00_17.jpg,NR1_51.jpg,train,PEDESTRAIN_CROSSING,17,2882,817,119,107
processed\train\SLOW_DOWN\NR1_51_crop01_23.jpg,C:\Users\ASUS G 16 JVR\Desktop\deepLearning_CNN\dataset\processed\train\SLOW_DOWN\NR1_51_crop01_23.jpg,NR1_51_crop01_23.jpg,NR1_51.jpg,train,SLOW_DOWN,23,2884,937,104,100
processed\train\60_SPEED_LIMIT\NR1_56_crop00_02.jpg,C:\Users\ASUS G 16 JVR\Desktop\deepLearning_CNN\dataset\processed\train\60_SPEED_LIMIT\NR1_56_crop00_02.jpg,NR1_56_crop00_02.jpg,NR1_56.jpg,train,60_SPEED_LIMIT,2,2666,852,83,83
processed\train\SLOW_DOWN\NR1_57_crop00_23.jpg,C:\Users\ASUS G 16 JVR\Desktop\deepLearning_CNN\dataset\processed\train\SLOW_DOWN\NR1_57_crop00_23.jpg,NR1_57_crop00_23.jpg,NR1_57.jpg,train,SLOW_DOWN,23,2792,826,106,104
processed\train\CHILDREN_CROSSING\NR1_60_crop00_05.jpg,C:\Users\ASUS G 16 JVR\Desktop\deepLearning_CNN\dataset\processed\train\CHILDREN_CROSSING\NR1_60_crop00_05.jpg,NR1_60_crop00_05.jpg,NR1_60.jpg,train,CHILDREN_CROSSING,5,3031,852,115,113
processed\train\CHILDREN_CROSSING\NR1_61_crop00_05.jpg,C:\Users\ASUS G 16 JVR\Desktop\deepLearning_CNN\dataset\processed\train\CHILDREN_CROSSING\NR1_61_crop00_05.jpg,NR1_61_crop00_05.jpg,NR1_61.jpg,train,CHILDREN_CROSSING,5,2690,871,94,91
processed\train\KEEP_RIGHT\NR1_63_crop00_10.jpg,C:\Users\ASUS G 16 JVR\Desktop\deepLearning_CNN\dataset\processed\train\KEEP_RIGHT\NR1_63_crop00_10.jpg,NR1_63_crop00_10.jpg,NR1_63.jpg,train,KEEP_RIGHT,10,3683,809,85,80
processed\train\DIRECTION\NR1_63_crop01_07.jpg,C:\Users\ASUS G 16 JVR\Desktop\deepLearning_CNN\dataset\processed\train\DIRECTION\NR1_63_crop01_07.jpg,NR1_63_crop01_07.jpg,NR1_63.jpg,train,DIRECTION,7,2108,802,80,67
processed\train\60_SPEED_LIMIT\NR1_66_crop00_02.jpg,C:\Users\ASUS G 16 JVR\Desktop\deepLearning_CNN\dataset\processed\train\60_SPEED_LIMIT\NR1_66_crop00_02.jpg,NR1_66_crop00_02.jpg,NR1_66.jpg,train,60_SPEED_LIMIT,2,2375,904,49,50
processed\train\60_SPEED_LIMIT\NR1_67_crop00_02.jpg,C:\Users\ASUS G 16 JVR\Desktop\deepLearning_CNN\dataset\processed\train\60_SPEED_LIMIT\NR1_67_crop00_02.jpg,NR1_67_crop00_02.jpg,NR1_67.jpg,train,60_SPEED_LIMIT,2,2649,853,82,81
processed\train\PRIORITY_ROAD\NR1_71_crop00_19.jpg,C:\Users\ASUS G 16 JVR\Desktop\deepLearning_CNN\dataset\processed\train\PRIORITY_ROAD\NR1_71_crop00_19.jpg,NR1_71_crop00_19.jpg,NR1_71.jpg,train,PRIORITY_ROAD,19,2847,797,113,119
processed\train\CHILDREN_CROSSING\NR1_71_crop01_05.jpg,C:\Users\ASUS G 16 JVR\Desktop\deepLearning_CNN\dataset\processed\train\CHILDREN_CROSSING\NR1_71_crop01_05.jpg,NR1_71_crop01_05.jpg,NR1_71.jpg,train,CHILDREN_CROSSING,5,2325,908,54,50
processed\train\CHILDREN_CROSSING\NR1_72_crop00_05.jpg,C:\Users\ASUS G 16 JVR\Desktop\deepLearning_CNN\dataset\processed\train\CHILDREN_CROSSING\NR1_72_crop00_05.jpg,NR1_72_crop00_05.jpg,NR1_72.jpg,train,CHILDREN_CROSSING,5,2684,835,102,98
processed\train\PRIORITY_ROAD\NR1_73_crop00_19.jpg,C:\Users\ASUS G 16 JVR\Desktop\deepLearning_CNN\dataset\processed\train\PRIORITY_ROAD\NR1_73_crop00_19.jpg,NR1_73_crop00_19.jpg,NR1_73.jpg,train,PRIORITY_ROAD,19,2654,854,102,100
processed\train\60_SPEED_LIMIT\NR1_74_crop00_02.jpg,C:\Users\ASUS G 16 JVR\Desktop\deepLearning_CNN\dataset\processed\train\60_SPEED_LIMIT\NR1_74_crop00_02.jpg,NR1_74_crop00_02.jpg,NR1_74.jpg,train,60_SPEED_LIMIT,2,2658,859,93,89
processed\train\60_SPEED_LIMIT\NR1_78_crop00_02.jpg,C:\Users\ASUS G 16 JVR\Desktop\deepLearning_CNN\dataset\processed\train\60_SPEED_LIMIT\NR1_78_crop00_02.jpg,NR1_78_crop00_02.jpg,NR1_78.jpg,train,60_SPEED_LIMIT,2,2936,817,122,119
processed\train\SLOW_DOWN\NR1_85_crop00_23.jpg,C:\Users\ASUS G 16 JVR\Desktop\deepLearning_CNN\dataset\processed\train\SLOW_DOWN\NR1_85_crop00_23.jpg,NR1_85_crop00_23.jpg,NR1_85.jpg,train,SLOW_DOWN,23,2647,858,104,106
processed\train\PEDESTRAIN_CROSSING\NR1_85_crop01_17.jpg,C:\Users\ASUS G 16 JVR\Desktop\deepLearning_CNN\dataset\processed\train\PEDESTRAIN_CROSSING\NR1_85_crop01_17.jpg,NR1_85_crop01_17.jpg,NR1_85.jpg,train,PEDESTRAIN_CROSSING,17,2641,747,115,113
processed\train\PEDESTRAIN_CROSSING\NR1_86_crop00_17.jpg,C:\Users\ASUS G 16 JVR\Desktop\deepLearning_CNN\dataset\processed\train\PEDESTRAIN_CROSSING\NR1_86_crop00_17.jpg,NR1_86_crop00_17.jpg,NR1_86.jpg,train,PEDESTRAIN_CROSSING,17,3505,437,276,257
processed\train\SLOW_DOWN\NR1_86_crop01_23.jpg,C:\Users\ASUS G 16 JVR\Desktop\deepLearning_CNN\dataset\processed\train\SLOW_DOWN\NR1_86_crop01_23.jpg,NR1_86_crop01_23.jpg,NR1_86.jpg,train,SLOW_DOWN,23,3514,695,237,225
processed\train\SLOW_DOWN\NR1_88_crop00_23.jpg,C:\Users\ASUS G 16 JVR\Desktop\deepLearning_CNN\dataset\processed\train\SLOW_DOWN\NR1_88_crop00_23.jpg,NR1_88_crop00_23.jpg,NR1_88.jpg,train,SLOW_DOWN,23,3134,902,189,189
processed\train\PEDESTRAIN_CROSSING\NR1_88_crop01_17.jpg,C:\Users\ASUS G 16 JVR\Desktop\deepLearning_CNN\dataset\processed\train\PEDESTRAIN_CROSSING\NR1_88_crop01_17.jpg,NR1_88_crop01_17.jpg,NR1_88.jpg,train,PEDESTRAIN_CROSSING,17,3129,682,200,215
processed\train\KM_POST\NR1_94_crop00_11.jpg,C:\Users\ASUS G 16 JVR\Desktop\deepLearning_CNN\dataset\processed\train\KM_POST\NR1_94_crop00_11.jpg,NR1_94_crop00_11.jpg,NR1_94.jpg,train,KM_POST,11,1010,1042,70,97
processed\train\KM_POST\NR1_94_crop01_11.jpg,C:\Users\ASUS G 16 JVR\Desktop\deepLearning_CNN\dataset\processed\train\KM_POST\NR1_94_crop01_11.jpg,NR1_94_crop01_11.jpg,NR1_94.jpg,train,KM_POST,11,2715,1035,46,103
processed\train\CHILDREN_CROSSING\NR1_99_crop00_05.jpg,C:\Users\ASUS G 16 JVR\Desktop\deepLearning_CNN\dataset\processed\train\CHILDREN_CROSSING\NR1_99_crop00_05.jpg,NR1_99_crop00_05.jpg,NR1_99.jpg,train,CHILDREN_CROSSING,5,2651,859,106,107
processed\train\CHILDREN_CROSSING\NR1_101_crop00_05.jpg,C:\Users\ASUS G 16 JVR\Desktop\deepLearning_CNN\dataset\processed\train\CHILDREN_CROSSING\NR1_101_crop00_05.jpg,NR1_101_crop00_05.jpg,NR1_101.jpg,train,CHILDREN_CROSSING,5,2652,795,124,117
processed\train\PEDESTRAIN_CROSSING\NR1_102_crop00_17.jpg,C:\Users\ASUS G 16 JVR\Desktop\deepLearning_CNN\dataset\processed\train\PEDESTRAIN_CROSSING\NR1_102_crop00_17.jpg,NR1_102_crop00_17.jpg,NR1_102.jpg,train,PEDESTRAIN_CROSSING,17,2873,852,150,140
processed\train\SLOW_DOWN\NR1_102_crop01_23.jpg,C:\Users\ASUS G 16 JVR\Desktop\deepLearning_CNN\dataset\processed\train\SLOW_DOWN\NR1_102_crop01_23.jpg,NR1_102_crop01_23.jpg,NR1_102.jpg,train,SLOW_DOWN,23,2886,997,126,122
processed\train\PRIORITY_ROAD\NR1_104_crop00_19.jpg,C:\Users\ASUS G 16 JVR\Desktop\deepLearning_CNN\dataset\processed\train\PRIORITY_ROAD\NR1_104_crop00_19.jpg,NR1_104_crop00_19.jpg,NR1_104.jpg,train,PRIORITY_ROAD,19,2705,736,169,158
processed\train\ROAD_JUNCTION_ON_THE_RIGHT\NR1_109_crop00_22.jpg,C:\Users\ASUS G 16 JVR\Desktop\deepLearning_CNN\dataset\processed\train\ROAD_JUNCTION_ON_THE_RIGHT\NR1_109_crop00_22.jpg,NR1_109_crop00_22.jpg,NR1_109.jpg,train,ROAD_JUNCTION_ON_THE_RIGHT,22,2643,785,147,140
processed\train\CHILDREN_CROSSING\NR1_111_crop00_05.jpg,C:\Users\ASUS G 16 JVR\Desktop\deepLearning_CNN\dataset\processed\train\CHILDREN_CROSSING\NR1_111_crop00_05.jpg,NR1_111_crop00_05.jpg,NR1_111.jpg,train,CHILDREN_CROSSING,5,3043,677,181,160
processed\train\RIGHT_BEND\NR1_119_crop00_20.jpg,C:\Users\ASUS G 16 JVR\Desktop\deepLearning_CNN\dataset\processed\train\RIGHT_BEND\NR1_119_crop00_20.jpg,NR1_119_crop00_20.jpg,NR1_119.jpg,train,RIGHT_BEND,20,2613,807,157,157
processed\train\DIRECTION\NR1_123_crop00_07.jpg,C:\Users\ASUS G 16 JVR\Desktop\deepLearning_CNN\dataset\processed\train\DIRECTION\NR1_123_crop00_07.jpg,NR1_123_crop00_07.jpg,NR1_123.jpg,train,DIRECTION,7,2109,559,164,131
processed\train\LEFT_BEND\NR1_123_crop01_12.jpg,C:\Users\ASUS G 16 JVR\Desktop\deepLearning_CNN\dataset\processed\train\LEFT_BEND\NR1_123_crop01_12.jpg,NR1_123_crop01_12.jpg,NR1_123.jpg,train,LEFT_BEND,12,2630,717,117,117
processed\train\ROAD_JUNCTION_ON_THE_RIGHT\NR1_123_crop02_22.jpg,C:\Users\ASUS G 16 JVR\Desktop\deepLearning_CNN\dataset\processed\train\ROAD_JUNCTION_ON_THE_RIGHT\NR1_123_crop02_22.jpg,NR1_123_crop02_22.jpg,NR1_123.jpg,train,ROAD_JUNCTION_ON_THE_RIGHT,22,2626,839,118,111
processed\train\SLOW_DOWN\NR1_127_crop02_23.jpg,C:\Users\ASUS G 16 JVR\Desktop\deepLearning_CNN\dataset\processed\train\SLOW_DOWN\NR1_127_crop02_23.jpg,NR1_127_crop02_23.jpg,NR1_127.jpg,train,SLOW_DOWN,23,3357,891,136,124
processed\train\PEDESTRAIN_CROSSING\NR1_130_crop00_17.jpg,C:\Users\ASUS G 16 JVR\Desktop\deepLearning_CNN\dataset\processed\train\PEDESTRAIN_CROSSING\NR1_130_crop00_17.jpg,NR1_130_crop00_17.jpg,NR1_130.jpg,train,PEDESTRAIN_CROSSING,17,2635,712,108,110
processed\train\SLOW_DOWN\NR1_130_crop01_23.jpg,C:\Users\ASUS G 16 JVR\Desktop\deepLearning_CNN\dataset\processed\train\SLOW_DOWN\NR1_130_crop01_23.jpg,NR1_130_crop01_23.jpg,NR1_130.jpg,train,SLOW_DOWN,23,2351,757,61,61
processed\train\PEDESTRAIN_CR_AREA\NR1_130_crop04_18.jpg,C:\Users\ASUS G 16 JVR\Desktop\deepLearning_CNN\dataset\processed\train\PEDESTRAIN_CR_AREA\NR1_130_crop04_18.jpg,NR1_130_crop04_18.jpg,NR1_130.jpg,train,PEDESTRAIN_CR_AREA,18,2356,889,49,46
processed\train\DIRECTION\NR1_130_crop05_07.jpg,C:\Users\ASUS G 16 JVR\Desktop\deepLearning_CNN\dataset\processed\train\DIRECTION\NR1_130_crop05_07.jpg,NR1_130_crop05_07.jpg,NR1_130.jpg,train,DIRECTION,7,2230,382,232,188
processed\train\ROAD_JUNCTION_ON_THE_LEFT\NR1_139_crop00_21.jpg,C:\Users\ASUS G 16 JVR\Desktop\deepLearning_CNN\dataset\processed\train\ROAD_JUNCTION_ON_THE_LEFT\NR1_139_crop00_21.jpg,NR1_139_crop00_21.jpg,NR1_139.jpg,train,ROAD_JUNCTION_ON_THE_LEFT,21,2628,824,130,126
processed\train\SLOW_DOWN\NR1_141_crop00_23.jpg,C:\Users\ASUS G 16 JVR\Desktop\deepLearning_CNN\dataset\processed\train\SLOW_DOWN\NR1_141_crop00_23.jpg,NR1_141_crop00_23.jpg,NR1_141.jpg,train,SLOW_DOWN,23,2630,567,159,174
processed\train\PEDESTRAIN_CR_AREA\NR1_141_crop01_18.jpg,C:\Users\ASUS G 16 JVR\Desktop\deepLearning_CNN\dataset\processed\train\PEDESTRAIN_CR_AREA\NR1_141_crop01_18.jpg,NR1_141_crop01_18.jpg,NR1_141.jpg,train,PEDESTRAIN_CR_AREA,18,2662,750,98,156
processed\train\ROAD_JUNCTION_ON_THE_LEFT\NR1_144_crop00_21.jpg,C:\Users\ASUS G 16 JVR\Desktop\deepLearning_CNN\dataset\processed\train\ROAD_JUNCTION_ON_THE_LEFT\NR1_144_crop00_21.jpg,NR1_144_crop00_21.jpg,NR1_144.jpg,train,ROAD_JUNCTION_ON_THE_LEFT,21,2629,750,150,146
processed\train\SLOW_DOWN\NR1_145_crop01_23.jpg,C:\Users\ASUS G 16 JVR\Desktop\deepLearning_CNN\dataset\processed\train\SLOW_DOWN\NR1_145_crop01_23.jpg,NR1_145_crop01_23.jpg,NR1_145.jpg,train,SLOW_DOWN,23,2636,604,137,143
processed\train\SLOW_DOWN\NR1_148_crop00_23.jpg,C:\Users\ASUS G 16 JVR\Desktop\deepLearning_CNN\dataset\processed\train\SLOW_DOWN\NR1_148_crop00_23.jpg,NR1_148_crop00_23.jpg,NR1_148.jpg,train,SLOW_DOWN,23,2640,865,100,100
processed\train\PEDESTRAIN_CROSSING\NR1_148_crop01_17.jpg,C:\Users\ASUS G 16 JVR\Desktop\deepLearning_CNN\dataset\processed\train\PEDESTRAIN_CROSSING\NR1_148_crop01_17.jpg,NR1_148_crop01_17.jpg,NR1_148.jpg,train,PEDESTRAIN_CROSSING,17,2186,935,38,38
processed\train\PEDESTRAIN_CROSSING\NR1_149_crop00_17.jpg,C:\Users\ASUS G 16 JVR\Desktop\deepLearning_CNN\dataset\processed\train\PEDESTRAIN_CROSSING\NR1_149_crop00_17.jpg,NR1_149_crop00_17.jpg,NR1_149.jpg,train,PEDESTRAIN_CROSSING,17,2637,771,106,100
processed\train\CROSS_ROAD\NR1_149_crop01_06.jpg,C:\Users\ASUS G 16 JVR\Desktop\deepLearning_CNN\dataset\processed\train\CROSS_ROAD\NR1_149_crop01_06.jpg,NR1_149_crop01_06.jpg,NR1_149.jpg,train,CROSS_ROAD,6,2637,870,106,75
processed\train\CROSS_ROAD\NR1_150_crop00_06.jpg,C:\Users\ASUS G 16 JVR\Desktop\deepLearning_CNN\dataset\processed\train\CROSS_ROAD\NR1_150_crop00_06.jpg,NR1_150_crop00_06.jpg,NR1_150.jpg,train,CROSS_ROAD,6,3465,681,243,222
processed\train\PEDESTRAIN_CROSSING\NR1_150_crop01_17.jpg,C:\Users\ASUS G 16 JVR\Desktop\deepLearning_CNN\dataset\processed\train\PEDESTRAIN_CROSSING\NR1_150_crop01_17.jpg,NR1_150_crop01_17.jpg,NR1_150.jpg,train,PEDESTRAIN_CROSSING,17,3465,461,247,222
processed\train\PEDESTRAIN_CROSSING\NR1_151_crop00_17.jpg,C:\Users\ASUS G 16 JVR\Desktop\deepLearning_CNN\dataset\processed\train\PEDESTRAIN_CROSSING\NR1_151_crop00_17.jpg,NR1_151_crop00_17.jpg,NR1_151.jpg,train,PEDESTRAIN_CROSSING,17,2643,709,115,119
processed\train\SLOW_DOWN\NR1_154_crop00_23.jpg,C:\Users\ASUS G 16 JVR\Desktop\deepLearning_CNN\dataset\processed\train\SLOW_DOWN\NR1_154_crop00_23.jpg,NR1_154_crop00_23.jpg,NR1_154.jpg,train,SLOW_DOWN,23,2627,754,169,165
processed\train\60_SPEED_LIMIT\NR1_159_crop00_02.jpg,C:\Users\ASUS G 16 JVR\Desktop\deepLearning_CNN\dataset\processed\train\60_SPEED_LIMIT\NR1_159_crop00_02.jpg,NR1_159_crop00_02.jpg,NR1_159.jpg,train,60_SPEED_LIMIT,2,2640,854,113,109
processed\train\RIGHT_BEND\NR1_166_crop00_20.jpg,C:\Users\ASUS G 16 JVR\Desktop\deepLearning_CNN\dataset\processed\train\RIGHT_BEND\NR1_166_crop00_20.jpg,NR1_166_crop00_20.jpg,NR1_166.jpg,train,RIGHT_BEND,20,2627,911,123,118
processed\train\CROSS_ROAD\NR1_168_crop00_06.jpg,C:\Users\ASUS G 16 JVR\Desktop\deepLearning_CNN\dataset\processed\train\CROSS_ROAD\NR1_168_crop00_06.jpg,NR1_168_crop00_06.jpg,NR1_168.jpg,train,CROSS_ROAD,6,3090,800,183,181
processed\train\RIGHT_BEND\NR1_169_crop00_20.jpg,C:\Users\ASUS G 16 JVR\Desktop\deepLearning_CNN\dataset\processed\train\RIGHT_BEND\NR1_169_crop00_20.jpg,NR1_169_crop00_20.jpg,NR1_169.jpg,train,RIGHT_BEND,20,2758,797,145,137
processed\train\CHILDREN_CROSSING\NR1_170_crop00_05.jpg,C:\Users\ASUS G 16 JVR\Desktop\deepLearning_CNN\dataset\processed\train\CHILDREN_CROSSING\NR1_170_crop00_05.jpg,NR1_170_crop00_05.jpg,NR1_170.jpg,train,CHILDREN_CROSSING,5,2840,865,125,125
processed\train\LEFT_BEND\NR1_172_crop00_12.jpg,C:\Users\ASUS G 16 JVR\Desktop\deepLearning_CNN\dataset\processed\train\LEFT_BEND\NR1_172_crop00_12.jpg,NR1_172_crop00_12.jpg,NR1_172.jpg,train,LEFT_BEND,12,3449,610,282,258
processed\train\RIGHT_BEND\NR1_177_crop00_20.jpg,C:\Users\ASUS G 16 JVR\Desktop\deepLearning_CNN\dataset\processed\train\RIGHT_BEND\NR1_177_crop00_20.jpg,NR1_177_crop00_20.jpg,NR1_177.jpg,train,RIGHT_BEND,20,2642,808,140,133
processed\train\PEDESTRAIN_CROSSING\NR1_179_crop00_17.jpg,C:\Users\ASUS G 16 JVR\Desktop\deepLearning_CNN\dataset\processed\train\PEDESTRAIN_CROSSING\NR1_179_crop00_17.jpg,NR1_179_crop00_17.jpg,NR1_179.jpg,train,PEDESTRAIN_CROSSING,17,2729,745,128,130
processed\train\SLOW_DOWN\NR1_179_crop01_23.jpg,C:\Users\ASUS G 16 JVR\Desktop\deepLearning_CNN\dataset\processed\train\SLOW_DOWN\NR1_179_crop01_23.jpg,NR1_179_crop01_23.jpg,NR1_179.jpg,train,SLOW_DOWN,23,2740,874,118,106
processed\train\CHILDREN_CROSSING\NR1_181_crop00_05.jpg,C:\Users\ASUS G 16 JVR\Desktop\deepLearning_CNN\dataset\processed\train\CHILDREN_CROSSING\NR1_181_crop00_05.jpg,NR1_181_crop00_05.jpg,NR1_181.jpg,train,CHILDREN_CROSSING,5,2672,765,124,111
processed\train\CHILDREN_CROSSING\NR1_183_crop00_05.jpg,C:\Users\ASUS G 16 JVR\Desktop\deepLearning_CNN\dataset\processed\train\CHILDREN_CROSSING\NR1_183_crop00_05.jpg,NR1_183_crop00_05.jpg,NR1_183.jpg,train,CHILDREN_CROSSING,5,2635,840,123,125
processed\train\CHILDREN_CROSSING\NR1_187_crop00_05.jpg,C:\Users\ASUS G 16 JVR\Desktop\deepLearning_CNN\dataset\processed\train\CHILDREN_CROSSING\NR1_187_crop00_05.jpg,NR1_187_crop00_05.jpg,NR1_187.jpg,train,CHILDREN_CROSSING,5,3335,367,286,282
processed\train\ROAD_JUNCTION_ON_THE_RIGHT\NR1_187_crop01_22.jpg,C:\Users\ASUS G 16 JVR\Desktop\deepLearning_CNN\dataset\processed\train\ROAD_JUNCTION_ON_THE_RIGHT\NR1_187_crop01_22.jpg,NR1_187_crop01_22.jpg,NR1_187.jpg,train,ROAD_JUNCTION_ON_THE_RIGHT,22,3381,647,287,293
processed\train\PRIORITY_ROAD\NR1_189_crop00_19.jpg,C:\Users\ASUS G 16 JVR\Desktop\deepLearning_CNN\dataset\processed\train\PRIORITY_ROAD\NR1_189_crop00_19.jpg,NR1_189_crop00_19.jpg,NR1_189.jpg,train,PRIORITY_ROAD,19,2770,825,152,152
processed\train\LEFT_BEND\NR1_193_crop00_12.jpg,C:\Users\ASUS G 16 JVR\Desktop\deepLearning_CNN\dataset\processed\train\LEFT_BEND\NR1_193_crop00_12.jpg,NR1_193_crop00_12.jpg,NR1_193.jpg,train,LEFT_BEND,12,2817,679,196,191
processed\train\SLOW_DOWN\NR1_194_crop00_23.jpg,C:\Users\ASUS G 16 JVR\Desktop\deepLearning_CNN\dataset\processed\train\SLOW_DOWN\NR1_194_crop00_23.jpg,NR1_194_crop00_23.jpg,NR1_194.jpg,train,SLOW_DOWN,23,2642,851,124,121
processed\train\CHILDREN_CROSSING\NR1_195_crop00_05.jpg,C:\Users\ASUS G 16 JVR\Desktop\deepLearning_CNN\dataset\processed\train\CHILDREN_CROSSING\NR1_195_crop00_05.jpg,NR1_195_crop00_05.jpg,NR1_195.jpg,train,CHILDREN_CROSSING,5,2637,819,122,117
processed\train\CHILDREN_CROSSING\NR1_195_crop02_05.jpg,C:\Users\ASUS G 16 JVR\Desktop\deepLearning_CNN\dataset\processed\train\CHILDREN_CROSSING\NR1_195_crop02_05.jpg,NR1_195_crop02_05.jpg,NR1_195.jpg,train,CHILDREN_CROSSING,5,2206,958,47,51
processed\train\CHILDREN_CROSSING\NR1_197_crop01_05.jpg,C:\Users\ASUS G 16 JVR\Desktop\deepLearning_CNN\dataset\processed\train\CHILDREN_CROSSING\NR1_197_crop01_05.jpg,NR1_197_crop01_05.jpg,NR1_197.jpg,train,CHILDREN_CROSSING,5,3486,532,298,266
processed\train\CHILDREN_CROSSING\NR1_197_crop02_05.jpg,C:\Users\ASUS G 16 JVR\Desktop\deepLearning_CNN\dataset\processed\train\CHILDREN_CROSSING\NR1_197_crop02_05.jpg,NR1_197_crop02_05.jpg,NR1_197.jpg,train,CHILDREN_CROSSING,5,2278,939,67,64
processed\train\CHILDREN_CROSSING\NR1_199_crop00_05.jpg,C:\Users\ASUS G 16 JVR\Desktop\deepLearning_CNN\dataset\processed\train\CHILDREN_CROSSING\NR1_199_crop00_05.jpg,NR1_199_crop00_05.jpg,NR1_199.jpg,train,CHILDREN_CROSSING,5,2637,804,140,142
processed\train\HOSPITAL\NR1_200_crop00_09.jpg,C:\Users\ASUS G 16 JVR\Desktop\deepLearning_CNN\dataset\processed\train\HOSPITAL\NR1_200_crop00_09.jpg,NR1_200_crop00_09.jpg,NR1_200.jpg,train,HOSPITAL,9,2749,817,115,108
processed\train\ROAD_JUNCTION_ON_THE_LEFT\NR1_200_crop01_21.jpg,C:\Users\ASUS G 16 JVR\Desktop\deepLearning_CNN\dataset\processed\train\ROAD_JUNCTION_ON_THE_LEFT\NR1_200_crop01_21.jpg,NR1_200_crop01_21.jpg,NR1_200.jpg,train,ROAD_JUNCTION_ON_THE_LEFT,21,2256,943,63,61
processed\train\CHILDREN_CROSSING\NR1_204_crop00_05.jpg,C:\Users\ASUS G 16 JVR\Desktop\deepLearning_CNN\dataset\processed\train\CHILDREN_CROSSING\NR1_204_crop00_05.jpg,NR1_204_crop00_05.jpg,NR1_204.jpg,train,CHILDREN_CROSSING,5,2716,741,114,106
processed\train\SLOW_DOWN\NR1_206_crop00_23.jpg,C:\Users\ASUS G 16 JVR\Desktop\deepLearning_CNN\dataset\processed\train\SLOW_DOWN\NR1_206_crop00_23.jpg,NR1_206_crop00_23.jpg,NR1_206.jpg,train,SLOW_DOWN,23,2642,808,131,125
processed\train\CHILDREN_CROSSING\NR1_207_crop00_05.jpg,C:\Users\ASUS G 16 JVR\Desktop\deepLearning_CNN\dataset\processed\train\CHILDREN_CROSSING\NR1_207_crop00_05.jpg,NR1_207_crop00_05.jpg,NR1_207.jpg,train,CHILDREN_CROSSING,5,3357,624,213,231
processed\train\ROAD_JUNCTION_ON_THE_RIGHT\NR1_209_crop00_22.jpg,C:\Users\ASUS G 16 JVR\Desktop\deepLearning_CNN\dataset\processed\train\ROAD_JUNCTION_ON_THE_RIGHT\NR1_209_crop00_22.jpg,NR1_209_crop00_22.jpg,NR1_209.jpg,train,ROAD_JUNCTION_ON_THE_RIGHT,22,2634,832,133,130
processed\train\PEDESTRAIN_CROSSING\NR1_212_crop00_17.jpg,C:\Users\ASUS G 16 JVR\Desktop\deepLearning_CNN\dataset\processed\train\PEDESTRAIN_CROSSING\NR1_212_crop00_17.jpg,NR1_212_crop00_17.jpg,NR1_212.jpg,train,PEDESTRAIN_CROSSING,17,3189,740,174,155
processed\train\ROAD_JUNCTION_ON_THE_LEFT\NR2_5_crop00_21.jpg,C:\Users\ASUS G 16 JVR\Desktop\deepLearning_CNN\dataset\processed\train\ROAD_JUNCTION_ON_THE_LEFT\NR2_5_crop00_21.jpg,NR2_5_crop00_21.jpg,NR2_5.jpg,train,ROAD_JUNCTION_ON_THE_LEFT,21,2463,851,90,88
processed\train\KEEP_RIGHT\NR2_11_crop00_10.jpg,C:\Users\ASUS G 16 JVR\Desktop\deepLearning_CNN\dataset\processed\train\KEEP_RIGHT\NR2_11_crop00_10.jpg,NR2_11_crop00_10.jpg,NR2_11.jpg,train,KEEP_RIGHT,10,1371,941,117,123
processed\train\STAGGERED_JUNCTION_RL\NR2_11_crop01_24.jpg,C:\Users\ASUS G 16 JVR\Desktop\deepLearning_CNN\dataset\processed\train\STAGGERED_JUNCTION_RL\NR2_11_crop01_24.jpg,NR2_11_crop01_24.jpg,NR2_11.jpg,train,STAGGERED_JUNCTION_RL,24,2496,900,79,77
processed\train\HOSPITAL\NR2_11_crop02_09.jpg,C:\Users\ASUS G 16 JVR\Desktop\deepLearning_CNN\dataset\processed\train\HOSPITAL\NR2_11_crop02_09.jpg,NR2_11_crop02_09.jpg,NR2_11.jpg,train,HOSPITAL,9,2349,915,41,42
processed\train\HOSPITAL\NR2_12_crop00_09.jpg,C:\Users\ASUS G 16 JVR\Desktop\deepLearning_CNN\dataset\processed\train\HOSPITAL\NR2_12_crop00_09.jpg,NR2_12_crop00_09.jpg,NR2_12.jpg,train,HOSPITAL,9,2905,801,101,95
processed\train\NO_HORN\NR2_13_crop00_14.jpg,C:\Users\ASUS G 16 JVR\Desktop\deepLearning_CNN\dataset\processed\train\NO_HORN\NR2_13_crop00_14.jpg,NR2_13_crop00_14.jpg,NR2_13.jpg,train,NO_HORN,14,2545,876,74,71
processed\train\ROAD_JUNCTION_ON_THE_RIGHT\NR2_15_crop00_22.jpg,C:\Users\ASUS G 16 JVR\Desktop\deepLearning_CNN\dataset\processed\train\ROAD_JUNCTION_ON_THE_RIGHT\NR2_15_crop00_22.jpg,NR2_15_crop00_22.jpg,NR2_15.jpg,train,ROAD_JUNCTION_ON_THE_RIGHT,22,2577,811,108,104
processed\train\ROAD_JUNCTION_ON_THE_LEFT\NR2_16_crop00_21.jpg,C:\Users\ASUS G 16 JVR\Desktop\deepLearning_CNN\dataset\processed\train\ROAD_JUNCTION_ON_THE_LEFT\NR2_16_crop00_21.jpg,NR2_16_crop00_21.jpg,NR2_16.jpg,train,ROAD_JUNCTION_ON_THE_LEFT,21,2449,829,108,106
processed\train\CHILDREN_CROSSING\NR2_20_crop00_05.jpg,C:\Users\ASUS G 16 JVR\Desktop\deepLearning_CNN\dataset\processed\train\CHILDREN_CROSSING\NR2_20_crop00_05.jpg,NR2_20_crop00_05.jpg,NR2_20.jpg,train,CHILDREN_CROSSING,5,2648,784,114,116
processed\train\ROAD_JUNCTION_ON_THE_LEFT\NR2_21_crop00_21.jpg,C:\Users\ASUS G 16 JVR\Desktop\deepLearning_CNN\dataset\processed\train\ROAD_JUNCTION_ON_THE_LEFT\NR2_21_crop00_21.jpg,NR2_21_crop00_21.jpg,NR2_21.jpg,train,ROAD_JUNCTION_ON_THE_LEFT,21,2490,877,79,80
processed\train\SLOW_DOWN\NR2_22_crop00_23.jpg,C:\Users\ASUS G 16 JVR\Desktop\deepLearning_CNN\dataset\processed\train\SLOW_DOWN\NR2_22_crop00_23.jpg,NR2_22_crop00_23.jpg,NR2_22.jpg,train,SLOW_DOWN,23,2642,876,74,72
processed\train\ROAD_JUNCTION_ON_THE_RIGHT\NR2_26_crop00_22.jpg,C:\Users\ASUS G 16 JVR\Desktop\deepLearning_CNN\dataset\processed\train\ROAD_JUNCTION_ON_THE_RIGHT\NR2_26_crop00_22.jpg,NR2_26_crop00_22.jpg,NR2_26.jpg,train,ROAD_JUNCTION_ON_THE_RIGHT,22,2448,843,110,106
processed\train\DIRECTION\NR2_29_crop00_07.jpg,C:\Users\ASUS G 16 JVR\Desktop\deepLearning_CNN\dataset\processed\train\DIRECTION\NR2_29_crop00_07.jpg,NR2_29_crop00_07.jpg,NR2_29.jpg,train,DIRECTION,7,2514,606,257,164
processed\train\DIRECTION\NR2_31_crop00_07.jpg,C:\Users\ASUS G 16 JVR\Desktop\deepLearning_CNN\dataset\processed\train\DIRECTION\NR2_31_crop00_07.jpg,NR2_31_crop00_07.jpg,NR2_31.jpg,train,DIRECTION,7,2296,398,305,233
processed\train\DIRECTION\NR2_31_crop01_07.jpg,C:\Users\ASUS G 16 JVR\Desktop\deepLearning_CNN\dataset\processed\train\DIRECTION\NR2_31_crop01_07.jpg,NR2_31_crop01_07.jpg,NR2_31.jpg,train,DIRECTION,7,2789,396,300,233
processed\train\DIRECTION\NR2_35_crop00_07.jpg,C:\Users\ASUS G 16 JVR\Desktop\deepLearning_CNN\dataset\processed\train\DIRECTION\NR2_35_crop00_07.jpg,NR2_35_crop00_07.jpg,NR2_35.jpg,train,DIRECTION,7,2317,484,262,206
processed\train\DIRECTION\NR2_35_crop01_07.jpg,C:\Users\ASUS G 16 JVR\Desktop\deepLearning_CNN\dataset\processed\train\DIRECTION\NR2_35_crop01_07.jpg,NR2_35_crop01_07.jpg,NR2_35.jpg,train,DIRECTION,7,2758,479,269,205
processed\train\DIRECTION\NR2_36_crop00_07.jpg,C:\Users\ASUS G 16 JVR\Desktop\deepLearning_CNN\dataset\processed\train\DIRECTION\NR2_36_crop00_07.jpg,NR2_36_crop00_07.jpg,NR2_36.jpg,train,DIRECTION,7,2211,631,188,147
processed\train\DIRECTION\NR2_36_crop01_07.jpg,C:\Users\ASUS G 16 JVR\Desktop\deepLearning_CNN\dataset\processed\train\DIRECTION\NR2_36_crop01_07.jpg,NR2_36_crop01_07.jpg,NR2_36.jpg,train,DIRECTION,7,2526,630,192,149
processed\train\LEFT_BEND\NR2_40_crop00_12.jpg,C:\Users\ASUS G 16 JVR\Desktop\deepLearning_CNN\dataset\processed\train\LEFT_BEND\NR2_40_crop00_12.jpg,NR2_40_crop00_12.jpg,NR2_40.jpg,train,LEFT_BEND,12,2535,794,124,138
processed\train\HOSPITAL\NR2_42_crop00_09.jpg,C:\Users\ASUS G 16 JVR\Desktop\deepLearning_CNN\dataset\processed\train\HOSPITAL\NR2_42_crop00_09.jpg,NR2_42_crop00_09.jpg,NR2_42.jpg,train,HOSPITAL,9,2712,830,87,87
processed\train\NO_HORN\NR2_42_crop01_14.jpg,C:\Users\ASUS G 16 JVR\Desktop\deepLearning_CNN\dataset\processed\train\NO_HORN\NR2_42_crop01_14.jpg,NR2_42_crop01_14.jpg,NR2_42.jpg,train,NO_HORN,14,2463,881,72,70
processed\train\CHILDREN_CROSSING\NR2_42_crop02_05.jpg,C:\Users\ASUS G 16 JVR\Desktop\deepLearning_CNN\dataset\processed\train\CHILDREN_CROSSING\NR2_42_crop02_05.jpg,NR2_42_crop02_05.jpg,NR2_42.jpg,train,CHILDREN_CROSSING,5,2261,905,58,58
processed\train\NO_HORN\NR2_44_crop00_14.jpg,C:\Users\ASUS G 16 JVR\Desktop\deepLearning_CNN\dataset\processed\train\NO_HORN\NR2_44_crop00_14.jpg,NR2_44_crop00_14.jpg,NR2_44.jpg,train,NO_HORN,14,3305,684,210,192
processed\train\CHILDREN_CROSSING\NR2_44_crop01_05.jpg,C:\Users\ASUS G 16 JVR\Desktop\deepLearning_CNN\dataset\processed\train\CHILDREN_CROSSING\NR2_44_crop01_05.jpg,NR2_44_crop01_05.jpg,NR2_44.jpg,train,CHILDREN_CROSSING,5,2452,844,93,96
processed\train\PEDESTRAIN_CR_AREA\NR2_46_crop00_18.jpg,C:\Users\ASUS G 16 JVR\Desktop\deepLearning_CNN\dataset\processed\train\PEDESTRAIN_CR_AREA\NR2_46_crop00_18.jpg,NR2_46_crop00_18.jpg,NR2_46.jpg,train,PEDESTRAIN_CR_AREA,18,2457,789,105,106
processed\train\NO_HORN\NR2_46_crop01_14.jpg,C:\Users\ASUS G 16 JVR\Desktop\deepLearning_CNN\dataset\processed\train\NO_HORN\NR2_46_crop01_14.jpg,NR2_46_crop01_14.jpg,NR2_46.jpg,train,NO_HORN,14,2087,875,69,74
processed\train\STAGGERED_JUNCTION_RL\NR2_48_crop00_24.jpg,C:\Users\ASUS G 16 JVR\Desktop\deepLearning_CNN\dataset\processed\train\STAGGERED_JUNCTION_RL\NR2_48_crop00_24.jpg,NR2_48_crop00_24.jpg,NR2_48.jpg,train,STAGGERED_JUNCTION_RL,24,2457,878,95,88
processed\train\RIGHT_BEND\NR2_50_crop00_20.jpg,C:\Users\ASUS G 16 JVR\Desktop\deepLearning_CNN\dataset\processed\train\RIGHT_BEND\NR2_50_crop00_20.jpg,NR2_50_crop00_20.jpg,NR2_50.jpg,train,RIGHT_BEND,20,2514,853,85,92
processed\train\PRIORITY_ROAD\NR2_52_crop00_19.jpg,C:\Users\ASUS G 16 JVR\Desktop\deepLearning_CNN\dataset\processed\train\PRIORITY_ROAD\NR2_52_crop00_19.jpg,NR2_52_crop00_19.jpg,NR2_52.jpg,train,PRIORITY_ROAD,19,2457,857,106,103
processed\train\DIRECTION\NR2_53_crop00_07.jpg,C:\Users\ASUS G 16 JVR\Desktop\deepLearning_CNN\dataset\processed\train\DIRECTION\NR2_53_crop00_07.jpg,NR2_53_crop00_07.jpg,NR2_53.jpg,train,DIRECTION,7,2304,513,319,192
processed\train\30_SPEED_LIMIT\NR2_54_crop00_00.jpg,C:\Users\ASUS G 16 JVR\Desktop\deepLearning_CNN\dataset\processed\train\30_SPEED_LIMIT\NR2_54_crop00_00.jpg,NR2_54_crop00_00.jpg,NR2_54.jpg,train,30_SPEED_LIMIT,0,2919,870,75,77
processed\train\30_SPEED_LIMIT\NR2_58_crop00_00.jpg,C:\Users\ASUS G 16 JVR\Desktop\deepLearning_CNN\dataset\processed\train\30_SPEED_LIMIT\NR2_58_crop00_00.jpg,NR2_58_crop00_00.jpg,NR2_58.jpg,train,30_SPEED_LIMIT,0,3556,760,116,116
processed\train\DIRECTION\NR2_58_crop01_07.jpg,C:\Users\ASUS G 16 JVR\Desktop\deepLearning_CNN\dataset\processed\train\DIRECTION\NR2_58_crop01_07.jpg,NR2_58_crop01_07.jpg,NR2_58.jpg,train,DIRECTION,7,2031,864,72,52
processed\train\DIRECTION\NR2_58_crop02_07.jpg,C:\Users\ASUS G 16 JVR\Desktop\deepLearning_CNN\dataset\processed\train\DIRECTION\NR2_58_crop02_07.jpg,NR2_58_crop02_07.jpg,NR2_58.jpg,train,DIRECTION,7,2147,860,74,57
processed\train\DIRECTION\NR2_59_crop00_07.jpg,C:\Users\ASUS G 16 JVR\Desktop\deepLearning_CNN\dataset\processed\train\DIRECTION\NR2_59_crop00_07.jpg,NR2_59_crop00_07.jpg,NR2_59.jpg,train,DIRECTION,7,2296,380,306,237
processed\train\DIRECTION\NR2_59_crop01_07.jpg,C:\Users\ASUS G 16 JVR\Desktop\deepLearning_CNN\dataset\processed\train\DIRECTION\NR2_59_crop01_07.jpg,NR2_59_crop01_07.jpg,NR2_59.jpg,train,DIRECTION,7,2806,369,314,244
processed\train\DIRECTION\NR2_60_crop00_07.jpg,C:\Users\ASUS G 16 JVR\Desktop\deepLearning_CNN\dataset\processed\train\DIRECTION\NR2_60_crop00_07.jpg,NR2_60_crop00_07.jpg,NR2_60.jpg,train,DIRECTION,7,2196,557,221,172
processed\train\DIRECTION\NR2_60_crop01_07.jpg,C:\Users\ASUS G 16 JVR\Desktop\deepLearning_CNN\dataset\processed\train\DIRECTION\NR2_60_crop01_07.jpg,NR2_60_crop01_07.jpg,NR2_60.jpg,train,DIRECTION,7,2562,555,223,169
processed\train\PRIORITY_ROAD\NR2_62_crop00_19.jpg,C:\Users\ASUS G 16 JVR\Desktop\deepLearning_CNN\dataset\processed\train\PRIORITY_ROAD\NR2_62_crop00_19.jpg,NR2_62_crop00_19.jpg,NR2_62.jpg,train,PRIORITY_ROAD,19,3328,817,124,121
processed\train\ROAD_JUNCTION_ON_THE_LEFT\NR2_66_crop00_21.jpg,C:\Users\ASUS G 16 JVR\Desktop\deepLearning_CNN\dataset\processed\train\ROAD_JUNCTION_ON_THE_LEFT\NR2_66_crop00_21.jpg,NR2_66_crop00_21.jpg,NR2_66.jpg,train,ROAD_JUNCTION_ON_THE_LEFT,21,2459,829,98,105
processed\train\SLOW_DOWN\NR2_68_crop00_23.jpg,C:\Users\ASUS G 16 JVR\Desktop\deepLearning_CNN\dataset\processed\train\SLOW_DOWN\NR2_68_crop00_23.jpg,NR2_68_crop00_23.jpg,NR2_68.jpg,train,SLOW_DOWN,23,2522,855,82,79
processed\train\DIRECTION\NR2_69_crop00_07.jpg,C:\Users\ASUS G 16 JVR\Desktop\deepLearning_CNN\dataset\processed\train\DIRECTION\NR2_69_crop00_07.jpg,NR2_69_crop00_07.jpg,NR2_69.jpg,train,DIRECTION,7,3221,555,388,295
processed\train\CHILDREN_CROSSING\NR2_73_crop00_05.jpg,C:\Users\ASUS G 16 JVR\Desktop\deepLearning_CNN\dataset\processed\train\CHILDREN_CROSSING\NR2_73_crop00_05.jpg,NR2_73_crop00_05.jpg,NR2_73.jpg,train,CHILDREN_CROSSING,5,3186,727,146,146
processed\train\LEFT_BEND\NR2_74_crop00_12.jpg,C:\Users\ASUS G 16 JVR\Desktop\deepLearning_CNN\dataset\processed\train\LEFT_BEND\NR2_74_crop00_12.jpg,NR2_74_crop00_12.jpg,NR2_74.jpg,train,LEFT_BEND,12,2476,852,93,100
processed\train\ROAD_JUNCTION_ON_THE_RIGHT\NR2_75_crop00_22.jpg,C:\Users\ASUS G 16 JVR\Desktop\deepLearning_CNN\dataset\processed\train\ROAD_JUNCTION_ON_THE_RIGHT\NR2_75_crop00_22.jpg,NR2_75_crop00_22.jpg,NR2_75.jpg,train,ROAD_JUNCTION_ON_THE_RIGHT,22,2458,858,90,105
processed\train\ROAD_JUNCTION_ON_THE_RIGHT\NR2_76_crop00_22.jpg,C:\Users\ASUS G 16 JVR\Desktop\deepLearning_CNN\dataset\processed\train\ROAD_JUNCTION_ON_THE_RIGHT\NR2_76_crop00_22.jpg,NR2_76_crop00_22.jpg,NR2_76.jpg,train,ROAD_JUNCTION_ON_THE_RIGHT,22,2445,771,121,121
processed\train\ROAD_JUNCTION_ON_THE_LEFT\NR2_77_crop00_21.jpg,C:\Users\ASUS G 16 JVR\Desktop\deepLearning_CNN\dataset\processed\train\ROAD_JUNCTION_ON_THE_LEFT\NR2_77_crop00_21.jpg,NR2_77_crop00_21.jpg,NR2_77.jpg,train,ROAD_JUNCTION_ON_THE_LEFT,21,2509,858,82,85
processed\train\HOSPITAL\NR2_79_crop00_09.jpg,C:\Users\ASUS G 16 JVR\Desktop\deepLearning_CNN\dataset\processed\train\HOSPITAL\NR2_79_crop00_09.jpg,NR2_79_crop00_09.jpg,NR2_79.jpg,train,HOSPITAL,9,2938,781,103,97
processed\train\NO_HORN\NR2_79_crop01_14.jpg,C:\Users\ASUS G 16 JVR\Desktop\deepLearning_CNN\dataset\processed\train\NO_HORN\NR2_79_crop01_14.jpg,NR2_79_crop01_14.jpg,NR2_79.jpg,train,NO_HORN,14,2607,845,77,77
processed\train\STAGGERED_JUNCTION_RL\NR2_79_crop02_24.jpg,C:\Users\ASUS G 16 JVR\Desktop\deepLearning_CNN\dataset\processed\train\STAGGERED_JUNCTION_RL\NR2_79_crop02_24.jpg,NR2_79_crop02_24.jpg,NR2_79.jpg,train,STAGGERED_JUNCTION_RL,24,2295,920,49,52
processed\train\ROAD_JUNCTION_ON_THE_RIGHT\NR2_82_crop00_22.jpg,C:\Users\ASUS G 16 JVR\Desktop\deepLearning_CNN\dataset\processed\train\ROAD_JUNCTION_ON_THE_RIGHT\NR2_82_crop00_22.jpg,NR2_82_crop00_22.jpg,NR2_82.jpg,train,ROAD_JUNCTION_ON_THE_RIGHT,22,2445,789,120,118
processed\train\ROAD_JUNCTION_ON_THE_RIGHT\NR2_86_crop00_22.jpg,C:\Users\ASUS G 16 JVR\Desktop\deepLearning_CNN\dataset\processed\train\ROAD_JUNCTION_ON_THE_RIGHT\NR2_86_crop00_22.jpg,NR2_86_crop00_22.jpg,NR2_86.jpg,train,ROAD_JUNCTION_ON_THE_RIGHT,22,2532,827,102,105
processed\train\PEDESTRAIN_CROSSING\NR2_89_crop00_17.jpg,C:\Users\ASUS G 16 JVR\Desktop\deepLearning_CNN\dataset\processed\train\PEDESTRAIN_CROSSING\NR2_89_crop00_17.jpg,NR2_89_crop00_17.jpg,NR2_89.jpg,train,PEDESTRAIN_CROSSING,17,2422,779,146,144
processed\train\KEEP_RIGHT\NR5_1_crop00_10.jpg,C:\Users\ASUS G 16 JVR\Desktop\deepLearning_CNN\dataset\processed\train\KEEP_RIGHT\NR5_1_crop00_10.jpg,NR5_1_crop00_10.jpg,NR5_1.jpg,train,KEEP_RIGHT,10,1240,947,172,177
processed\train\PEDESTRAIN_CROSSING\NR5_5_crop00_17.jpg,C:\Users\ASUS G 16 JVR\Desktop\deepLearning_CNN\dataset\processed\train\PEDESTRAIN_CROSSING\NR5_5_crop00_17.jpg,NR5_5_crop00_17.jpg,NR5_5.jpg,train,PEDESTRAIN_CROSSING,17,3446,621,167,174
processed\train\KEEP_RIGHT\NR5_6_crop00_10.jpg,C:\Users\ASUS G 16 JVR\Desktop\deepLearning_CNN\dataset\processed\train\KEEP_RIGHT\NR5_6_crop00_10.jpg,NR5_6_crop00_10.jpg,NR5_6.jpg,train,KEEP_RIGHT,10,1156,973,193,193
processed\train\80_SPEED_LIMIT\NR5_8_crop00_03.jpg,C:\Users\ASUS G 16 JVR\Desktop\deepLearning_CNN\dataset\processed\train\80_SPEED_LIMIT\NR5_8_crop00_03.jpg,NR5_8_crop00_03.jpg,NR5_8.jpg,train,80_SPEED_LIMIT,3,3603,611,208,170
processed\train\KEEP_RIGHT\NR5_8_crop02_10.jpg,C:\Users\ASUS G 16 JVR\Desktop\deepLearning_CNN\dataset\processed\train\KEEP_RIGHT\NR5_8_crop02_10.jpg,NR5_8_crop02_10.jpg,NR5_8.jpg,train,KEEP_RIGHT,10,1872,879,47,52
processed\train\KEEP_RIGHT\NR5_9_crop00_10.jpg,C:\Users\ASUS G 16 JVR\Desktop\deepLearning_CNN\dataset\processed\train\KEEP_RIGHT\NR5_9_crop00_10.jpg,NR5_9_crop00_10.jpg,NR5_9.jpg,train,KEEP_RIGHT,10,1112,745,282,272
processed\train\KEEP_RIGHT\NR5_10_crop00_10.jpg,C:\Users\ASUS G 16 JVR\Desktop\deepLearning_CNN\dataset\processed\train\KEEP_RIGHT\NR5_10_crop00_10.jpg,NR5_10_crop00_10.jpg,NR5_10.jpg,train,KEEP_RIGHT,10,1140,801,213,219
processed\train\KEEP_RIGHT\NR5_12_crop00_10.jpg,C:\Users\ASUS G 16 JVR\Desktop\deepLearning_CNN\dataset\processed\train\KEEP_RIGHT\NR5_12_crop00_10.jpg,NR5_12_crop00_10.jpg,NR5_12.jpg,train,KEEP_RIGHT,10,1236,812,183,181
processed\train\KEEP_RIGHT\NR5_13_crop00_10.jpg,C:\Users\ASUS G 16 JVR\Desktop\deepLearning_CNN\dataset\processed\train\KEEP_RIGHT\NR5_13_crop00_10.jpg,NR5_13_crop00_10.jpg,NR5_13.jpg,train,KEEP_RIGHT,10,1176,812,190,190
processed\train\KEEP_RIGHT\NR5_14_crop00_10.jpg,C:\Users\ASUS G 16 JVR\Desktop\deepLearning_CNN\dataset\processed\train\KEEP_RIGHT\NR5_14_crop00_10.jpg,NR5_14_crop00_10.jpg,NR5_14.jpg,train,KEEP_RIGHT,10,1200,798,116,222
processed\train\CHILDREN_CROSSING\NR5_15_crop00_05.jpg,C:\Users\ASUS G 16 JVR\Desktop\deepLearning_CNN\dataset\processed\train\CHILDREN_CROSSING\NR5_15_crop00_05.jpg,NR5_15_crop00_05.jpg,NR5_15.jpg,train,CHILDREN_CROSSING,5,3242,721,145,140
processed\train\KEEP_RIGHT\NR5_16_crop00_10.jpg,C:\Users\ASUS G 16 JVR\Desktop\deepLearning_CNN\dataset\processed\train\KEEP_RIGHT\NR5_16_crop00_10.jpg,NR5_16_crop00_10.jpg,NR5_16.jpg,train,KEEP_RIGHT,10,1169,793,207,215
processed\train\KEEP_RIGHT\NR5_17_crop00_10.jpg,C:\Users\ASUS G 16 JVR\Desktop\deepLearning_CNN\dataset\processed\train\KEEP_RIGHT\NR5_17_crop00_10.jpg,NR5_17_crop00_10.jpg,NR5_17.jpg,train,KEEP_RIGHT,10,1135,798,229,222
processed\train\ROAD_JUNCTION_ON_THE_LEFT\NR5_18_crop00_21.jpg,C:\Users\ASUS G 16 JVR\Desktop\deepLearning_CNN\dataset\processed\train\ROAD_JUNCTION_ON_THE_LEFT\NR5_18_crop00_21.jpg,NR5_18_crop00_21.jpg,NR5_18.jpg,train,ROAD_JUNCTION_ON_THE_LEFT,21,2869,778,96,92
processed\train\KEEP_RIGHT\NR5_19_crop00_10.jpg,C:\Users\ASUS G 16 JVR\Desktop\deepLearning_CNN\dataset\processed\train\KEEP_RIGHT\NR5_19_crop00_10.jpg,NR5_19_crop00_10.jpg,NR5_19.jpg,train,KEEP_RIGHT,10,1232,835,148,149
processed\train\KEEP_RIGHT\NR5_21_crop00_10.jpg,C:\Users\ASUS G 16 JVR\Desktop\deepLearning_CNN\dataset\processed\train\KEEP_RIGHT\NR5_21_crop00_10.jpg,NR5_21_crop00_10.jpg,NR5_21.jpg,train,KEEP_RIGHT,10,1190,812,190,198
processed\train\KEEP_RIGHT\NR5_22_crop00_10.jpg,C:\Users\ASUS G 16 JVR\Desktop\deepLearning_CNN\dataset\processed\train\KEEP_RIGHT\NR5_22_crop00_10.jpg,NR5_22_crop00_10.jpg,NR5_22.jpg,train,KEEP_RIGHT,10,1167,792,193,192
processed\train\KEEP_RIGHT\NR5_23_crop00_10.jpg,C:\Users\ASUS G 16 JVR\Desktop\deepLearning_CNN\dataset\processed\train\KEEP_RIGHT\NR5_23_crop00_10.jpg,NR5_23_crop00_10.jpg,NR5_23.jpg,train,KEEP_RIGHT,10,1155,877,102,109
processed\train\30_SPEED_LIMIT\NR5_24_crop00_00.jpg,C:\Users\ASUS G 16 JVR\Desktop\deepLearning_CNN\dataset\processed\train\30_SPEED_LIMIT\NR5_24_crop00_00.jpg,NR5_24_crop00_00.jpg,NR5_24.jpg,train,30_SPEED_LIMIT,0,2660,794,72,70
processed\train\PEDESTRAIN_CROSSING\NR5_25_crop00_17.jpg,C:\Users\ASUS G 16 JVR\Desktop\deepLearning_CNN\dataset\processed\train\PEDESTRAIN_CROSSING\NR5_25_crop00_17.jpg,NR5_25_crop00_17.jpg,NR5_25.jpg,train,PEDESTRAIN_CROSSING,17,2660,714,109,111
processed\train\KEEP_RIGHT\NR5_26_crop00_10.jpg,C:\Users\ASUS G 16 JVR\Desktop\deepLearning_CNN\dataset\processed\train\KEEP_RIGHT\NR5_26_crop00_10.jpg,NR5_26_crop00_10.jpg,NR5_26.jpg,train,KEEP_RIGHT,10,1216,843,162,157
processed\train\U_TURN\NR5_27_crop00_25.jpg,C:\Users\ASUS G 16 JVR\Desktop\deepLearning_CNN\dataset\processed\train\U_TURN\NR5_27_crop00_25.jpg,NR5_27_crop00_25.jpg,NR5_27.jpg,train,U_TURN,25,1243,606,131,129
processed\train\U_TURN\NR5_28_crop00_25.jpg,C:\Users\ASUS G 16 JVR\Desktop\deepLearning_CNN\dataset\processed\train\U_TURN\NR5_28_crop00_25.jpg,NR5_28_crop00_25.jpg,NR5_28.jpg,train,U_TURN,25,290,190,330,297
processed\train\KEEP_RIGHT\NR5_29_crop00_10.jpg,C:\Users\ASUS G 16 JVR\Desktop\deepLearning_CNN\dataset\processed\train\KEEP_RIGHT\NR5_29_crop00_10.jpg,NR5_29_crop00_10.jpg,NR5_29.jpg,train,KEEP_RIGHT,10,1225,898,206,205
processed\train\CHILDREN_CROSSING\NR5_30_crop00_05.jpg,C:\Users\ASUS G 16 JVR\Desktop\deepLearning_CNN\dataset\processed\train\CHILDREN_CROSSING\NR5_30_crop00_05.jpg,NR5_30_crop00_05.jpg,NR5_30.jpg,train,CHILDREN_CROSSING,5,2846,709,92,91
processed\train\CHILDREN_CROSSING\NR5_31_crop00_05.jpg,C:\Users\ASUS G 16 JVR\Desktop\deepLearning_CNN\dataset\processed\train\CHILDREN_CROSSING\NR5_31_crop00_05.jpg,NR5_31_crop00_05.jpg,NR5_31.jpg,train,CHILDREN_CROSSING,5,3099,717,130,117
processed\train\KEEP_RIGHT\NR5_32_crop00_10.jpg,C:\Users\ASUS G 16 JVR\Desktop\deepLearning_CNN\dataset\processed\train\KEEP_RIGHT\NR5_32_crop00_10.jpg,NR5_32_crop00_10.jpg,NR5_32.jpg,train,KEEP_RIGHT,10,1239,867,151,146
processed\train\HOSPITAL\NR5_33_crop00_09.jpg,C:\Users\ASUS G 16 JVR\Desktop\deepLearning_CNN\dataset\processed\train\HOSPITAL\NR5_33_crop00_09.jpg,NR5_33_crop00_09.jpg,NR5_33.jpg,train,HOSPITAL,9,2857,787,74,65
processed\train\KEEP_RIGHT\NR5_34_crop00_10.jpg,C:\Users\ASUS G 16 JVR\Desktop\deepLearning_CNN\dataset\processed\train\KEEP_RIGHT\NR5_34_crop00_10.jpg,NR5_34_crop00_10.jpg,NR5_34.jpg,train,KEEP_RIGHT,10,1215,834,174,182
processed\train\60_SPEED_LIMIT\NR5_34_crop01_02.jpg,C:\Users\ASUS G 16 JVR\Desktop\deepLearning_CNN\dataset\processed\train\60_SPEED_LIMIT\NR5_34_crop01_02.jpg,NR5_34_crop01_02.jpg,NR5_34.jpg,train,60_SPEED_LIMIT,2,2344,876,28,28
processed\train\60_SPEED_LIMIT\NR5_35_crop00_02.jpg,C:\Users\ASUS G 16 JVR\Desktop\deepLearning_CNN\dataset\processed\train\60_SPEED_LIMIT\NR5_35_crop00_02.jpg,NR5_35_crop00_02.jpg,NR5_35.jpg,train,60_SPEED_LIMIT,2,3029,763,101,96
processed\train\SLOW_DOWN\NR5_36_crop00_23.jpg,C:\Users\ASUS G 16 JVR\Desktop\deepLearning_CNN\dataset\processed\train\SLOW_DOWN\NR5_36_crop00_23.jpg,NR5_36_crop00_23.jpg,NR5_36.jpg,train,SLOW_DOWN,23,2736,759,77,77
processed\train\KEEP_RIGHT\NR5_37_crop00_10.jpg,C:\Users\ASUS G 16 JVR\Desktop\deepLearning_CNN\dataset\processed\train\KEEP_RIGHT\NR5_37_crop00_10.jpg,NR5_37_crop00_10.jpg,NR5_37.jpg,train,KEEP_RIGHT,10,1230,817,174,188
processed\train\LEFT_BEND\NR5_38_crop00_12.jpg,C:\Users\ASUS G 16 JVR\Desktop\deepLearning_CNN\dataset\processed\train\LEFT_BEND\NR5_38_crop00_12.jpg,NR5_38_crop00_12.jpg,NR5_38.jpg,train,LEFT_BEND,12,2523,719,112,106
processed\train\CHILDREN_CROSSING\NR5_39_crop00_05.jpg,C:\Users\ASUS G 16 JVR\Desktop\deepLearning_CNN\dataset\processed\train\CHILDREN_CROSSING\NR5_39_crop00_05.jpg,NR5_39_crop00_05.jpg,NR5_39.jpg,train,CHILDREN_CROSSING,5,3249,597,146,133
processed\train\KEEP_RIGHT\NR5_40_crop00_10.jpg,C:\Users\ASUS G 16 JVR\Desktop\deepLearning_CNN\dataset\processed\train\KEEP_RIGHT\NR5_40_crop00_10.jpg,NR5_40_crop00_10.jpg,NR5_40.jpg,train,KEEP_RIGHT,10,1260,813,142,152
processed\train\KEEP_RIGHT\NR5_41_crop00_10.jpg,C:\Users\ASUS G 16 JVR\Desktop\deepLearning_CNN\dataset\processed\train\KEEP_RIGHT\NR5_41_crop00_10.jpg,NR5_41_crop00_10.jpg,NR5_41.jpg,train,KEEP_RIGHT,10,1228,830,183,189
processed\train\KEEP_RIGHT\NR5_42_crop00_10.jpg,C:\Users\ASUS G 16 JVR\Desktop\deepLearning_CNN\dataset\processed\train\KEEP_RIGHT\NR5_42_crop00_10.jpg,NR5_42_crop00_10.jpg,NR5_42.jpg,train,KEEP_RIGHT,10,1184,811,166,167
processed\train\KEEP_RIGHT\NR5_43_crop00_10.jpg,C:\Users\ASUS G 16 JVR\Desktop\deepLearning_CNN\dataset\processed\train\KEEP_RIGHT\NR5_43_crop00_10.jpg,NR5_43_crop00_10.jpg,NR5_43.jpg,train,KEEP_RIGHT,10,1168,807,197,201
processed\train\30_SPEED_LIMIT\NR5_44_crop00_00.jpg,C:\Users\ASUS G 16 JVR\Desktop\deepLearning_CNN\dataset\processed\train\30_SPEED_LIMIT\NR5_44_crop00_00.jpg,NR5_44_crop00_00.jpg,NR5_44.jpg,train,30_SPEED_LIMIT,0,2962,754,92,86
processed\train\PEDESTRAIN_CROSSING\NR5_45_crop00_17.jpg,C:\Users\ASUS G 16 JVR\Desktop\deepLearning_CNN\dataset\processed\train\PEDESTRAIN_CROSSING\NR5_45_crop00_17.jpg,NR5_45_crop00_17.jpg,NR5_45.jpg,train,PEDESTRAIN_CROSSING,17,2748,778,71,76
processed\train\SLOW_DOWN\NR5_47_crop00_23.jpg,C:\Users\ASUS G 16 JVR\Desktop\deepLearning_CNN\dataset\processed\train\SLOW_DOWN\NR5_47_crop00_23.jpg,NR5_47_crop00_23.jpg,NR5_47.jpg,train,SLOW_DOWN,23,3167,768,111,108
processed\train\END_SPEED_LIMIT\NR5_48_crop00_08.jpg,C:\Users\ASUS G 16 JVR\Desktop\deepLearning_CNN\dataset\processed\train\END_SPEED_LIMIT\NR5_48_crop00_08.jpg,NR5_48_crop00_08.jpg,NR5_48.jpg,train,END_SPEED_LIMIT,8,3335,710,151,129
processed\train\CHILDREN_CROSSING\NR5_51_crop00_05.jpg,C:\Users\ASUS G 16 JVR\Desktop\deepLearning_CNN\dataset\processed\train\CHILDREN_CROSSING\NR5_51_crop00_05.jpg,NR5_51_crop00_05.jpg,NR5_51.jpg,train,CHILDREN_CROSSING,5,2776,715,87,85
processed\train\KEEP_RIGHT\NR5_52_crop00_10.jpg,C:\Users\ASUS G 16 JVR\Desktop\deepLearning_CNN\dataset\processed\train\KEEP_RIGHT\NR5_52_crop00_10.jpg,NR5_52_crop00_10.jpg,NR5_52.jpg,train,KEEP_RIGHT,10,1266,675,186,174
processed\train\KEEP_RIGHT\NR5_53_crop00_10.jpg,C:\Users\ASUS G 16 JVR\Desktop\deepLearning_CNN\dataset\processed\train\KEEP_RIGHT\NR5_53_crop00_10.jpg,NR5_53_crop00_10.jpg,NR5_53.jpg,train,KEEP_RIGHT,10,1106,783,233,237
processed\train\KEEP_RIGHT\NR5_54_crop00_10.jpg,C:\Users\ASUS G 16 JVR\Desktop\deepLearning_CNN\dataset\processed\train\KEEP_RIGHT\NR5_54_crop00_10.jpg,NR5_54_crop00_10.jpg,NR5_54.jpg,train,KEEP_RIGHT,10,1212,803,190,188
processed\train\KEEP_RIGHT\NR5_55_crop00_10.jpg,C:\Users\ASUS G 16 JVR\Desktop\deepLearning_CNN\dataset\processed\train\KEEP_RIGHT\NR5_55_crop00_10.jpg,NR5_55_crop00_10.jpg,NR5_55.jpg,train,KEEP_RIGHT,10,1178,796,201,198
processed\train\CHILDREN_CROSSING\NR5_57_crop00_05.jpg,C:\Users\ASUS G 16 JVR\Desktop\deepLearning_CNN\dataset\processed\train\CHILDREN_CROSSING\NR5_57_crop00_05.jpg,NR5_57_crop00_05.jpg,NR5_57.jpg,train,CHILDREN_CROSSING,5,3405,518,179,159
processed\train\30_SPEED_LIMIT\NR5_60_crop00_00.jpg,C:\Users\ASUS G 16 JVR\Desktop\deepLearning_CNN\dataset\processed\train\30_SPEED_LIMIT\NR5_60_crop00_00.jpg,NR5_60_crop00_00.jpg,NR5_60.jpg,train,30_SPEED_LIMIT,0,3073,743,102,93
processed\train\CHILDREN_CROSSING\NR5_61_crop00_05.jpg,C:\Users\ASUS G 16 JVR\Desktop\deepLearning_CNN\dataset\processed\train\CHILDREN_CROSSING\NR5_61_crop00_05.jpg,NR5_61_crop00_05.jpg,NR5_61.jpg,train,CHILDREN_CROSSING,5,3113,599,135,124
processed\train\U_TURN\NR5_61_crop01_25.jpg,C:\Users\ASUS G 16 JVR\Desktop\deepLearning_CNN\dataset\processed\train\U_TURN\NR5_61_crop01_25.jpg,NR5_61_crop01_25.jpg,NR5_61.jpg,train,U_TURN,25,1590,706,82,84
processed\train\KEEP_RIGHT\NR5_61_crop02_10.jpg,C:\Users\ASUS G 16 JVR\Desktop\deepLearning_CNN\dataset\processed\train\KEEP_RIGHT\NR5_61_crop02_10.jpg,NR5_61_crop02_10.jpg,NR5_61.jpg,train,KEEP_RIGHT,10,1873,903,37,35
processed\train\U_TURN\NR5_62_crop00_25.jpg,C:\Users\ASUS G 16 JVR\Desktop\deepLearning_CNN\dataset\processed\train\U_TURN\NR5_62_crop00_25.jpg,NR5_62_crop00_25.jpg,NR5_62.jpg,train,U_TURN,25,1145,490,176,170
processed\train\KEEP_RIGHT\NR5_62_crop01_10.jpg,C:\Users\ASUS G 16 JVR\Desktop\deepLearning_CNN\dataset\processed\train\KEEP_RIGHT\NR5_62_crop01_10.jpg,NR5_62_crop01_10.jpg,NR5_62.jpg,train,KEEP_RIGHT,10,1840,897,43,47
processed\train\KEEP_RIGHT\NR5_63_crop00_10.jpg,C:\Users\ASUS G 16 JVR\Desktop\deepLearning_CNN\dataset\processed\train\KEEP_RIGHT\NR5_63_crop00_10.jpg,NR5_63_crop00_10.jpg,NR5_63.jpg,train,KEEP_RIGHT,10,1230,828,181,183
processed\train\CHILDREN_CROSSING\NR5_64_crop00_05.jpg,C:\Users\ASUS G 16 JVR\Desktop\deepLearning_CNN\dataset\processed\train\CHILDREN_CROSSING\NR5_64_crop00_05.jpg,NR5_64_crop00_05.jpg,NR5_64.jpg,train,CHILDREN_CROSSING,5,3064,727,118,114
processed\train\KEEP_RIGHT\NR5_66_crop00_10.jpg,C:\Users\ASUS G 16 JVR\Desktop\deepLearning_CNN\dataset\processed\train\KEEP_RIGHT\NR5_66_crop00_10.jpg,NR5_66_crop00_10.jpg,NR5_66.jpg,train,KEEP_RIGHT,10,1167,832,171,172
processed\train\40_SPEED_LIMIT\NR5_67_crop00_01.jpg,C:\Users\ASUS G 16 JVR\Desktop\deepLearning_CNN\dataset\processed\train\40_SPEED_LIMIT\NR5_67_crop00_01.jpg,NR5_67_crop00_01.jpg,NR5_67.jpg,train,40_SPEED_LIMIT,1,3147,669,115,109
processed\train\SLOW_DOWN\NR5_67_crop01_23.jpg,C:\Users\ASUS G 16 JVR\Desktop\deepLearning_CNN\dataset\processed\train\SLOW_DOWN\NR5_67_crop01_23.jpg,NR5_67_crop01_23.jpg,NR5_67.jpg,train,SLOW_DOWN,23,3142,775,117,107
processed\train\PEDESTRAIN_CROSSING\NR5_69_crop00_17.jpg,C:\Users\ASUS G 16 JVR\Desktop\deepLearning_CNN\dataset\processed\train\PEDESTRAIN_CROSSING\NR5_69_crop00_17.jpg,NR5_69_crop00_17.jpg,NR5_69.jpg,train,PEDESTRAIN_CROSSING,17,2933,795,102,103
processed\train\KEEP_RIGHT\NR5_71_crop00_10.jpg,C:\Users\ASUS G 16 JVR\Desktop\deepLearning_CNN\dataset\processed\train\KEEP_RIGHT\NR5_71_crop00_10.jpg,NR5_71_crop00_10.jpg,NR5_71.jpg,train,KEEP_RIGHT,10,1215,747,165,170
processed\train\KEEP_RIGHT\NR5_73_crop00_10.jpg,C:\Users\ASUS G 16 JVR\Desktop\deepLearning_CNN\dataset\processed\train\KEEP_RIGHT\NR5_73_crop00_10.jpg,NR5_73_crop00_10.jpg,NR5_73.jpg,train,KEEP_RIGHT,10,1165,848,217,236
processed\train\KEEP_RIGHT\NR5_74_crop00_10.jpg,C:\Users\ASUS G 16 JVR\Desktop\deepLearning_CNN\dataset\processed\train\KEEP_RIGHT\NR5_74_crop00_10.jpg,NR5_74_crop00_10.jpg,NR5_74.jpg,train,KEEP_RIGHT,10,1140,817,204,203
processed\train\DIRECTION\NR5_76_crop00_07.jpg,C:\Users\ASUS G 16 JVR\Desktop\deepLearning_CNN\dataset\processed\train\DIRECTION\NR5_76_crop00_07.jpg,NR5_76_crop00_07.jpg,NR5_76.jpg,train,DIRECTION,7,2336,478,273,167
processed\train\KEEP_RIGHT\NR5_77_crop00_10.jpg,C:\Users\ASUS G 16 JVR\Desktop\deepLearning_CNN\dataset\processed\train\KEEP_RIGHT\NR5_77_crop00_10.jpg,NR5_77_crop00_10.jpg,NR5_77.jpg,train,KEEP_RIGHT,10,1227,838,166,160
processed\train\SLOW_DOWN\NR5_78_crop00_23.jpg,C:\Users\ASUS G 16 JVR\Desktop\deepLearning_CNN\dataset\processed\train\SLOW_DOWN\NR5_78_crop00_23.jpg,NR5_78_crop00_23.jpg,NR5_78.jpg,train,SLOW_DOWN,23,3053,832,95,90
processed\train\KEEP_RIGHT\NR5_81_crop00_10.jpg,C:\Users\ASUS G 16 JVR\Desktop\deepLearning_CNN\dataset\processed\train\KEEP_RIGHT\NR5_81_crop00_10.jpg,NR5_81_crop00_10.jpg,NR5_81.jpg,train,KEEP_RIGHT,10,1167,896,200,200
processed\train\ROAD_JUNCTION_ON_THE_RIGHT\NR5_82_crop00_22.jpg,C:\Users\ASUS G 16 JVR\Desktop\deepLearning_CNN\dataset\processed\train\ROAD_JUNCTION_ON_THE_RIGHT\NR5_82_crop00_22.jpg,NR5_82_crop00_22.jpg,NR5_82.jpg,train,ROAD_JUNCTION_ON_THE_RIGHT,22,2680,785,81,77
processed\train\U_TURN\NR5_83_crop00_25.jpg,C:\Users\ASUS G 16 JVR\Desktop\deepLearning_CNN\dataset\processed\train\U_TURN\NR5_83_crop00_25.jpg,NR5_83_crop00_25.jpg,NR5_83.jpg,train,U_TURN,25,1237,434,192,189
processed\train\ROAD_JUNCTION_ON_THE_LEFT\NR5_85_crop00_21.jpg,C:\Users\ASUS G 16 JVR\Desktop\deepLearning_CNN\dataset\processed\train\ROAD_JUNCTION_ON_THE_LEFT\NR5_85_crop00_21.jpg,NR5_85_crop00_21.jpg,NR5_85.jpg,train,ROAD_JUNCTION_ON_THE_LEFT,21,3143,704,139,124
processed\train\NO_ENTRY\NR5_86_crop00_13.jpg,C:\Users\ASUS G 16 JVR\Desktop\deepLearning_CNN\dataset\processed\train\NO_ENTRY\NR5_86_crop00_13.jpg,NR5_86_crop00_13.jpg,NR5_86.jpg,train,NO_ENTRY,13,1047,389,285,269
processed\train\U_TURN\NR5_86_crop01_25.jpg,C:\Users\ASUS G 16 JVR\Desktop\deepLearning_CNN\dataset\processed\train\U_TURN\NR5_86_crop01_25.jpg,NR5_86_crop01_25.jpg,NR5_86.jpg,train,U_TURN,25,935,477,216,214
processed\train\KEEP_RIGHT\NR5_86_crop02_10.jpg,C:\Users\ASUS G 16 JVR\Desktop\deepLearning_CNN\dataset\processed\train\KEEP_RIGHT\NR5_86_crop02_10.jpg,NR5_86_crop02_10.jpg,NR5_86.jpg,train,KEEP_RIGHT,10,1836,903,45,47
processed\train\CHILDREN_CROSSING\NR5_89_crop00_05.jpg,C:\Users\ASUS G 16 JVR\Desktop\deepLearning_CNN\dataset\processed\train\CHILDREN_CROSSING\NR5_89_crop00_05.jpg,NR5_89_crop00_05.jpg,NR5_89.jpg,train,CHILDREN_CROSSING,5,3019,770,107,103
processed\train\KEEP_RIGHT\NR5_90_crop00_10.jpg,C:\Users\ASUS G 16 JVR\Desktop\deepLearning_CNN\dataset\processed\train\KEEP_RIGHT\NR5_90_crop00_10.jpg,NR5_90_crop00_10.jpg,NR5_90.jpg,train,KEEP_RIGHT,10,1174,806,197,195
processed\train\U_TURN\NR5_91_crop00_25.jpg,C:\Users\ASUS G 16 JVR\Desktop\deepLearning_CNN\dataset\processed\train\U_TURN\NR5_91_crop00_25.jpg,NR5_91_crop00_25.jpg,NR5_91.jpg,train,U_TURN,25,1208,532,177,181
processed\train\HOSPITAL\NR5_91_crop01_09.jpg,C:\Users\ASUS G 16 JVR\Desktop\deepLearning_CNN\dataset\processed\train\HOSPITAL\NR5_91_crop01_09.jpg,NR5_91_crop01_09.jpg,NR5_91.jpg,train,HOSPITAL,9,1852,894,48,47
processed\train\KEEP_RIGHT\NR5_92_crop00_10.jpg,C:\Users\ASUS G 16 JVR\Desktop\deepLearning_CNN\dataset\processed\train\KEEP_RIGHT\NR5_92_crop00_10.jpg,NR5_92_crop00_10.jpg,NR5_92.jpg,train,KEEP_RIGHT,10,1189,802,210,211
processed\train\CHILDREN_CROSSING\NR5_93_crop00_05.jpg,C:\Users\ASUS G 16 JVR\Desktop\deepLearning_CNN\dataset\processed\train\CHILDREN_CROSSING\NR5_93_crop00_05.jpg,NR5_93_crop00_05.jpg,NR5_93.jpg,train,CHILDREN_CROSSING,5,3015,660,125,111
processed\train\CHILDREN_CROSSING\NR5_94_crop00_05.jpg,C:\Users\ASUS G 16 JVR\Desktop\deepLearning_CNN\dataset\processed\train\CHILDREN_CROSSING\NR5_94_crop00_05.jpg,NR5_94_crop00_05.jpg,NR5_94.jpg,train,CHILDREN_CROSSING,5,2967,674,109,106
processed\train\40_SPEED_LIMIT\NR5_95_crop00_01.jpg,C:\Users\ASUS G 16 JVR\Desktop\deepLearning_CNN\dataset\processed\train\40_SPEED_LIMIT\NR5_95_crop00_01.jpg,NR5_95_crop00_01.jpg,NR5_95.jpg,train,40_SPEED_LIMIT,1,3087,692,108,96
processed\train\SLOW_DOWN\NR5_95_crop01_23.jpg,C:\Users\ASUS G 16 JVR\Desktop\deepLearning_CNN\dataset\processed\train\SLOW_DOWN\NR5_95_crop01_23.jpg,NR5_95_crop01_23.jpg,NR5_95.jpg,train,SLOW_DOWN,23,3082,784,107,97
processed\train\PEDESTRAIN_CROSSING\NR5_97_crop00_17.jpg,C:\Users\ASUS G 16 JVR\Desktop\deepLearning_CNN\dataset\processed\train\PEDESTRAIN_CROSSING\NR5_97_crop00_17.jpg,NR5_97_crop00_17.jpg,NR5_97.jpg,train,PEDESTRAIN_CROSSING,17,2892,833,90,81
processed\train\KEEP_RIGHT\NR5_99_crop00_10.jpg,C:\Users\ASUS G 16 JVR\Desktop\deepLearning_CNN\dataset\processed\train\KEEP_RIGHT\NR5_99_crop00_10.jpg,NR5_99_crop00_10.jpg,NR5_99.jpg,train,KEEP_RIGHT,10,1184,743,176,173
processed\train\KEEP_RIGHT\NR5_100_crop00_10.jpg,C:\Users\ASUS G 16 JVR\Desktop\deepLearning_CNN\dataset\processed\train\KEEP_RIGHT\NR5_100_crop00_10.jpg,NR5_100_crop00_10.jpg,NR5_100.jpg,train,KEEP_RIGHT,10,1260,866,140,136
processed\train\CHILDREN_CROSSING\NR5_101_crop00_05.jpg,C:\Users\ASUS G 16 JVR\Desktop\deepLearning_CNN\dataset\processed\train\CHILDREN_CROSSING\NR5_101_crop00_05.jpg,NR5_101_crop00_05.jpg,NR5_101.jpg,train,CHILDREN_CROSSING,5,2836,692,100,91
processed\train\KM_POST\NR5_101_crop01_11.jpg,C:\Users\ASUS G 16 JVR\Desktop\deepLearning_CNN\dataset\processed\train\KM_POST\NR5_101_crop01_11.jpg,NR5_101_crop01_11.jpg,NR5_101.jpg,train,KM_POST,11,3279,982,108,138
processed\train\KM_POST\NR5_101_crop02_11.jpg,C:\Users\ASUS G 16 JVR\Desktop\deepLearning_CNN\dataset\processed\train\KM_POST\NR5_101_crop02_11.jpg,NR5_101_crop02_11.jpg,NR5_101.jpg,train,KM_POST,11,181,999,85,104
processed\train\KEEP_RIGHT\NR5_103_crop00_10.jpg,C:\Users\ASUS G 16 JVR\Desktop\deepLearning_CNN\dataset\processed\train\KEEP_RIGHT\NR5_103_crop00_10.jpg,NR5_103_crop00_10.jpg,NR5_103.jpg,train,KEEP_RIGHT,10,1230,839,161,152
processed\train\CHILDREN_CROSSING\NR5_105_crop00_05.jpg,C:\Users\ASUS G 16 JVR\Desktop\deepLearning_CNN\dataset\processed\train\CHILDREN_CROSSING\NR5_105_crop00_05.jpg,NR5_105_crop00_05.jpg,NR5_105.jpg,train,CHILDREN_CROSSING,5,2572,767,63,60
processed\train\CHILDREN_CROSSING\NR5_106_crop00_05.jpg,C:\Users\ASUS G 16 JVR\Desktop\deepLearning_CNN\dataset\processed\train\CHILDREN_CROSSING\NR5_106_crop00_05.jpg,NR5_106_crop00_05.jpg,NR5_106.jpg,train,CHILDREN_CROSSING,5,3100,727,119,117
processed\train\ROAD_JUNCTION_ON_THE_RIGHT\NR5_108_crop00_22.jpg,C:\Users\ASUS G 16 JVR\Desktop\deepLearning_CNN\dataset\processed\train\ROAD_JUNCTION_ON_THE_RIGHT\NR5_108_crop00_22.jpg,NR5_108_crop00_22.jpg,NR5_108.jpg,train,ROAD_JUNCTION_ON_THE_RIGHT,22,2588,753,95,95
processed\train\KEEP_RIGHT\NR5_114_crop00_10.jpg,C:\Users\ASUS G 16 JVR\Desktop\deepLearning_CNN\dataset\processed\train\KEEP_RIGHT\NR5_114_crop00_10.jpg,NR5_114_crop00_10.jpg,NR5_114.jpg,train,KEEP_RIGHT,10,1099,785,237,234
processed\train\U_TURN\NR5_115_crop00_25.jpg,C:\Users\ASUS G 16 JVR\Desktop\deepLearning_CNN\dataset\processed\train\U_TURN\NR5_115_crop00_25.jpg,NR5_115_crop00_25.jpg,NR5_115.jpg,train,U_TURN,25,1158,527,157,164
processed\train\KEEP_RIGHT\NR5_119_crop00_10.jpg,C:\Users\ASUS G 16 JVR\Desktop\deepLearning_CNN\dataset\processed\train\KEEP_RIGHT\NR5_119_crop00_10.jpg,NR5_119_crop00_10.jpg,NR5_119.jpg,train,KEEP_RIGHT,10,1216,821,176,171
processed\train\PEDESTRAIN_CROSSING\NR5_121_crop00_17.jpg,C:\Users\ASUS G 16 JVR\Desktop\deepLearning_CNN\dataset\processed\train\PEDESTRAIN_CROSSING\NR5_121_crop00_17.jpg,NR5_121_crop00_17.jpg,NR5_121.jpg,train,PEDESTRAIN_CROSSING,17,2913,754,102,98
processed\train\KEEP_RIGHT\NR5_122_crop00_10.jpg,C:\Users\ASUS G 16 JVR\Desktop\deepLearning_CNN\dataset\processed\train\KEEP_RIGHT\NR5_122_crop00_10.jpg,NR5_122_crop00_10.jpg,NR5_122.jpg,train,KEEP_RIGHT,10,1201,814,194,190
processed\train\ROAD_JUNCTION_ON_THE_RIGHT\NR5_123_crop00_22.jpg,C:\Users\ASUS G 16 JVR\Desktop\deepLearning_CNN\dataset\processed\train\ROAD_JUNCTION_ON_THE_RIGHT\NR5_123_crop00_22.jpg,NR5_123_crop00_22.jpg,NR5_123.jpg,train,ROAD_JUNCTION_ON_THE_RIGHT,22,3190,720,113,106
processed\train\U_TURN\NR5_124_crop00_25.jpg,C:\Users\ASUS G 16 JVR\Desktop\deepLearning_CNN\dataset\processed\train\U_TURN\NR5_124_crop00_25.jpg,NR5_124_crop00_25.jpg,NR5_124.jpg,train,U_TURN,25,1258,552,128,133
processed\train\KEEP_RIGHT\NR5_125_crop00_10.jpg,C:\Users\ASUS G 16 JVR\Desktop\deepLearning_CNN\dataset\processed\train\KEEP_RIGHT\NR5_125_crop00_10.jpg,NR5_125_crop00_10.jpg,NR5_125.jpg,train,KEEP_RIGHT,10,1158,802,183,190
processed\train\KEEP_RIGHT\NR5_128_crop00_10.jpg,C:\Users\ASUS G 16 JVR\Desktop\deepLearning_CNN\dataset\processed\train\KEEP_RIGHT\NR5_128_crop00_10.jpg,NR5_128_crop00_10.jpg,NR5_128.jpg,train,KEEP_RIGHT,10,1222,835,183,182
processed\train\KEEP_RIGHT\NR5_131_crop00_10.jpg,C:\Users\ASUS G 16 JVR\Desktop\deepLearning_CNN\dataset\processed\train\KEEP_RIGHT\NR5_131_crop00_10.jpg,NR5_131_crop00_10.jpg,NR5_131.jpg,train,KEEP_RIGHT,10,1210,798,195,200
processed\train\CHILDREN_CROSSING\NR5_132_crop00_05.jpg,C:\Users\ASUS G 16 JVR\Desktop\deepLearning_CNN\dataset\processed\train\CHILDREN_CROSSING\NR5_132_crop00_05.jpg,NR5_132_crop00_05.jpg,NR5_132.jpg,train,CHILDREN_CROSSING,5,3616,606,221,198
processed\train\KEEP_RIGHT\NR5_133_crop00_10.jpg,C:\Users\ASUS G 16 JVR\Desktop\deepLearning_CNN\dataset\processed\train\KEEP_RIGHT\NR5_133_crop00_10.jpg,NR5_133_crop00_10.jpg,NR5_133.jpg,train,KEEP_RIGHT,10,1243,831,154,149
processed\train\KEEP_RIGHT\NR5_135_crop00_10.jpg,C:\Users\ASUS G 16 JVR\Desktop\deepLearning_CNN\dataset\processed\train\KEEP_RIGHT\NR5_135_crop00_10.jpg,NR5_135_crop00_10.jpg,NR5_135.jpg,train,KEEP_RIGHT,10,1242,811,213,209
processed\train\KEEP_RIGHT\NR5_139_crop00_10.jpg,C:\Users\ASUS G 16 JVR\Desktop\deepLearning_CNN\dataset\processed\train\KEEP_RIGHT\NR5_139_crop00_10.jpg,NR5_139_crop00_10.jpg,NR5_139.jpg,train,KEEP_RIGHT,10,1184,827,179,195
processed\train\KEEP_RIGHT\NR5_141_crop00_10.jpg,C:\Users\ASUS G 16 JVR\Desktop\deepLearning_CNN\dataset\processed\train\KEEP_RIGHT\NR5_141_crop00_10.jpg,NR5_141_crop00_10.jpg,NR5_141.jpg,train,KEEP_RIGHT,10,1173,806,219,208
processed\train\KEEP_RIGHT\NR5_142_crop00_10.jpg,C:\Users\ASUS G 16 JVR\Desktop\deepLearning_CNN\dataset\processed\train\KEEP_RIGHT\NR5_142_crop00_10.jpg,NR5_142_crop00_10.jpg,NR5_142.jpg,train,KEEP_RIGHT,10,1248,833,135,140
processed\train\CHILDREN_CROSSING\NR5_143_crop00_05.jpg,C:\Users\ASUS G 16 JVR\Desktop\deepLearning_CNN\dataset\processed\train\CHILDREN_CROSSING\NR5_143_crop00_05.jpg,NR5_143_crop00_05.jpg,NR5_143.jpg,train,CHILDREN_CROSSING,5,2996,690,101,104
processed\train\CHILDREN_CROSSING\NR5_144_crop00_05.jpg,C:\Users\ASUS G 16 JVR\Desktop\deepLearning_CNN\dataset\processed\train\CHILDREN_CROSSING\NR5_144_crop00_05.jpg,NR5_144_crop00_05.jpg,NR5_144.jpg,train,CHILDREN_CROSSING,5,2838,791,86,86
processed\train\KEEP_RIGHT\NR5_145_crop00_10.jpg,C:\Users\ASUS G 16 JVR\Desktop\deepLearning_CNN\dataset\processed\train\KEEP_RIGHT\NR5_145_crop00_10.jpg,NR5_145_crop00_10.jpg,NR5_145.jpg,train,KEEP_RIGHT,10,1119,767,217,221
processed\train\KEEP_RIGHT\NR5_146_crop00_10.jpg,C:\Users\ASUS G 16 JVR\Desktop\deepLearning_CNN\dataset\processed\train\KEEP_RIGHT\NR5_146_crop00_10.jpg,NR5_146_crop00_10.jpg,NR5_146.jpg,train,KEEP_RIGHT,10,1185,796,181,187
processed\train\KEEP_RIGHT\NR5_147_crop00_10.jpg,C:\Users\ASUS G 16 JVR\Desktop\deepLearning_CNN\dataset\processed\train\KEEP_RIGHT\NR5_147_crop00_10.jpg,NR5_147_crop00_10.jpg,NR5_147.jpg,train,KEEP_RIGHT,10,1216,829,170,170
processed\train\30_SPEED_LIMIT\NR5_148_crop00_00.jpg,C:\Users\ASUS G 16 JVR\Desktop\deepLearning_CNN\dataset\processed\train\30_SPEED_LIMIT\NR5_148_crop00_00.jpg,NR5_148_crop00_00.jpg,NR5_148.jpg,train,30_SPEED_LIMIT,0,2816,784,79,74
processed\train\KEEP_RIGHT\NR5_149_crop00_10.jpg,C:\Users\ASUS G 16 JVR\Desktop\deepLearning_CNN\dataset\processed\train\KEEP_RIGHT\NR5_149_crop00_10.jpg,NR5_149_crop00_10.jpg,NR5_149.jpg,train,KEEP_RIGHT,10,1096,763,248,263
processed\train\40_SPEED_LIMIT\NR5_150_crop00_01.jpg,C:\Users\ASUS G 16 JVR\Desktop\deepLearning_CNN\dataset\processed\train\40_SPEED_LIMIT\NR5_150_crop00_01.jpg,NR5_150_crop00_01.jpg,NR5_150.jpg,train,40_SPEED_LIMIT,1,2859,755,92,84
processed\train\KEEP_RIGHT\NR5_150_crop01_10.jpg,C:\Users\ASUS G 16 JVR\Desktop\deepLearning_CNN\dataset\processed\train\KEEP_RIGHT\NR5_150_crop01_10.jpg,NR5_150_crop01_10.jpg,NR5_150.jpg,train,KEEP_RIGHT,10,1821,889,59,65
processed\train\KEEP_RIGHT\NR5_151_crop00_10.jpg,C:\Users\ASUS G 16 JVR\Desktop\deepLearning_CNN\dataset\processed\train\KEEP_RIGHT\NR5_151_crop00_10.jpg,NR5_151_crop00_10.jpg,NR5_151.jpg,train,KEEP_RIGHT,10,1139,744,264,253
processed\train\PEDESTRAIN_CROSSING\NR5_152_crop00_17.jpg,C:\Users\ASUS G 16 JVR\Desktop\deepLearning_CNN\dataset\processed\train\PEDESTRAIN_CROSSING\NR5_152_crop00_17.jpg,NR5_152_crop00_17.jpg,NR5_152.jpg,train,PEDESTRAIN_CROSSING,17,2850,774,90,88
processed\train\KEEP_RIGHT\NR5_153_crop00_10.jpg,C:\Users\ASUS G 16 JVR\Desktop\deepLearning_CNN\dataset\processed\train\KEEP_RIGHT\NR5_153_crop00_10.jpg,NR5_153_crop00_10.jpg,NR5_153.jpg,train,KEEP_RIGHT,10,1128,927,190,192
processed\train\PRIORITY_ROAD\NR5_155_crop00_19.jpg,C:\Users\ASUS G 16 JVR\Desktop\deepLearning_CNN\dataset\processed\train\PRIORITY_ROAD\NR5_155_crop00_19.jpg,NR5_155_crop00_19.jpg,NR5_155.jpg,train,PRIORITY_ROAD,19,2465,703,78,77
processed\train\PRIORITY_ROAD\NR5_155_crop01_19.jpg,C:\Users\ASUS G 16 JVR\Desktop\deepLearning_CNN\dataset\processed\train\PRIORITY_ROAD\NR5_155_crop01_19.jpg,NR5_155_crop01_19.jpg,NR5_155.jpg,train,PRIORITY_ROAD,19,2467,776,76,74
processed\train\CHILDREN_CROSSING\NR5_157_crop00_05.jpg,C:\Users\ASUS G 16 JVR\Desktop\deepLearning_CNN\dataset\processed\train\CHILDREN_CROSSING\NR5_157_crop00_05.jpg,NR5_157_crop00_05.jpg,NR5_157.jpg,train,CHILDREN_CROSSING,5,2537,757,82,85
processed\train\CHILDREN_CROSSING\NR5_158_crop00_05.jpg,C:\Users\ASUS G 16 JVR\Desktop\deepLearning_CNN\dataset\processed\train\CHILDREN_CROSSING\NR5_158_crop00_05.jpg,NR5_158_crop00_05.jpg,NR5_158.jpg,train,CHILDREN_CROSSING,5,2641,699,109,117
processed\train\U_TURN\NR6_3_crop00_25.jpg,C:\Users\ASUS G 16 JVR\Desktop\deepLearning_CNN\dataset\processed\train\U_TURN\NR6_3_crop00_25.jpg,NR6_3_crop00_25.jpg,NR6_3.jpg,train,U_TURN,25,1263,802,133,121
processed\train\KEEP_RIGHT\NR6_5_crop00_10.jpg,C:\Users\ASUS G 16 JVR\Desktop\deepLearning_CNN\dataset\processed\train\KEEP_RIGHT\NR6_5_crop00_10.jpg,NR6_5_crop00_10.jpg,NR6_5.jpg,train,KEEP_RIGHT,10,1189,1033,157,164
processed\train\NO_UTURN\NR6_6_crop00_16.jpg,C:\Users\ASUS G 16 JVR\Desktop\deepLearning_CNN\dataset\processed\train\NO_UTURN\NR6_6_crop00_16.jpg,NR6_6_crop00_16.jpg,NR6_6.jpg,train,NO_UTURN,16,1197,804,180,175
processed\train\NO_ENTRY\NR6_6_crop01_13.jpg,C:\Users\ASUS G 16 JVR\Desktop\deepLearning_CNN\dataset\processed\train\NO_ENTRY\NR6_6_crop01_13.jpg,NR6_6_crop01_13.jpg,NR6_6.jpg,train,NO_ENTRY,13,1827,1046,29,32
processed\train\KEEP_RIGHT\NR6_6_crop02_10.jpg,C:\Users\ASUS G 16 JVR\Desktop\deepLearning_CNN\dataset\processed\train\KEEP_RIGHT\NR6_6_crop02_10.jpg,NR6_6_crop02_10.jpg,NR6_6.jpg,train,KEEP_RIGHT,10,1865,1075,30,27
processed\train\NO_ENTRY\NR6_7_crop00_13.jpg,C:\Users\ASUS G 16 JVR\Desktop\deepLearning_CNN\dataset\processed\train\NO_ENTRY\NR6_7_crop00_13.jpg,NR6_7_crop00_13.jpg,NR6_7.jpg,train,NO_ENTRY,13,817,709,225,235
processed\train\KEEP_RIGHT\NR6_7_crop01_10.jpg,C:\Users\ASUS G 16 JVR\Desktop\deepLearning_CNN\dataset\processed\train\KEEP_RIGHT\NR6_7_crop01_10.jpg,NR6_7_crop01_10.jpg,NR6_7.jpg,train,KEEP_RIGHT,10,1118,925,244,241
processed\train\CHILDREN_CROSSING\NR6_8_crop00_05.jpg,C:\Users\ASUS G 16 JVR\Desktop\deepLearning_CNN\dataset\processed\train\CHILDREN_CROSSING\NR6_8_crop00_05.jpg,NR6_8_crop00_05.jpg,NR6_8.jpg,train,CHILDREN_CROSSING,5,2670,877,74,76
processed\train\CHILDREN_CROSSING\NR6_10_crop01_05.jpg,C:\Users\ASUS G 16 JVR\Desktop\deepLearning_CNN\dataset\processed\train\CHILDREN_CROSSING\NR6_10_crop01_05.jpg,NR6_10_crop01_05.jpg,NR6_10.jpg,train,CHILDREN_CROSSING,5,2889,923,101,96
processed\train\KEEP_RIGHT\NR6_14_crop00_10.jpg,C:\Users\ASUS G 16 JVR\Desktop\deepLearning_CNN\dataset\processed\train\KEEP_RIGHT\NR6_14_crop00_10.jpg,NR6_14_crop00_10.jpg,NR6_14.jpg,train,KEEP_RIGHT,10,1210,1021,177,182
processed\train\LEFT_BEND\NR6_17_crop00_12.jpg,C:\Users\ASUS G 16 JVR\Desktop\deepLearning_CNN\dataset\processed\train\LEFT_BEND\NR6_17_crop00_12.jpg,NR6_17_crop00_12.jpg,NR6_17.jpg,train,LEFT_BEND,12,2762,907,101,99
processed\train\KEEP_RIGHT\NR6_18_crop00_10.jpg,C:\Users\ASUS G 16 JVR\Desktop\deepLearning_CNN\dataset\processed\train\KEEP_RIGHT\NR6_18_crop00_10.jpg,NR6_18_crop00_10.jpg,NR6_18.jpg,train,KEEP_RIGHT,10,1240,1035,145,142
processed\train\KEEP_RIGHT\NR6_19_crop00_10.jpg,C:\Users\ASUS G 16 JVR\Desktop\deepLearning_CNN\dataset\processed\train\KEEP_RIGHT\NR6_19_crop00_10.jpg,NR6_19_crop00_10.jpg,NR6_19.jpg,train,KEEP_RIGHT,10,1208,1080,83,86
processed\train\PEDESTRAIN_CROSSING\NR6_20_crop00_17.jpg,C:\Users\ASUS G 16 JVR\Desktop\deepLearning_CNN\dataset\processed\train\PEDESTRAIN_CROSSING\NR6_20_crop00_17.jpg,NR6_20_crop00_17.jpg,NR6_20.jpg,train,PEDESTRAIN_CROSSING,17,2970,859,138,127
processed\train\CHILDREN_CROSSING\NR6_21_crop00_05.jpg,C:\Users\ASUS G 16 JVR\Desktop\deepLearning_CNN\dataset\processed\train\CHILDREN_CROSSING\NR6_21_crop00_05.jpg,NR6_21_crop00_05.jpg,NR6_21.jpg,train,CHILDREN_CROSSING,5,3071,728,136,140
processed\train\DIRECTION\NR6_25_crop01_07.jpg,C:\Users\ASUS G 16 JVR\Desktop\deepLearning_CNN\dataset\processed\train\DIRECTION\NR6_25_crop01_07.jpg,NR6_25_crop01_07.jpg,NR6_25.jpg,train,DIRECTION,7,1514,55,482,246
processed\train\DIRECTION\NR6_25_crop02_07.jpg,C:\Users\ASUS G 16 JVR\Desktop\deepLearning_CNN\dataset\processed\train\DIRECTION\NR6_25_crop02_07.jpg,NR6_25_crop02_07.jpg,NR6_25.jpg,train,DIRECTION,7,335,96,513,251
processed\train\KEEP_RIGHT\NR6_27_crop00_10.jpg,C:\Users\ASUS G 16 JVR\Desktop\deepLearning_CNN\dataset\processed\train\KEEP_RIGHT\NR6_27_crop00_10.jpg,NR6_27_crop00_10.jpg,NR6_27.jpg,train,KEEP_RIGHT,10,1256,861,124,124
processed\train\KEEP_RIGHT\NR6_30_crop00_10.jpg,C:\Users\ASUS G 16 JVR\Desktop\deepLearning_CNN\dataset\processed\train\KEEP_RIGHT\NR6_30_crop00_10.jpg,NR6_30_crop00_10.jpg,NR6_30.jpg,train,KEEP_RIGHT,10,1236,1043,162,164
processed\train\RIGHT_BEND\NR6_32_crop00_20.jpg,C:\Users\ASUS G 16 JVR\Desktop\deepLearning_CNN\dataset\processed\train\RIGHT_BEND\NR6_32_crop00_20.jpg,NR6_32_crop00_20.jpg,NR6_32.jpg,train,RIGHT_BEND,20,3161,831,123,131
processed\train\KEEP_RIGHT\NR6_35_crop00_10.jpg,C:\Users\ASUS G 16 JVR\Desktop\deepLearning_CNN\dataset\processed\train\KEEP_RIGHT\NR6_35_crop00_10.jpg,NR6_35_crop00_10.jpg,NR6_35.jpg,train,KEEP_RIGHT,10,1208,1048,112,202
processed\train\KEEP_RIGHT\NR6_36_crop00_10.jpg,C:\Users\ASUS G 16 JVR\Desktop\deepLearning_CNN\dataset\processed\train\KEEP_RIGHT\NR6_36_crop00_10.jpg,NR6_36_crop00_10.jpg,NR6_36.jpg,train,KEEP_RIGHT,10,1137,1059,143,143
processed\train\KEEP_RIGHT\NR6_38_crop00_10.jpg,C:\Users\ASUS G 16 JVR\Desktop\deepLearning_CNN\dataset\processed\train\KEEP_RIGHT\NR6_38_crop00_10.jpg,NR6_38_crop00_10.jpg,NR6_38.jpg,train,KEEP_RIGHT,10,1263,1048,131,134
processed\train\LEFT_BEND\NR6_39_crop00_12.jpg,C:\Users\ASUS G 16 JVR\Desktop\deepLearning_CNN\dataset\processed\train\LEFT_BEND\NR6_39_crop00_12.jpg,NR6_39_crop00_12.jpg,NR6_39.jpg,train,LEFT_BEND,12,2851,907,101,101
processed\train\U_TURN\NR6_40_crop00_25.jpg,C:\Users\ASUS G 16 JVR\Desktop\deepLearning_CNN\dataset\processed\train\U_TURN\NR6_40_crop00_25.jpg,NR6_40_crop00_25.jpg,NR6_40.jpg,train,U_TURN,25,1210,760,143,142
processed\train\KEEP_RIGHT\NR6_41_crop00_10.jpg,C:\Users\ASUS G 16 JVR\Desktop\deepLearning_CNN\dataset\processed\train\KEEP_RIGHT\NR6_41_crop00_10.jpg,NR6_41_crop00_10.jpg,NR6_41.jpg,train,KEEP_RIGHT,10,1211,1047,163,169
processed\train\PRIORITY_ROAD\NR6_42_crop00_19.jpg,C:\Users\ASUS G 16 JVR\Desktop\deepLearning_CNN\dataset\processed\train\PRIORITY_ROAD\NR6_42_crop00_19.jpg,NR6_42_crop00_19.jpg,NR6_42.jpg,train,PRIORITY_ROAD,19,3062,888,118,116
processed\train\KEEP_RIGHT\NR6_45_crop00_10.jpg,C:\Users\ASUS G 16 JVR\Desktop\deepLearning_CNN\dataset\processed\train\KEEP_RIGHT\NR6_45_crop00_10.jpg,NR6_45_crop00_10.jpg,NR6_45.jpg,train,KEEP_RIGHT,10,1193,1061,120,184
processed\train\KEEP_RIGHT\NR6_45_crop01_10.jpg,C:\Users\ASUS G 16 JVR\Desktop\deepLearning_CNN\dataset\processed\train\KEEP_RIGHT\NR6_45_crop01_10.jpg,NR6_45_crop01_10.jpg,NR6_45.jpg,train,KEEP_RIGHT,10,1782,1085,39,40
processed\train\KEEP_RIGHT\NR6_46_crop00_10.jpg,C:\Users\ASUS G 16 JVR\Desktop\deepLearning_CNN\dataset\processed\train\KEEP_RIGHT\NR6_46_crop00_10.jpg,NR6_46_crop00_10.jpg,NR6_46.jpg,train,KEEP_RIGHT,10,1234,1032,177,167
processed\train\HOSPITAL\NR6_48_crop00_09.jpg,C:\Users\ASUS G 16 JVR\Desktop\deepLearning_CNN\dataset\processed\train\HOSPITAL\NR6_48_crop00_09.jpg,NR6_48_crop00_09.jpg,NR6_48.jpg,train,HOSPITAL,9,3207,855,123,109
processed\train\CHILDREN_CROSSING\NR6_48_crop01_05.jpg,C:\Users\ASUS G 16 JVR\Desktop\deepLearning_CNN\dataset\processed\train\CHILDREN_CROSSING\NR6_48_crop01_05.jpg,NR6_48_crop01_05.jpg,NR6_48.jpg,train,CHILDREN_CROSSING,5,3222,706,101,132
processed\train\U_TURN\NR6_48_crop02_25.jpg,C:\Users\ASUS G 16 JVR\Desktop\deepLearning_CNN\dataset\processed\train\U_TURN\NR6_48_crop02_25.jpg,NR6_48_crop02_25.jpg,NR6_48.jpg,train,U_TURN,25,1736,1004,40,44
processed\train\U_TURN\NR6_49_crop00_25.jpg,C:\Users\ASUS G 16 JVR\Desktop\deepLearning_CNN\dataset\processed\train\U_TURN\NR6_49_crop00_25.jpg,NR6_49_crop00_25.jpg,NR6_49.jpg,train,U_TURN,25,1249,798,142,131
processed\train\KEEP_RIGHT\NR6_49_crop01_10.jpg,C:\Users\ASUS G 16 JVR\Desktop\deepLearning_CNN\dataset\processed\train\KEEP_RIGHT\NR6_49_crop01_10.jpg,NR6_49_crop01_10.jpg,NR6_49.jpg,train,KEEP_RIGHT,10,1777,1063,40,42
processed\train\KEEP_RIGHT\NR6_50_crop00_10.jpg,C:\Users\ASUS G 16 JVR\Desktop\deepLearning_CNN\dataset\processed\train\KEEP_RIGHT\NR6_50_crop00_10.jpg,NR6_50_crop00_10.jpg,NR6_50.jpg,train,KEEP_RIGHT,10,1203,943,169,166
processed\train\CHILDREN_CROSSING\NR6_51_crop00_05.jpg,C:\Users\ASUS G 16 JVR\Desktop\deepLearning_CNN\dataset\processed\train\CHILDREN_CROSSING\NR6_51_crop00_05.jpg,NR6_51_crop00_05.jpg,NR6_51.jpg,train,CHILDREN_CROSSING,5,3066,853,131,121
processed\train\KEEP_RIGHT\NR6_52_crop00_10.jpg,C:\Users\ASUS G 16 JVR\Desktop\deepLearning_CNN\dataset\processed\train\KEEP_RIGHT\NR6_52_crop00_10.jpg,NR6_52_crop00_10.jpg,NR6_52.jpg,train,KEEP_RIGHT,10,1227,1070,153,149
processed\train\NO_ENTRY\NR6_54_crop00_13.jpg,C:\Users\ASUS G 16 JVR\Desktop\deepLearning_CNN\dataset\processed\train\NO_ENTRY\NR6_54_crop00_13.jpg,NR6_54_crop00_13.jpg,NR6_54.jpg,train,NO_ENTRY,13,973,877,171,169
processed\train\KEEP_RIGHT\NR6_54_crop01_10.jpg,C:\Users\ASUS G 16 JVR\Desktop\deepLearning_CNN\dataset\processed\train\KEEP_RIGHT\NR6_54_crop01_10.jpg,NR6_54_crop01_10.jpg,NR6_54.jpg,train,KEEP_RIGHT,10,1195,1065,176,172
processed\train\U_TURN\NR6_55_crop00_25.jpg,C:\Users\ASUS G 16 JVR\Desktop\deepLearning_CNN\dataset\processed\train\U_TURN\NR6_55_crop00_25.jpg,NR6_55_crop00_25.jpg,NR6_55.jpg,train,U_TURN,25,1078,730,173,166
processed\train\NO_ENTRY\NR6_55_crop01_13.jpg,C:\Users\ASUS G 16 JVR\Desktop\deepLearning_CNN\dataset\processed\train\NO_ENTRY\NR6_55_crop01_13.jpg,NR6_55_crop01_13.jpg,NR6_55.jpg,train,NO_ENTRY,13,1754,1069,38,36
processed\train\KEEP_RIGHT\NR6_55_crop02_10.jpg,C:\Users\ASUS G 16 JVR\Desktop\deepLearning_CNN\dataset\processed\train\KEEP_RIGHT\NR6_55_crop02_10.jpg,NR6_55_crop02_10.jpg,NR6_55.jpg,train,KEEP_RIGHT,10,1814,1095,39,41
processed\train\NO_ENTRY\NR6_56_crop00_13.jpg,C:\Users\ASUS G 16 JVR\Desktop\deepLearning_CNN\dataset\processed\train\NO_ENTRY\NR6_56_crop00_13.jpg,NR6_56_crop00_13.jpg,NR6_56.jpg,train,NO_ENTRY,13,885,904,219,214
processed\train\KEEP_RIGHT\NR6_56_crop01_10.jpg,C:\Users\ASUS G 16 JVR\Desktop\deepLearning_CNN\dataset\processed\train\KEEP_RIGHT\NR6_56_crop01_10.jpg,NR6_56_crop01_10.jpg,NR6_56.jpg,train,KEEP_RIGHT,10,1164,1055,241,244
processed\train\KEEP_RIGHT\NR6_58_crop00_10.jpg,C:\Users\ASUS G 16 JVR\Desktop\deepLearning_CNN\dataset\processed\train\KEEP_RIGHT\NR6_58_crop00_10.jpg,NR6_58_crop00_10.jpg,NR6_58.jpg,train,KEEP_RIGHT,10,1172,942,176,170
processed\train\DIRECTION\NR6_59_crop00_07.jpg,C:\Users\ASUS G 16 JVR\Desktop\deepLearning_CNN\dataset\processed\train\DIRECTION\NR6_59_crop00_07.jpg,NR6_59_crop00_07.jpg,NR6_59.jpg,train,DIRECTION,7,2774,171,395,386
processed\train\END_SPEED_LIMIT\NR6_62_crop00_08.jpg,C:\Users\ASUS G 16 JVR\Desktop\deepLearning_CNN\dataset\processed\train\END_SPEED_LIMIT\NR6_62_crop00_08.jpg,NR6_62_crop00_08.jpg,NR6_62.jpg,train,END_SPEED_LIMIT,8,3504,668,219,216
processed\train\CROSS_ROAD\NR6_63_crop00_06.jpg,C:\Users\ASUS G 16 JVR\Desktop\deepLearning_CNN\dataset\processed\train\CROSS_ROAD\NR6_63_crop00_06.jpg,NR6_63_crop00_06.jpg,NR6_63.jpg,train,CROSS_ROAD,6,3169,812,133,141
processed\train\U_TURN\NR6_64_crop00_25.jpg,C:\Users\ASUS G 16 JVR\Desktop\deepLearning_CNN\dataset\processed\train\U_TURN\NR6_64_crop00_25.jpg,NR6_64_crop00_25.jpg,NR6_64.jpg,train,U_TURN,25,1202,771,146,141
processed\train\KEEP_RIGHT\NR6_65_crop00_10.jpg,C:\Users\ASUS G 16 JVR\Desktop\deepLearning_CNN\dataset\processed\train\KEEP_RIGHT\NR6_65_crop00_10.jpg,NR6_65_crop00_10.jpg,NR6_65.jpg,train,KEEP_RIGHT,10,1250,1061,157,157
processed\train\KEEP_RIGHT\NR6_66_crop00_10.jpg,C:\Users\ASUS G 16 JVR\Desktop\deepLearning_CNN\dataset\processed\train\KEEP_RIGHT\NR6_66_crop00_10.jpg,NR6_66_crop00_10.jpg,NR6_66.jpg,train,KEEP_RIGHT,10,760,1042,219,214
processed\train\KEEP_RIGHT\NR6_67_crop00_10.jpg,C:\Users\ASUS G 16 JVR\Desktop\deepLearning_CNN\dataset\processed\train\KEEP_RIGHT\NR6_67_crop00_10.jpg,NR6_67_crop00_10.jpg,NR6_67.jpg,train,KEEP_RIGHT,10,1226,1066,149,143
processed\train\RIGHT_BEND\NR6_73_crop00_20.jpg,C:\Users\ASUS G 16 JVR\Desktop\deepLearning_CNN\dataset\processed\train\RIGHT_BEND\NR6_73_crop00_20.jpg,NR6_73_crop00_20.jpg,NR6_73.jpg,train,RIGHT_BEND,20,3139,846,164,138
processed\train\KEEP_RIGHT\NR6_74_crop00_10.jpg,C:\Users\ASUS G 16 JVR\Desktop\deepLearning_CNN\dataset\processed\train\KEEP_RIGHT\NR6_74_crop00_10.jpg,NR6_74_crop00_10.jpg,NR6_74.jpg,train,KEEP_RIGHT,10,1249,969,136,140
processed\train\U_TURN\NR6_75_crop00_25.jpg,C:\Users\ASUS G 16 JVR\Desktop\deepLearning_CNN\dataset\processed\train\U_TURN\NR6_75_crop00_25.jpg,NR6_75_crop00_25.jpg,NR6_75.jpg,train,U_TURN,25,1118,879,101,99
processed\train\KEEP_RIGHT\NR6_75_crop01_10.jpg,C:\Users\ASUS G 16 JVR\Desktop\deepLearning_CNN\dataset\processed\train\KEEP_RIGHT\NR6_75_crop01_10.jpg,NR6_75_crop01_10.jpg,NR6_75.jpg,train,KEEP_RIGHT,10,1756,1103,35,37
processed\train\KEEP_RIGHT\NR6_76_crop00_10.jpg,C:\Users\ASUS G 16 JVR\Desktop\deepLearning_CNN\dataset\processed\train\KEEP_RIGHT\NR6_76_crop00_10.jpg,NR6_76_crop00_10.jpg,NR6_76.jpg,train,KEEP_RIGHT,10,1262,1063,138,138
processed\train\U_TURN\NR6_77_crop00_25.jpg,C:\Users\ASUS G 16 JVR\Desktop\deepLearning_CNN\dataset\processed\train\U_TURN\NR6_77_crop00_25.jpg,NR6_77_crop00_25.jpg,NR6_77.jpg,train,U_TURN,25,668,644,177,182
processed\train\KEEP_RIGHT\NR6_78_crop00_10.jpg,C:\Users\ASUS G 16 JVR\Desktop\deepLearning_CNN\dataset\processed\train\KEEP_RIGHT\NR6_78_crop00_10.jpg,NR6_78_crop00_10.jpg,NR6_78.jpg,train,KEEP_RIGHT,10,1234,1074,164,166
processed\train\KEEP_RIGHT\NR6_79_crop00_10.jpg,C:\Users\ASUS G 16 JVR\Desktop\deepLearning_CNN\dataset\processed\train\KEEP_RIGHT\NR6_79_crop00_10.jpg,NR6_79_crop00_10.jpg,NR6_79.jpg,train,KEEP_RIGHT,10,1267,1069,129,125
processed\train\KEEP_RIGHT\NR6_80_crop00_10.jpg,C:\Users\ASUS G 16 JVR\Desktop\deepLearning_CNN\dataset\processed\train\KEEP_RIGHT\NR6_80_crop00_10.jpg,NR6_80_crop00_10.jpg,NR6_80.jpg,train,KEEP_RIGHT,10,1236,1063,136,136
processed\train\KEEP_RIGHT\NR6_83_crop00_10.jpg,C:\Users\ASUS G 16 JVR\Desktop\deepLearning_CNN\dataset\processed\train\KEEP_RIGHT\NR6_83_crop00_10.jpg,NR6_83_crop00_10.jpg,NR6_83.jpg,train,KEEP_RIGHT,10,1208,1057,160,167
processed\train\KEEP_RIGHT\NR6_84_crop00_10.jpg,C:\Users\ASUS G 16 JVR\Desktop\deepLearning_CNN\dataset\processed\train\KEEP_RIGHT\NR6_84_crop00_10.jpg,NR6_84_crop00_10.jpg,NR6_84.jpg,train,KEEP_RIGHT,10,1188,932,162,164
processed\train\KEEP_RIGHT\NR6_85_crop00_10.jpg,C:\Users\ASUS G 16 JVR\Desktop\deepLearning_CNN\dataset\processed\train\KEEP_RIGHT\NR6_85_crop00_10.jpg,NR6_85_crop00_10.jpg,NR6_85.jpg,train,KEEP_RIGHT,10,1210,1063,175,173
processed\train\U_TURN\NR6_86_crop00_25.jpg,C:\Users\ASUS G 16 JVR\Desktop\deepLearning_CNN\dataset\processed\train\U_TURN\NR6_86_crop00_25.jpg,NR6_86_crop00_25.jpg,NR6_86.jpg,train,U_TURN,25,1260,835,127,123
processed\train\KEEP_RIGHT\NR6_87_crop00_10.jpg,C:\Users\ASUS G 16 JVR\Desktop\deepLearning_CNN\dataset\processed\train\KEEP_RIGHT\NR6_87_crop00_10.jpg,NR6_87_crop00_10.jpg,NR6_87.jpg,train,KEEP_RIGHT,10,1267,1085,114,112
processed\train\KEEP_RIGHT\NR6_88_crop00_10.jpg,C:\Users\ASUS G 16 JVR\Desktop\deepLearning_CNN\dataset\processed\train\KEEP_RIGHT\NR6_88_crop00_10.jpg,NR6_88_crop00_10.jpg,NR6_88.jpg,train,KEEP_RIGHT,10,1157,1052,195,206
processed\train\KEEP_RIGHT\NR6_89_crop00_10.jpg,C:\Users\ASUS G 16 JVR\Desktop\deepLearning_CNN\dataset\processed\train\KEEP_RIGHT\NR6_89_crop00_10.jpg,NR6_89_crop00_10.jpg,NR6_89.jpg,train,KEEP_RIGHT,10,1232,1061,167,166
processed\train\KEEP_RIGHT\NR6_91_crop00_10.jpg,C:\Users\ASUS G 16 JVR\Desktop\deepLearning_CNN\dataset\processed\train\KEEP_RIGHT\NR6_91_crop00_10.jpg,NR6_91_crop00_10.jpg,NR6_91.jpg,train,KEEP_RIGHT,10,1214,1059,151,154
processed\train\KEEP_RIGHT\NR6_92_crop00_10.jpg,C:\Users\ASUS G 16 JVR\Desktop\deepLearning_CNN\dataset\processed\train\KEEP_RIGHT\NR6_92_crop00_10.jpg,NR6_92_crop00_10.jpg,NR6_92.jpg,train,KEEP_RIGHT,10,1234,1065,154,160
processed\train\KM_POST\NR6_92_crop01_11.jpg,C:\Users\ASUS G 16 JVR\Desktop\deepLearning_CNN\dataset\processed\train\KM_POST\NR6_92_crop01_11.jpg,NR6_92_crop01_11.jpg,NR6_92.jpg,train,KM_POST,11,3147,1113,88,105
processed\train\CHILDREN_CROSSING\NR6_93_crop00_05.jpg,C:\Users\ASUS G 16 JVR\Desktop\deepLearning_CNN\dataset\processed\train\CHILDREN_CROSSING\NR6_93_crop00_05.jpg,NR6_93_crop00_05.jpg,NR6_93.jpg,train,CHILDREN_CROSSING,5,2773,846,94,94
processed\train\ROAD_JUNCTION_ON_THE_RIGHT\NR6_93_crop01_22.jpg,C:\Users\ASUS G 16 JVR\Desktop\deepLearning_CNN\dataset\processed\train\ROAD_JUNCTION_ON_THE_RIGHT\NR6_93_crop01_22.jpg,NR6_93_crop01_22.jpg,NR6_93.jpg,train,ROAD_JUNCTION_ON_THE_RIGHT,22,2776,942,101,90
processed\train\NO_ENTRY\NR6_94_crop00_13.jpg,C:\Users\ASUS G 16 JVR\Desktop\deepLearning_CNN\dataset\processed\train\NO_ENTRY\NR6_94_crop00_13.jpg,NR6_94_crop00_13.jpg,NR6_94.jpg,train,NO_ENTRY,13,1208,929,136,136
processed\train\KEEP_RIGHT\NR6_94_crop01_10.jpg,C:\Users\ASUS G 16 JVR\Desktop\deepLearning_CNN\dataset\processed\train\KEEP_RIGHT\NR6_94_crop01_10.jpg,NR6_94_crop01_10.jpg,NR6_94.jpg,train,KEEP_RIGHT,10,1433,1065,136,138
processed\train\PRIORITY_ROAD\NR6_99_crop00_19.jpg,C:\Users\ASUS G 16 JVR\Desktop\deepLearning_CNN\dataset\processed\train\PRIORITY_ROAD\NR6_99_crop00_19.jpg,NR6_99_crop00_19.jpg,NR6_99.jpg,train,PRIORITY_ROAD,19,2803,895,101,99
processed\train\LEFT_BEND\NR6_99_crop01_12.jpg,C:\Users\ASUS G 16 JVR\Desktop\deepLearning_CNN\dataset\processed\train\LEFT_BEND\NR6_99_crop01_12.jpg,NR6_99_crop01_12.jpg,NR6_99.jpg,train,LEFT_BEND,12,2806,992,105,95
processed\train\KEEP_RIGHT\NR6_100_crop00_10.jpg,C:\Users\ASUS G 16 JVR\Desktop\deepLearning_CNN\dataset\processed\train\KEEP_RIGHT\NR6_100_crop00_10.jpg,NR6_100_crop00_10.jpg,NR6_100.jpg,train,KEEP_RIGHT,10,1260,1070,153,158
processed\train\KEEP_RIGHT\NR6_103_crop00_10.jpg,C:\Users\ASUS G 16 JVR\Desktop\deepLearning_CNN\dataset\processed\train\KEEP_RIGHT\NR6_103_crop00_10.jpg,NR6_103_crop00_10.jpg,NR6_103.jpg,train,KEEP_RIGHT,10,1245,1034,162,158
processed\train\KEEP_RIGHT\NR6_104_crop00_10.jpg,C:\Users\ASUS G 16 JVR\Desktop\deepLearning_CNN\dataset\processed\train\KEEP_RIGHT\NR6_104_crop00_10.jpg,NR6_104_crop00_10.jpg,NR6_104.jpg,train,KEEP_RIGHT,10,1233,1067,168,159
processed\train\KEEP_RIGHT\NR6_107_crop00_10.jpg,C:\Users\ASUS G 16 JVR\Desktop\deepLearning_CNN\dataset\processed\train\KEEP_RIGHT\NR6_107_crop00_10.jpg,NR6_107_crop00_10.jpg,NR6_107.jpg,train,KEEP_RIGHT,10,1262,1043,149,143
processed\train\ROAD_JUNCTION_ON_THE_LEFT\NR6_109_crop00_21.jpg,C:\Users\ASUS G 16 JVR\Desktop\deepLearning_CNN\dataset\processed\train\ROAD_JUNCTION_ON_THE_LEFT\NR6_109_crop00_21.jpg,NR6_109_crop00_21.jpg,NR6_109.jpg,train,ROAD_JUNCTION_ON_THE_LEFT,21,2444,978,110,114
processed\train\40_SPEED_LIMIT\NR6_111_crop00_01.jpg,C:\Users\ASUS G 16 JVR\Desktop\deepLearning_CNN\dataset\processed\train\40_SPEED_LIMIT\NR6_111_crop00_01.jpg,NR6_111_crop00_01.jpg,NR6_111.jpg,train,40_SPEED_LIMIT,1,2428,808,151,151
processed\train\DIRECTION\NR6_111_crop01_07.jpg,C:\Users\ASUS G 16 JVR\Desktop\deepLearning_CNN\dataset\processed\train\DIRECTION\NR6_111_crop01_07.jpg,NR6_111_crop01_07.jpg,NR6_111.jpg,train,DIRECTION,7,1949,783,127,123
processed\train\DIRECTION\NR6_112_crop00_07.jpg,C:\Users\ASUS G 16 JVR\Desktop\deepLearning_CNN\dataset\processed\train\DIRECTION\NR6_112_crop00_07.jpg,NR6_112_crop00_07.jpg,NR6_112.jpg,train,DIRECTION,7,2247,151,388,375
processed\train\ROAD_JUNCTION_ON_THE_RIGHT\NR6_115_crop00_22.jpg,C:\Users\ASUS G 16 JVR\Desktop\deepLearning_CNN\dataset\processed\train\ROAD_JUNCTION_ON_THE_RIGHT\NR6_115_crop00_22.jpg,NR6_115_crop00_22.jpg,NR6_115.jpg,train,ROAD_JUNCTION_ON_THE_RIGHT,22,2567,850,140,149
processed\train\HOSPITAL\NR6_116_crop00_09.jpg,C:\Users\ASUS G 16 JVR\Desktop\deepLearning_CNN\dataset\processed\train\HOSPITAL\NR6_116_crop00_09.jpg,NR6_116_crop00_09.jpg,NR6_116.jpg,train,HOSPITAL,9,2486,798,92,90
processed\train\NO_HORN\NR6_116_crop01_14.jpg,C:\Users\ASUS G 16 JVR\Desktop\deepLearning_CNN\dataset\processed\train\NO_HORN\NR6_116_crop01_14.jpg,NR6_116_crop01_14.jpg,NR6_116.jpg,train,NO_HORN,14,2488,890,105,107
processed\train\80_SPEED_LIMIT\NR6_117_crop00_03.jpg,C:\Users\ASUS G 16 JVR\Desktop\deepLearning_CNN\dataset\processed\train\80_SPEED_LIMIT\NR6_117_crop00_03.jpg,NR6_117_crop00_03.jpg,NR6_117.jpg,train,80_SPEED_LIMIT,3,2459,945,86,83
processed\train\CHILDREN_CROSSING\NR6_118_crop00_05.jpg,C:\Users\ASUS G 16 JVR\Desktop\deepLearning_CNN\dataset\processed\train\CHILDREN_CROSSING\NR6_118_crop00_05.jpg,NR6_118_crop00_05.jpg,NR6_118.jpg,train,CHILDREN_CROSSING,5,2457,934,92,90
processed\train\CHILDREN_CROSSING\NR6_120_crop00_05.jpg,C:\Users\ASUS G 16 JVR\Desktop\deepLearning_CNN\dataset\processed\train\CHILDREN_CROSSING\NR6_120_crop00_05.jpg,NR6_120_crop00_05.jpg,NR6_120.jpg,train,CHILDREN_CROSSING,5,2459,940,96,92
processed\train\DIRECTION\NR6_121_crop00_07.jpg,C:\Users\ASUS G 16 JVR\Desktop\deepLearning_CNN\dataset\processed\train\DIRECTION\NR6_121_crop00_07.jpg,NR6_121_crop00_07.jpg,NR6_121.jpg,train,DIRECTION,7,2360,555,235,221
processed\train\CHILDREN_CROSSING\NR6_122_crop00_05.jpg,C:\Users\ASUS G 16 JVR\Desktop\deepLearning_CNN\dataset\processed\train\CHILDREN_CROSSING\NR6_122_crop00_05.jpg,NR6_122_crop00_05.jpg,NR6_122.jpg,train,CHILDREN_CROSSING,5,2475,859,96,96
processed\train\HOSPITAL\NR6_122_crop01_09.jpg,C:\Users\ASUS G 16 JVR\Desktop\deepLearning_CNN\dataset\processed\train\HOSPITAL\NR6_122_crop01_09.jpg,NR6_122_crop01_09.jpg,NR6_122.jpg,train,HOSPITAL,9,2494,951,70,74
processed\train\ROAD_JUNCTION_ON_THE_RIGHT\NR6_123_crop00_22.jpg,C:\Users\ASUS G 16 JVR\Desktop\deepLearning_CNN\dataset\processed\train\ROAD_JUNCTION_ON_THE_RIGHT\NR6_123_crop00_22.jpg,NR6_123_crop00_22.jpg,NR6_123.jpg,train,ROAD_JUNCTION_ON_THE_RIGHT,22,2924,827,151,157
processed\train\ROAD_JUNCTION_ON_THE_RIGHT\NR6_124_crop00_22.jpg,C:\Users\ASUS G 16 JVR\Desktop\deepLearning_CNN\dataset\processed\train\ROAD_JUNCTION_ON_THE_RIGHT\NR6_124_crop00_22.jpg,NR6_124_crop00_22.jpg,NR6_124.jpg,train,ROAD_JUNCTION_ON_THE_RIGHT,22,2459,920,110,99
processed\train\HOSPITAL\NR6_128_crop00_09.jpg,C:\Users\ASUS G 16 JVR\Desktop\deepLearning_CNN\dataset\processed\train\HOSPITAL\NR6_128_crop00_09.jpg,NR6_128_crop00_09.jpg,NR6_128.jpg,train,HOSPITAL,9,2654,905,101,94
processed\train\CHILDREN_CROSSING\NR6_129_crop00_05.jpg,C:\Users\ASUS G 16 JVR\Desktop\deepLearning_CNN\dataset\processed\train\CHILDREN_CROSSING\NR6_129_crop00_05.jpg,NR6_129_crop00_05.jpg,NR6_129.jpg,train,CHILDREN_CROSSING,5,2479,899,114,114
processed\train\END_SPEED_LIMIT\NR6_130_crop00_08.jpg,C:\Users\ASUS G 16 JVR\Desktop\deepLearning_CNN\dataset\processed\train\END_SPEED_LIMIT\NR6_130_crop00_08.jpg,NR6_130_crop00_08.jpg,NR6_130.jpg,train,END_SPEED_LIMIT,8,2922,859,162,151
processed\train\NO_PARKING\NR6_132_crop00_15.jpg,C:\Users\ASUS G 16 JVR\Desktop\deepLearning_CNN\dataset\processed\train\NO_PARKING\NR6_132_crop00_15.jpg,NR6_132_crop00_15.jpg,NR6_132.jpg,train,NO_PARKING,15,2661,945,103,103
processed\train\PEDESTRAIN_CROSSING\NR6_133_crop00_17.jpg,C:\Users\ASUS G 16 JVR\Desktop\deepLearning_CNN\dataset\processed\train\PEDESTRAIN_CROSSING\NR6_133_crop00_17.jpg,NR6_133_crop00_17.jpg,NR6_133.jpg,train,PEDESTRAIN_CROSSING,17,2577,897,114,110
processed\train\CROSS_ROAD\NR6_134_crop00_06.jpg,C:\Users\ASUS G 16 JVR\Desktop\deepLearning_CNN\dataset\processed\train\CROSS_ROAD\NR6_134_crop00_06.jpg,NR6_134_crop00_06.jpg,NR6_134.jpg,train,CROSS_ROAD,6,2472,942,99,97
processed\train\CHILDREN_CROSSING\NR6_135_crop00_05.jpg,C:\Users\ASUS G 16 JVR\Desktop\deepLearning_CNN\dataset\processed\train\CHILDREN_CROSSING\NR6_135_crop00_05.jpg,NR6_135_crop00_05.jpg,NR6_135.jpg,train,CHILDREN_CROSSING,5,2461,897,109,110
processed\train\STAGGERED_JUNCTION_RL\NR6_136_crop00_24.jpg,C:\Users\ASUS G 16 JVR\Desktop\deepLearning_CNN\dataset\processed\train\STAGGERED_JUNCTION_RL\NR6_136_crop00_24.jpg,NR6_136_crop00_24.jpg,NR6_136.jpg,train,STAGGERED_JUNCTION_RL,24,2475,899,123,121
processed\train\CROSS_ROAD\NR6_145_crop00_06.jpg,C:\Users\ASUS G 16 JVR\Desktop\deepLearning_CNN\dataset\processed\train\CROSS_ROAD\NR6_145_crop00_06.jpg,NR6_145_crop00_06.jpg,NR6_145.jpg,train,CROSS_ROAD,6,2481,989,85,77
processed\train\PEDESTRAIN_CROSSING\NR6_146_crop00_17.jpg,C:\Users\ASUS G 16 JVR\Desktop\deepLearning_CNN\dataset\processed\train\PEDESTRAIN_CROSSING\NR6_146_crop00_17.jpg,NR6_146_crop00_17.jpg,NR6_146.jpg,train,PEDESTRAIN_CROSSING,17,2587,918,109,107
processed\train\CROSS_ROAD\NR6_147_crop00_06.jpg,C:\Users\ASUS G 16 JVR\Desktop\deepLearning_CNN\dataset\processed\train\CROSS_ROAD\NR6_147_crop00_06.jpg,NR6_147_crop00_06.jpg,NR6_147.jpg,train,CROSS_ROAD,6,2461,931,101,101
processed\train\NO_PARKING\NR6_151_crop00_15.jpg,C:\Users\ASUS G 16 JVR\Desktop\deepLearning_CNN\dataset\processed\train\NO_PARKING\NR6_151_crop00_15.jpg,NR6_151_crop00_15.jpg,NR6_151.jpg,train,NO_PARKING,15,2494,806,83,81
processed\train\KEEP_RIGHT\NR6_151_crop01_10.jpg,C:\Users\ASUS G 16 JVR\Desktop\deepLearning_CNN\dataset\processed\train\KEEP_RIGHT\NR6_151_crop01_10.jpg,NR6_151_crop01_10.jpg,NR6_151.jpg,train,KEEP_RIGHT,10,1710,927,29,30
processed\train\PEDESTRAIN_CR_AREA\NR6_154_crop00_18.jpg,C:\Users\ASUS G 16 JVR\Desktop\deepLearning_CNN\dataset\processed\train\PEDESTRAIN_CR_AREA\NR6_154_crop00_18.jpg,NR6_154_crop00_18.jpg,NR6_154.jpg,train,PEDESTRAIN_CR_AREA,18,2772,774,73,70
processed\train\CHILDREN_CROSSING\NR6_156_crop00_05.jpg,C:\Users\ASUS G 16 JVR\Desktop\deepLearning_CNN\dataset\processed\train\CHILDREN_CROSSING\NR6_156_crop00_05.jpg,NR6_156_crop00_05.jpg,NR6_156.jpg,train,CHILDREN_CROSSING,5,2473,812,72,70
processed\train\PEDESTRAIN_CR_AREA\NR6_157_crop00_18.jpg,C:\Users\ASUS G 16 JVR\Desktop\deepLearning_CNN\dataset\processed\train\PEDESTRAIN_CR_AREA\NR6_157_crop00_18.jpg,NR6_157_crop00_18.jpg,NR6_157.jpg,train,PEDESTRAIN_CR_AREA,18,2934,735,86,87
processed\train\PEDESTRAIN_CR_AREA\NR6_158_crop00_18.jpg,C:\Users\ASUS G 16 JVR\Desktop\deepLearning_CNN\dataset\processed\train\PEDESTRAIN_CR_AREA\NR6_158_crop00_18.jpg,NR6_158_crop00_18.jpg,NR6_158.jpg,train,PEDESTRAIN_CR_AREA,18,2870,739,86,83
processed\train\PEDESTRAIN_CROSSING\NR6_160_crop00_17.jpg,C:\Users\ASUS G 16 JVR\Desktop\deepLearning_CNN\dataset\processed\train\PEDESTRAIN_CROSSING\NR6_160_crop00_17.jpg,NR6_160_crop00_17.jpg,NR6_160.jpg,train,PEDESTRAIN_CROSSING,17,2448,716,105,101
processed\train\PEDESTRAIN_CROSSING\NR6_161_crop00_17.jpg,C:\Users\ASUS G 16 JVR\Desktop\deepLearning_CNN\dataset\processed\train\PEDESTRAIN_CROSSING\NR6_161_crop00_17.jpg,NR6_161_crop00_17.jpg,NR6_161.jpg,train,PEDESTRAIN_CROSSING,17,2251,807,63,66
processed\train\DIRECTION\NR6_162_crop00_07.jpg,C:\Users\ASUS G 16 JVR\Desktop\deepLearning_CNN\dataset\processed\train\DIRECTION\NR6_162_crop00_07.jpg,NR6_162_crop00_07.jpg,NR6_162.jpg,train,DIRECTION,7,2266,764,137,110
processed\train\DIRECTION\NR6_163_crop00_07.jpg,C:\Users\ASUS G 16 JVR\Desktop\deepLearning_CNN\dataset\processed\train\DIRECTION\NR6_163_crop00_07.jpg,NR6_163_crop00_07.jpg,NR6_163.jpg,train,DIRECTION,7,3133,334,452,352
processed\train\PEDESTRAIN_CR_AREA\NR6_163_crop02_18.jpg,C:\Users\ASUS G 16 JVR\Desktop\deepLearning_CNN\dataset\processed\train\PEDESTRAIN_CR_AREA\NR6_163_crop02_18.jpg,NR6_163_crop02_18.jpg,NR6_163.jpg,train,PEDESTRAIN_CR_AREA,18,2139,866,34,34
processed\train\PEDESTRAIN_CR_AREA\NR6_164_crop01_18.jpg,C:\Users\ASUS G 16 JVR\Desktop\deepLearning_CNN\dataset\processed\train\PEDESTRAIN_CR_AREA\NR6_164_crop01_18.jpg,NR6_164_crop01_18.jpg,NR6_164.jpg,train,PEDESTRAIN_CR_AREA,18,2273,819,47,46
processed\train\PEDESTRAIN_CR_AREA\NR6_165_crop00_18.jpg,C:\Users\ASUS G 16 JVR\Desktop\deepLearning_CNN\dataset\processed\train\PEDESTRAIN_CR_AREA\NR6_165_crop00_18.jpg,NR6_165_crop00_18.jpg,NR6_165.jpg,train,PEDESTRAIN_CR_AREA,18,2466,760,70,69
processed\train\KEEP_RIGHT\NR6_167_crop00_10.jpg,C:\Users\ASUS G 16 JVR\Desktop\deepLearning_CNN\dataset\processed\train\KEEP_RIGHT\NR6_167_crop00_10.jpg,NR6_167_crop00_10.jpg,NR6_167.jpg,train,KEEP_RIGHT,10,1302,857,77,77
processed\train\KEEP_RIGHT\NR6_168_crop00_10.jpg,C:\Users\ASUS G 16 JVR\Desktop\deepLearning_CNN\dataset\processed\train\KEEP_RIGHT\NR6_168_crop00_10.jpg,NR6_168_crop00_10.jpg,NR6_168.jpg,train,KEEP_RIGHT,10,1295,850,75,77
processed\train\KEEP_RIGHT\NR6_169_crop00_10.jpg,C:\Users\ASUS G 16 JVR\Desktop\deepLearning_CNN\dataset\processed\train\KEEP_RIGHT\NR6_169_crop00_10.jpg,NR6_169_crop00_10.jpg,NR6_169.jpg,train,KEEP_RIGHT,10,1276,839,86,88
processed\train\KEEP_RIGHT\NR6_171_crop00_10.jpg,C:\Users\ASUS G 16 JVR\Desktop\deepLearning_CNN\dataset\processed\train\KEEP_RIGHT\NR6_171_crop00_10.jpg,NR6_171_crop00_10.jpg,NR6_171.jpg,train,KEEP_RIGHT,10,1286,835,85,85
processed\train\PEDESTRAIN_CROSSING\NR6_172_crop00_17.jpg,C:\Users\ASUS G 16 JVR\Desktop\deepLearning_CNN\dataset\processed\train\PEDESTRAIN_CROSSING\NR6_172_crop00_17.jpg,NR6_172_crop00_17.jpg,NR6_172.jpg,train,PEDESTRAIN_CROSSING,17,2450,732,105,107
processed\train\PEDESTRAIN_CR_AREA\NR6_173_crop00_18.jpg,C:\Users\ASUS G 16 JVR\Desktop\deepLearning_CNN\dataset\processed\train\PEDESTRAIN_CR_AREA\NR6_173_crop00_18.jpg,NR6_173_crop00_18.jpg,NR6_173.jpg,train,PEDESTRAIN_CR_AREA,18,2466,785,74,72
processed\train\KEEP_RIGHT\NR6_174_crop01_10.jpg,C:\Users\ASUS G 16 JVR\Desktop\deepLearning_CNN\dataset\processed\train\KEEP_RIGHT\NR6_174_crop01_10.jpg,NR6_174_crop01_10.jpg,NR6_174.jpg,train,KEEP_RIGHT,10,1552,896,44,48
processed\train\KEEP_RIGHT\NR6_175_crop00_10.jpg,C:\Users\ASUS G 16 JVR\Desktop\deepLearning_CNN\dataset\processed\train\KEEP_RIGHT\NR6_175_crop00_10.jpg,NR6_175_crop00_10.jpg,NR6_175.jpg,train,KEEP_RIGHT,10,1298,840,83,81
processed\train\KEEP_RIGHT\NR6_176_crop00_10.jpg,C:\Users\ASUS G 16 JVR\Desktop\deepLearning_CNN\dataset\processed\train\KEEP_RIGHT\NR6_176_crop00_10.jpg,NR6_176_crop00_10.jpg,NR6_176.jpg,train,KEEP_RIGHT,10,1265,824,86,86
processed\train\KEEP_RIGHT\NR6_177_crop00_10.jpg,C:\Users\ASUS G 16 JVR\Desktop\deepLearning_CNN\dataset\processed\train\KEEP_RIGHT\NR6_177_crop00_10.jpg,NR6_177_crop00_10.jpg,NR6_177.jpg,train,KEEP_RIGHT,10,794,772,140,142
processed\train\NO_ENTRY\NR6_182_crop00_13.jpg,C:\Users\ASUS G 16 JVR\Desktop\deepLearning_CNN\dataset\processed\train\NO_ENTRY\NR6_182_crop00_13.jpg,NR6_182_crop00_13.jpg,NR6_182.jpg,train,NO_ENTRY,13,967,623,143,142
processed\train\KEEP_RIGHT\NR6_182_crop01_10.jpg,C:\Users\ASUS G 16 JVR\Desktop\deepLearning_CNN\dataset\processed\train\KEEP_RIGHT\NR6_182_crop01_10.jpg,NR6_182_crop01_10.jpg,NR6_182.jpg,train,KEEP_RIGHT,10,951,943,158,149
processed\train\KEEP_RIGHT\NR6_183_crop00_10.jpg,C:\Users\ASUS G 16 JVR\Desktop\deepLearning_CNN\dataset\processed\train\KEEP_RIGHT\NR6_183_crop00_10.jpg,NR6_183_crop00_10.jpg,NR6_183.jpg,train,KEEP_RIGHT,10,1271,842,79,78
processed\train\KEEP_RIGHT\NR6_184_crop00_10.jpg,C:\Users\ASUS G 16 JVR\Desktop\deepLearning_CNN\dataset\processed\train\KEEP_RIGHT\NR6_184_crop00_10.jpg,NR6_184_crop00_10.jpg,NR6_184.jpg,train,KEEP_RIGHT,10,1060,806,96,99
processed\train\PEDESTRAIN_CR_AREA\NR6_184_crop01_18.jpg,C:\Users\ASUS G 16 JVR\Desktop\deepLearning_CNN\dataset\processed\train\PEDESTRAIN_CR_AREA\NR6_184_crop01_18.jpg,NR6_184_crop01_18.jpg,NR6_184.jpg,train,PEDESTRAIN_CR_AREA,18,2351,800,62,58
processed\train\KEEP_RIGHT\NR6_185_crop00_10.jpg,C:\Users\ASUS G 16 JVR\Desktop\deepLearning_CNN\dataset\processed\train\KEEP_RIGHT\NR6_185_crop00_10.jpg,NR6_185_crop00_10.jpg,NR6_185.jpg,train,KEEP_RIGHT,10,670,742,143,149
processed\train\PEDESTRAIN_CR_AREA\NR6_185_crop01_18.jpg,C:\Users\ASUS G 16 JVR\Desktop\deepLearning_CNN\dataset\processed\train\PEDESTRAIN_CR_AREA\NR6_185_crop01_18.jpg,NR6_185_crop01_18.jpg,NR6_185.jpg,train,PEDESTRAIN_CR_AREA,18,2492,761,73,70
processed\train\KEEP_RIGHT\NR6_186_crop00_10.jpg,C:\Users\ASUS G 16 JVR\Desktop\deepLearning_CNN\dataset\processed\train\KEEP_RIGHT\NR6_186_crop00_10.jpg,NR6_186_crop00_10.jpg,NR6_186.jpg,train,KEEP_RIGHT,10,1262,847,80,79
processed\train\KEEP_RIGHT\NR6_188_crop00_10.jpg,C:\Users\ASUS G 16 JVR\Desktop\deepLearning_CNN\dataset\processed\train\KEEP_RIGHT\NR6_188_crop00_10.jpg,NR6_188_crop00_10.jpg,NR6_188.jpg,train,KEEP_RIGHT,10,1294,840,84,84
processed\train\SLOW_DOWN\NR6_189_crop00_23.jpg,C:\Users\ASUS G 16 JVR\Desktop\deepLearning_CNN\dataset\processed\train\SLOW_DOWN\NR6_189_crop00_23.jpg,NR6_189_crop00_23.jpg,NR6_189.jpg,train,SLOW_DOWN,23,2468,851,88,86
processed\train\ROAD_JUNCTION_ON_THE_LEFT\NR6_191_crop00_21.jpg,C:\Users\ASUS G 16 JVR\Desktop\deepLearning_CNN\dataset\processed\train\ROAD_JUNCTION_ON_THE_LEFT\NR6_191_crop00_21.jpg,NR6_191_crop00_21.jpg,NR6_191.jpg,train,ROAD_JUNCTION_ON_THE_LEFT,21,2461,769,140,140
processed\train\SLOW_DOWN\NR6_192_crop00_23.jpg,C:\Users\ASUS G 16 JVR\Desktop\deepLearning_CNN\dataset\processed\train\SLOW_DOWN\NR6_192_crop00_23.jpg,NR6_192_crop00_23.jpg,NR6_192.jpg,train,SLOW_DOWN,23,2439,756,120,114
processed\train\PEDESTRAIN_CROSSING\NR6_192_crop02_17.jpg,C:\Users\ASUS G 16 JVR\Desktop\deepLearning_CNN\dataset\processed\train\PEDESTRAIN_CROSSING\NR6_192_crop02_17.jpg,NR6_192_crop02_17.jpg,NR6_192.jpg,train,PEDESTRAIN_CROSSING,17,2070,883,51,46
processed\train\ROAD_JUNCTION_ON_THE_RIGHT\NR6_192_crop03_22.jpg,C:\Users\ASUS G 16 JVR\Desktop\deepLearning_CNN\dataset\processed\train\ROAD_JUNCTION_ON_THE_RIGHT\NR6_192_crop03_22.jpg,NR6_192_crop03_22.jpg,NR6_192.jpg,train,ROAD_JUNCTION_ON_THE_RIGHT,22,2031,911,25,30
processed\train\PEDESTRAIN_CR_AREA\NR6_197_crop00_18.jpg,C:\Users\ASUS G 16 JVR\Desktop\deepLearning_CNN\dataset\processed\train\PEDESTRAIN_CR_AREA\NR6_197_crop00_18.jpg,NR6_197_crop00_18.jpg,NR6_197.jpg,train,PEDESTRAIN_CR_AREA,18,2520,806,72,68
processed\train\CHILDREN_CROSSING\NR6_200_crop00_05.jpg,C:\Users\ASUS G 16 JVR\Desktop\deepLearning_CNN\dataset\processed\train\CHILDREN_CROSSING\NR6_200_crop00_05.jpg,NR6_200_crop00_05.jpg,NR6_200.jpg,train,CHILDREN_CROSSING,5,2507,835,79,79
processed\train\CARRIAGE_WAY_NARROWS\NR6_202_crop00_04.jpg,C:\Users\ASUS G 16 JVR\Desktop\deepLearning_CNN\dataset\processed\train\CARRIAGE_WAY_NARROWS\NR6_202_crop00_04.jpg,NR6_202_crop00_04.jpg,NR6_202.jpg,train,CARRIAGE_WAY_NARROWS,4,2731,783,107,105
processed\train\ROAD_JUNCTION_ON_THE_RIGHT\NR6_208_crop00_22.jpg,C:\Users\ASUS G 16 JVR\Desktop\deepLearning_CNN\dataset\processed\train\ROAD_JUNCTION_ON_THE_RIGHT\NR6_208_crop00_22.jpg,NR6_208_crop00_22.jpg,NR6_208.jpg,train,ROAD_JUNCTION_ON_THE_RIGHT,22,2464,791,121,124
processed\train\ROAD_JUNCTION_ON_THE_RIGHT\NR6_209_crop00_22.jpg,C:\Users\ASUS G 16 JVR\Desktop\deepLearning_CNN\dataset\processed\train\ROAD_JUNCTION_ON_THE_RIGHT\NR6_209_crop00_22.jpg,NR6_209_crop00_22.jpg,NR6_209.jpg,train,ROAD_JUNCTION_ON_THE_RIGHT,22,2575,767,147,154
processed\train\CHILDREN_CROSSING\NR6_211_crop00_05.jpg,C:\Users\ASUS G 16 JVR\Desktop\deepLearning_CNN\dataset\processed\train\CHILDREN_CROSSING\NR6_211_crop00_05.jpg,NR6_211_crop00_05.jpg,NR6_211.jpg,train,CHILDREN_CROSSING,5,2483,793,134,125
processed\train\PRIORITY_ROAD\NR6_212_crop00_19.jpg,C:\Users\ASUS G 16 JVR\Desktop\deepLearning_CNN\dataset\processed\train\PRIORITY_ROAD\NR6_212_crop00_19.jpg,NR6_212_crop00_19.jpg,NR6_212.jpg,train,PRIORITY_ROAD,19,2435,789,129,138
processed\train\60_SPEED_LIMIT\NR6_213_crop00_02.jpg,C:\Users\ASUS G 16 JVR\Desktop\deepLearning_CNN\dataset\processed\train\60_SPEED_LIMIT\NR6_213_crop00_02.jpg,NR6_213_crop00_02.jpg,NR6_213.jpg,train,60_SPEED_LIMIT,2,2472,791,105,103
processed\train\PRIORITY_ROAD\NR6_214_crop00_19.jpg,C:\Users\ASUS G 16 JVR\Desktop\deepLearning_CNN\dataset\processed\train\PRIORITY_ROAD\NR6_214_crop00_19.jpg,NR6_214_crop00_19.jpg,NR6_214.jpg,train,PRIORITY_ROAD,19,2586,763,160,160
processed\train\RIGHT_BEND\NR6_215_crop00_20.jpg,C:\Users\ASUS G 16 JVR\Desktop\deepLearning_CNN\dataset\processed\train\RIGHT_BEND\NR6_215_crop00_20.jpg,NR6_215_crop00_20.jpg,NR6_215.jpg,train,RIGHT_BEND,20,2461,846,118,123
processed\train\SLOW_DOWN\NR6_216_crop00_23.jpg,C:\Users\ASUS G 16 JVR\Desktop\deepLearning_CNN\dataset\processed\train\SLOW_DOWN\NR6_216_crop00_23.jpg,NR6_216_crop00_23.jpg,NR6_216.jpg,train,SLOW_DOWN,23,2538,739,110,105
processed\train\ROAD_JUNCTION_ON_THE_RIGHT\NR6_217_crop00_22.jpg,C:\Users\ASUS G 16 JVR\Desktop\deepLearning_CNN\dataset\processed\train\ROAD_JUNCTION_ON_THE_RIGHT\NR6_217_crop00_22.jpg,NR6_217_crop00_22.jpg,NR6_217.jpg,train,ROAD_JUNCTION_ON_THE_RIGHT,22,2466,756,109,112
processed\train\CROSS_ROAD\NR6_217_crop01_06.jpg,C:\Users\ASUS G 16 JVR\Desktop\deepLearning_CNN\dataset\processed\train\CROSS_ROAD\NR6_217_crop01_06.jpg,NR6_217_crop01_06.jpg,NR6_217.jpg,train,CROSS_ROAD,6,2100,888,41,43
processed\train\PEDESTRAIN_CROSSING\NR6_221_crop00_17.jpg,C:\Users\ASUS G 16 JVR\Desktop\deepLearning_CNN\dataset\processed\train\PEDESTRAIN_CROSSING\NR6_221_crop00_17.jpg,NR6_221_crop00_17.jpg,NR6_221.jpg,train,PEDESTRAIN_CROSSING,17,2448,596,134,136
processed\train\CROSS_ROAD\NR6_221_crop01_06.jpg,C:\Users\ASUS G 16 JVR\Desktop\deepLearning_CNN\dataset\processed\train\CROSS_ROAD\NR6_221_crop01_06.jpg,NR6_221_crop01_06.jpg,NR6_221.jpg,train,CROSS_ROAD,6,2442,739,142,132
processed\train\ROAD_JUNCTION_ON_THE_RIGHT\NR6_223_crop00_22.jpg,C:\Users\ASUS G 16 JVR\Desktop\deepLearning_CNN\dataset\processed\train\ROAD_JUNCTION_ON_THE_RIGHT\NR6_223_crop00_22.jpg,NR6_223_crop00_22.jpg,NR6_223.jpg,train,ROAD_JUNCTION_ON_THE_RIGHT,22,2459,732,125,127
processed\train\SLOW_DOWN\NR6_224_crop00_23.jpg,C:\Users\ASUS G 16 JVR\Desktop\deepLearning_CNN\dataset\processed\train\SLOW_DOWN\NR6_224_crop00_23.jpg,NR6_224_crop00_23.jpg,NR6_224.jpg,train,SLOW_DOWN,23,2481,769,101,103
processed\train\DIRECTION\NR6_226_crop00_07.jpg,C:\Users\ASUS G 16 JVR\Desktop\deepLearning_CNN\dataset\processed\train\DIRECTION\NR6_226_crop00_07.jpg,NR6_226_crop00_07.jpg,NR6_226.jpg,train,DIRECTION,7,2074,2,701,311
processed\train\60_SPEED_LIMIT\NR6_228_crop00_02.jpg,C:\Users\ASUS G 16 JVR\Desktop\deepLearning_CNN\dataset\processed\train\60_SPEED_LIMIT\NR6_228_crop00_02.jpg,NR6_228_crop00_02.jpg,NR6_228.jpg,train,60_SPEED_LIMIT,2,2553,747,118,116
processed\train\ROAD_JUNCTION_ON_THE_RIGHT\NR6_229_crop00_22.jpg,C:\Users\ASUS G 16 JVR\Desktop\deepLearning_CNN\dataset\processed\train\ROAD_JUNCTION_ON_THE_RIGHT\NR6_229_crop00_22.jpg,NR6_229_crop00_22.jpg,NR6_229.jpg,train,ROAD_JUNCTION_ON_THE_RIGHT,22,2450,726,145,143
processed\train\HOSPITAL\NR6_230_crop00_09.jpg,C:\Users\ASUS G 16 JVR\Desktop\deepLearning_CNN\dataset\processed\train\HOSPITAL\NR6_230_crop00_09.jpg,NR6_230_crop00_09.jpg,NR6_230.jpg,train,HOSPITAL,9,2477,697,79,75
processed\train\NO_HORN\NR6_230_crop01_14.jpg,C:\Users\ASUS G 16 JVR\Desktop\deepLearning_CNN\dataset\processed\train\NO_HORN\NR6_230_crop01_14.jpg,NR6_230_crop01_14.jpg,NR6_230.jpg,train,NO_HORN,14,2473,778,86,90
processed\train\KM_POST\NR6_240_crop00_11.jpg,C:\Users\ASUS G 16 JVR\Desktop\deepLearning_CNN\dataset\processed\train\KM_POST\NR6_240_crop00_11.jpg,NR6_240_crop00_11.jpg,NR6_240.jpg,train,KM_POST,11,2917,1056,127,157
processed\train\CHILDREN_CROSSING\NR6_245_crop00_05.jpg,C:\Users\ASUS G 16 JVR\Desktop\deepLearning_CNN\dataset\processed\train\CHILDREN_CROSSING\NR6_245_crop00_05.jpg,NR6_245_crop00_05.jpg,NR6_245.jpg,train,CHILDREN_CROSSING,5,2475,767,105,118
processed\train\ROAD_JUNCTION_ON_THE_RIGHT\NR6_247_crop00_22.jpg,C:\Users\ASUS G 16 JVR\Desktop\deepLearning_CNN\dataset\processed\train\ROAD_JUNCTION_ON_THE_RIGHT\NR6_247_crop00_22.jpg,NR6_247_crop00_22.jpg,NR6_247.jpg,train,ROAD_JUNCTION_ON_THE_RIGHT,22,2490,776,109,107
processed\train\KM_POST\NR6_249_crop00_11.jpg,C:\Users\ASUS G 16 JVR\Desktop\deepLearning_CNN\dataset\processed\train\KM_POST\NR6_249_crop00_11.jpg,NR6_249_crop00_11.jpg,NR6_249.jpg,train,KM_POST,11,3656,1120,180,283
processed\train\CROSS_ROAD\NR6_252_crop00_06.jpg,C:\Users\ASUS G 16 JVR\Desktop\deepLearning_CNN\dataset\processed\train\CROSS_ROAD\NR6_252_crop00_06.jpg,NR6_252_crop00_06.jpg,NR6_252.jpg,train,CROSS_ROAD,6,2458,785,104,106
processed\train\KM_POST\NR6_254_crop00_11.jpg,C:\Users\ASUS G 16 JVR\Desktop\deepLearning_CNN\dataset\processed\train\KM_POST\NR6_254_crop00_11.jpg,NR6_254_crop00_11.jpg,NR6_254.jpg,train,KM_POST,11,2706,1018,160,195
processed\train\CHILDREN_CROSSING\NR6_254_crop01_05.jpg,C:\Users\ASUS G 16 JVR\Desktop\deepLearning_CNN\dataset\processed\train\CHILDREN_CROSSING\NR6_254_crop01_05.jpg,NR6_254_crop01_05.jpg,NR6_254.jpg,train,CHILDREN_CROSSING,5,2448,749,121,115
processed\train\HOSPITAL\NR6_256_crop00_09.jpg,C:\Users\ASUS G 16 JVR\Desktop\deepLearning_CNN\dataset\processed\train\HOSPITAL\NR6_256_crop00_09.jpg,NR6_256_crop00_09.jpg,NR6_256.jpg,train,HOSPITAL,9,2497,666,90,92
processed\train\NO_HORN\NR6_256_crop01_14.jpg,C:\Users\ASUS G 16 JVR\Desktop\deepLearning_CNN\dataset\processed\train\NO_HORN\NR6_256_crop01_14.jpg,NR6_256_crop01_14.jpg,NR6_256.jpg,train,NO_HORN,14,2486,758,110,110
processed\train\ROAD_JUNCTION_ON_THE_RIGHT\NR6_258_crop00_22.jpg,C:\Users\ASUS G 16 JVR\Desktop\deepLearning_CNN\dataset\processed\train\ROAD_JUNCTION_ON_THE_RIGHT\NR6_258_crop00_22.jpg,NR6_258_crop00_22.jpg,NR6_258.jpg,train,ROAD_JUNCTION_ON_THE_RIGHT,22,2483,767,118,120
processed\train\CHILDREN_CROSSING\NR6_264_crop00_05.jpg,C:\Users\ASUS G 16 JVR\Desktop\deepLearning_CNN\dataset\processed\train\CHILDREN_CROSSING\NR6_264_crop00_05.jpg,NR6_264_crop00_05.jpg,NR6_264.jpg,train,CHILDREN_CROSSING,5,2474,771,110,109
processed\train\CHILDREN_CROSSING\NR6_266_crop00_05.jpg,C:\Users\ASUS G 16 JVR\Desktop\deepLearning_CNN\dataset\processed\train\CHILDREN_CROSSING\NR6_266_crop00_05.jpg,NR6_266_crop00_05.jpg,NR6_266.jpg,train,CHILDREN_CROSSING,5,2481,791,92,94
processed\train\STAGGERED_JUNCTION_RL\NR6_267_crop00_24.jpg,C:\Users\ASUS G 16 JVR\Desktop\deepLearning_CNN\dataset\processed\train\STAGGERED_JUNCTION_RL\NR6_267_crop00_24.jpg,NR6_267_crop00_24.jpg,NR6_267.jpg,train,STAGGERED_JUNCTION_RL,24,2470,835,81,75
processed\train\HOSPITAL\NR6_268_crop00_09.jpg,C:\Users\ASUS G 16 JVR\Desktop\deepLearning_CNN\dataset\processed\train\HOSPITAL\NR6_268_crop00_09.jpg,NR6_268_crop00_09.jpg,NR6_268.jpg,train,HOSPITAL,9,2657,747,66,66
processed\train\NO_HORN\NR6_268_crop01_14.jpg,C:\Users\ASUS G 16 JVR\Desktop\deepLearning_CNN\dataset\processed\train\NO_HORN\NR6_268_crop01_14.jpg,NR6_268_crop01_14.jpg,NR6_268.jpg,train,NO_HORN,14,2648,818,79,81
processed\train\ROAD_JUNCTION_ON_THE_RIGHT\NR6_270_crop00_22.jpg,C:\Users\ASUS G 16 JVR\Desktop\deepLearning_CNN\dataset\processed\train\ROAD_JUNCTION_ON_THE_RIGHT\NR6_270_crop00_22.jpg,NR6_270_crop00_22.jpg,NR6_270.jpg,train,ROAD_JUNCTION_ON_THE_RIGHT,22,2479,828,79,79
processed\train\PEDESTRAIN_CROSSING\NR6_272_crop00_17.jpg,C:\Users\ASUS G 16 JVR\Desktop\deepLearning_CNN\dataset\processed\train\PEDESTRAIN_CROSSING\NR6_272_crop00_17.jpg,NR6_272_crop00_17.jpg,NR6_272.jpg,train,PEDESTRAIN_CROSSING,17,2475,829,72,79
processed\train\CROSS_ROAD\NR6_273_crop00_06.jpg,C:\Users\ASUS G 16 JVR\Desktop\deepLearning_CNN\dataset\processed\train\CROSS_ROAD\NR6_273_crop00_06.jpg,NR6_273_crop00_06.jpg,NR6_273.jpg,train,CROSS_ROAD,6,2564,807,90,92
processed\train\CROSS_ROAD\NR6_274_crop00_06.jpg,C:\Users\ASUS G 16 JVR\Desktop\deepLearning_CNN\dataset\processed\train\CROSS_ROAD\NR6_274_crop00_06.jpg,NR6_274_crop00_06.jpg,NR6_274.jpg,train,CROSS_ROAD,6,2442,671,118,116
processed\train\LEFT_BEND\NR6_274_crop01_12.jpg,C:\Users\ASUS G 16 JVR\Desktop\deepLearning_CNN\dataset\processed\train\LEFT_BEND\NR6_274_crop01_12.jpg,NR6_274_crop01_12.jpg,NR6_274.jpg,train,LEFT_BEND,12,2444,785,118,114
processed\train\CHILDREN_CROSSING\NR6_277_crop00_05.jpg,C:\Users\ASUS G 16 JVR\Desktop\deepLearning_CNN\dataset\processed\train\CHILDREN_CROSSING\NR6_277_crop00_05.jpg,NR6_277_crop00_05.jpg,NR6_277.jpg,train,CHILDREN_CROSSING,5,2459,745,121,125
processed\train\CHILDREN_CROSSING\NR6_279_crop00_05.jpg,C:\Users\ASUS G 16 JVR\Desktop\deepLearning_CNN\dataset\processed\train\CHILDREN_CROSSING\NR6_279_crop00_05.jpg,NR6_279_crop00_05.jpg,NR6_279.jpg,train,CHILDREN_CROSSING,5,2444,675,116,114
processed\train\ROAD_JUNCTION_ON_THE_RIGHT\NR6_279_crop01_22.jpg,C:\Users\ASUS G 16 JVR\Desktop\deepLearning_CNN\dataset\processed\train\ROAD_JUNCTION_ON_THE_RIGHT\NR6_279_crop01_22.jpg,NR6_279_crop01_22.jpg,NR6_279.jpg,train,ROAD_JUNCTION_ON_THE_RIGHT,22,2444,789,118,110
processed\train\ROAD_JUNCTION_ON_THE_RIGHT\NR6_281_crop00_22.jpg,C:\Users\ASUS G 16 JVR\Desktop\deepLearning_CNN\dataset\processed\train\ROAD_JUNCTION_ON_THE_RIGHT\NR6_281_crop00_22.jpg,NR6_281_crop00_22.jpg,NR6_281.jpg,train,ROAD_JUNCTION_ON_THE_RIGHT,22,2466,800,99,101
processed\train\80_SPEED_LIMIT\NR6_282_crop00_03.jpg,C:\Users\ASUS G 16 JVR\Desktop\deepLearning_CNN\dataset\processed\train\80_SPEED_LIMIT\NR6_282_crop00_03.jpg,NR6_282_crop00_03.jpg,NR6_282.jpg,train,80_SPEED_LIMIT,3,2464,780,101,97
processed\train\HOSPITAL\NR6_283_crop00_09.jpg,C:\Users\ASUS G 16 JVR\Desktop\deepLearning_CNN\dataset\processed\train\HOSPITAL\NR6_283_crop00_09.jpg,NR6_283_crop00_09.jpg,NR6_283.jpg,train,HOSPITAL,9,2501,677,89,88
processed\train\NO_HORN\NR6_283_crop01_14.jpg,C:\Users\ASUS G 16 JVR\Desktop\deepLearning_CNN\dataset\processed\train\NO_HORN\NR6_283_crop01_14.jpg,NR6_283_crop01_14.jpg,NR6_283.jpg,train,NO_HORN,14,2490,768,102,99
processed\train\ROAD_JUNCTION_ON_THE_RIGHT\NR6_285_crop00_22.jpg,C:\Users\ASUS G 16 JVR\Desktop\deepLearning_CNN\dataset\processed\train\ROAD_JUNCTION_ON_THE_RIGHT\NR6_285_crop00_22.jpg,NR6_285_crop00_22.jpg,NR6_285.jpg,train,ROAD_JUNCTION_ON_THE_RIGHT,22,2480,766,114,114
processed\train\CHILDREN_CROSSING\NR6_298_crop00_05.jpg,C:\Users\ASUS G 16 JVR\Desktop\deepLearning_CNN\dataset\processed\train\CHILDREN_CROSSING\NR6_298_crop00_05.jpg,NR6_298_crop00_05.jpg,NR6_298.jpg,train,CHILDREN_CROSSING,5,2708,850,95,96
processed\train\CHILDREN_CROSSING\NR6_301_crop00_05.jpg,C:\Users\ASUS G 16 JVR\Desktop\deepLearning_CNN\dataset\processed\train\CHILDREN_CROSSING\NR6_301_crop00_05.jpg,NR6_301_crop00_05.jpg,NR6_301.jpg,train,CHILDREN_CROSSING,5,2463,754,127,123
processed\train\40_SPEED_LIMIT\NR6_303_crop00_01.jpg,C:\Users\ASUS G 16 JVR\Desktop\deepLearning_CNN\dataset\processed\train\40_SPEED_LIMIT\NR6_303_crop00_01.jpg,NR6_303_crop00_01.jpg,NR6_303.jpg,train,40_SPEED_LIMIT,1,2466,798,99,99
processed\train\PEDESTRAIN_CROSSING\NR6_304_crop00_17.jpg,C:\Users\ASUS G 16 JVR\Desktop\deepLearning_CNN\dataset\processed\train\PEDESTRAIN_CROSSING\NR6_304_crop00_17.jpg,NR6_304_crop00_17.jpg,NR6_304.jpg,train,PEDESTRAIN_CROSSING,17,2448,679,109,110
processed\train\CROSS_ROAD\NR6_304_crop01_06.jpg,C:\Users\ASUS G 16 JVR\Desktop\deepLearning_CNN\dataset\processed\train\CROSS_ROAD\NR6_304_crop01_06.jpg,NR6_304_crop01_06.jpg,NR6_304.jpg,train,CROSS_ROAD,6,2442,789,114,109
processed\train\ROAD_JUNCTION_ON_THE_RIGHT\NR6_308_crop00_22.jpg,C:\Users\ASUS G 16 JVR\Desktop\deepLearning_CNN\dataset\processed\train\ROAD_JUNCTION_ON_THE_RIGHT\NR6_308_crop00_22.jpg,NR6_308_crop00_22.jpg,NR6_308.jpg,train,ROAD_JUNCTION_ON_THE_RIGHT,22,2477,763,120,120
processed\train\CHILDREN_CROSSING\NR6_309_crop00_05.jpg,C:\Users\ASUS G 16 JVR\Desktop\deepLearning_CNN\dataset\processed\train\CHILDREN_CROSSING\NR6_309_crop00_05.jpg,NR6_309_crop00_05.jpg,NR6_309.jpg,train,CHILDREN_CROSSING,5,2459,763,123,123
processed\train\ROAD_JUNCTION_ON_THE_RIGHT\NR6_311_crop00_22.jpg,C:\Users\ASUS G 16 JVR\Desktop\deepLearning_CNN\dataset\processed\train\ROAD_JUNCTION_ON_THE_RIGHT\NR6_311_crop00_22.jpg,NR6_311_crop00_22.jpg,NR6_311.jpg,train,ROAD_JUNCTION_ON_THE_RIGHT,22,2453,791,107,118
processed\train\CHILDREN_CROSSING\NR6_312_crop00_05.jpg,C:\Users\ASUS G 16 JVR\Desktop\deepLearning_CNN\dataset\processed\train\CHILDREN_CROSSING\NR6_312_crop00_05.jpg,NR6_312_crop00_05.jpg,NR6_312.jpg,train,CHILDREN_CROSSING,5,2573,791,101,110
processed\train\KM_POST\NR6_312_crop01_11.jpg,C:\Users\ASUS G 16 JVR\Desktop\deepLearning_CNN\dataset\processed\train\KM_POST\NR6_312_crop01_11.jpg,NR6_312_crop01_11.jpg,NR6_312.jpg,train,KM_POST,11,2233,986,37,51
processed\train\CROSS_ROAD\NR6_315_crop00_06.jpg,C:\Users\ASUS G 16 JVR\Desktop\deepLearning_CNN\dataset\processed\train\CROSS_ROAD\NR6_315_crop00_06.jpg,NR6_315_crop00_06.jpg,NR6_315.jpg,train,CROSS_ROAD,6,2457,820,131,129
processed\train\CHILDREN_CROSSING\NR6_316_crop00_05.jpg,C:\Users\ASUS G 16 JVR\Desktop\deepLearning_CNN\dataset\processed\train\CHILDREN_CROSSING\NR6_316_crop00_05.jpg,NR6_316_crop00_05.jpg,NR6_316.jpg,train,CHILDREN_CROSSING,5,2727,673,112,120
processed\train\RIGHT_BEND\NR6_316_crop01_20.jpg,C:\Users\ASUS G 16 JVR\Desktop\deepLearning_CNN\dataset\processed\train\RIGHT_BEND\NR6_316_crop01_20.jpg,NR6_316_crop01_20.jpg,NR6_316.jpg,train,RIGHT_BEND,20,2255,875,53,55
processed\train\RIGHT_BEND\NR6_317_crop00_20.jpg,C:\Users\ASUS G 16 JVR\Desktop\deepLearning_CNN\dataset\processed\train\RIGHT_BEND\NR6_317_crop00_20.jpg,NR6_317_crop00_20.jpg,NR6_317.jpg,train,RIGHT_BEND,20,2517,821,90,92
processed\train\HOSPITAL\NR6_318_crop00_09.jpg,C:\Users\ASUS G 16 JVR\Desktop\deepLearning_CNN\dataset\processed\train\HOSPITAL\NR6_318_crop00_09.jpg,NR6_318_crop00_09.jpg,NR6_318.jpg,train,HOSPITAL,9,2497,686,92,94
processed\train\ROAD_JUNCTION_ON_THE_RIGHT\NR6_318_crop01_22.jpg,C:\Users\ASUS G 16 JVR\Desktop\deepLearning_CNN\dataset\processed\train\ROAD_JUNCTION_ON_THE_RIGHT\NR6_318_crop01_22.jpg,NR6_318_crop01_22.jpg,NR6_318.jpg,train,ROAD_JUNCTION_ON_THE_RIGHT,22,2470,780,125,114
processed\train\CHILDREN_CROSSING\NR6_321_crop00_05.jpg,C:\Users\ASUS G 16 JVR\Desktop\deepLearning_CNN\dataset\processed\train\CHILDREN_CROSSING\NR6_321_crop00_05.jpg,NR6_321_crop00_05.jpg,NR6_321.jpg,train,CHILDREN_CROSSING,5,2482,789,99,103
processed\train\LEFT_BEND\NR6_323_crop00_12.jpg,C:\Users\ASUS G 16 JVR\Desktop\deepLearning_CNN\dataset\processed\train\LEFT_BEND\NR6_323_crop00_12.jpg,NR6_323_crop00_12.jpg,NR6_323.jpg,train,LEFT_BEND,12,2714,701,156,153
processed\train\80_SPEED_LIMIT\NR6_324_crop00_03.jpg,C:\Users\ASUS G 16 JVR\Desktop\deepLearning_CNN\dataset\processed\train\80_SPEED_LIMIT\NR6_324_crop00_03.jpg,NR6_324_crop00_03.jpg,NR6_324.jpg,train,80_SPEED_LIMIT,3,3021,692,164,164
processed\train\CROSS_ROAD\NR6_326_crop00_06.jpg,C:\Users\ASUS G 16 JVR\Desktop\deepLearning_CNN\dataset\processed\train\CROSS_ROAD\NR6_326_crop00_06.jpg,NR6_326_crop00_06.jpg,NR6_326.jpg,train,CROSS_ROAD,6,2466,763,118,118
processed\train\CHILDREN_CROSSING\NR6_329_crop00_05.jpg,C:\Users\ASUS G 16 JVR\Desktop\deepLearning_CNN\dataset\processed\train\CHILDREN_CROSSING\NR6_329_crop00_05.jpg,NR6_329_crop00_05.jpg,NR6_329.jpg,train,CHILDREN_CROSSING,5,2459,771,117,120
processed\train\KM_POST\NR6_329_crop01_11.jpg,C:\Users\ASUS G 16 JVR\Desktop\deepLearning_CNN\dataset\processed\train\KM_POST\NR6_329_crop01_11.jpg,NR6_329_crop01_11.jpg,NR6_329.jpg,train,KM_POST,11,2593,1039,88,119
processed\train\SLOW_DOWN\NR6_330_crop00_23.jpg,C:\Users\ASUS G 16 JVR\Desktop\deepLearning_CNN\dataset\processed\train\SLOW_DOWN\NR6_330_crop00_23.jpg,NR6_330_crop00_23.jpg,NR6_330.jpg,train,SLOW_DOWN,23,2461,971,105,103
processed\train\DIRECTION\NR6_331_crop00_07.jpg,C:\Users\ASUS G 16 JVR\Desktop\deepLearning_CNN\dataset\processed\train\DIRECTION\NR6_331_crop00_07.jpg,NR6_331_crop00_07.jpg,NR6_331.jpg,train,DIRECTION,7,2197,62,426,412
processed\train\KEEP_RIGHT\NR6_333_crop00_10.jpg,C:\Users\ASUS G 16 JVR\Desktop\deepLearning_CNN\dataset\processed\train\KEEP_RIGHT\NR6_333_crop00_10.jpg,NR6_333_crop00_10.jpg,NR6_333.jpg,train,KEEP_RIGHT,10,1297,1028,94,94
processed\train\END_SPEED_LIMIT\NR6_334_crop00_08.jpg,C:\Users\ASUS G 16 JVR\Desktop\deepLearning_CNN\dataset\processed\train\END_SPEED_LIMIT\NR6_334_crop00_08.jpg,NR6_334_crop00_08.jpg,NR6_334.jpg,train,END_SPEED_LIMIT,8,3108,763,171,166
processed\train\CROSS_ROAD\NR6_335_crop00_06.jpg,C:\Users\ASUS G 16 JVR\Desktop\deepLearning_CNN\dataset\processed\train\CROSS_ROAD\NR6_335_crop00_06.jpg,NR6_335_crop00_06.jpg,NR6_335.jpg,train,CROSS_ROAD,6,2891,765,211,189
processed\train\NO_HORN\NR6_340_crop00_14.jpg,C:\Users\ASUS G 16 JVR\Desktop\deepLearning_CNN\dataset\processed\train\NO_HORN\NR6_340_crop00_14.jpg,NR6_340_crop00_14.jpg,NR6_340.jpg,train,NO_HORN,14,2508,819,88,90
processed\train\HOSPITAL\NR6_340_crop01_09.jpg,C:\Users\ASUS G 16 JVR\Desktop\deepLearning_CNN\dataset\processed\train\HOSPITAL\NR6_340_crop01_09.jpg,NR6_340_crop01_09.jpg,NR6_340.jpg,train,HOSPITAL,9,2513,911,76,76
processed\train\ROAD_JUNCTION_ON_THE_RIGHT\NR6_342_crop00_22.jpg,C:\Users\ASUS G 16 JVR\Desktop\deepLearning_CNN\dataset\processed\train\ROAD_JUNCTION_ON_THE_RIGHT\NR6_342_crop00_22.jpg,NR6_342_crop00_22.jpg,NR6_342.jpg,train,ROAD_JUNCTION_ON_THE_RIGHT,22,2466,845,112,114
processed\train\NO_HORN\NR6_343_crop00_14.jpg,C:\Users\ASUS G 16 JVR\Desktop\deepLearning_CNN\dataset\processed\train\NO_HORN\NR6_343_crop00_14.jpg,NR6_343_crop00_14.jpg,NR6_343.jpg,train,NO_HORN,14,2475,851,94,94
processed\train\30_SPEED_LIMIT\NR6_343_crop01_00.jpg,C:\Users\ASUS G 16 JVR\Desktop\deepLearning_CNN\dataset\processed\train\30_SPEED_LIMIT\NR6_343_crop01_00.jpg,NR6_343_crop01_00.jpg,NR6_343.jpg,train,30_SPEED_LIMIT,0,2477,940,94,94
processed\train\PEDESTRAIN_CR_AREA\NR6_345_crop00_18.jpg,C:\Users\ASUS G 16 JVR\Desktop\deepLearning_CNN\dataset\processed\train\PEDESTRAIN_CR_AREA\NR6_345_crop00_18.jpg,NR6_345_crop00_18.jpg,NR6_345.jpg,train,PEDESTRAIN_CR_AREA,18,2635,853,112,109
processed\train\CROSS_ROAD\NR6_346_crop00_06.jpg,C:\Users\ASUS G 16 JVR\Desktop\deepLearning_CNN\dataset\processed\train\CROSS_ROAD\NR6_346_crop00_06.jpg,NR6_346_crop00_06.jpg,NR6_346.jpg,train,CROSS_ROAD,6,2497,886,127,124
processed\train\END_SPEED_LIMIT\NR6_347_crop01_08.jpg,C:\Users\ASUS G 16 JVR\Desktop\deepLearning_CNN\dataset\processed\train\END_SPEED_LIMIT\NR6_347_crop01_08.jpg,NR6_347_crop01_08.jpg,NR6_347.jpg,train,END_SPEED_LIMIT,8,3340,837,213,206
processed\train\ROAD_JUNCTION_ON_THE_RIGHT\NR6_348_crop00_22.jpg,C:\Users\ASUS G 16 JVR\Desktop\deepLearning_CNN\dataset\processed\train\ROAD_JUNCTION_ON_THE_RIGHT\NR6_348_crop00_22.jpg,NR6_348_crop00_22.jpg,NR6_348.jpg,train,ROAD_JUNCTION_ON_THE_RIGHT,22,2575,877,110,132
processed\train\CHILDREN_CROSSING\NR6_349_crop00_05.jpg,C:\Users\ASUS G 16 JVR\Desktop\deepLearning_CNN\dataset\processed\train\CHILDREN_CROSSING\NR6_349_crop00_05.jpg,NR6_349_crop00_05.jpg,NR6_349.jpg,train,CHILDREN_CROSSING,5,2448,877,124,126
processed\train\HOSPITAL\NR6_351_crop00_09.jpg,C:\Users\ASUS G 16 JVR\Desktop\deepLearning_CNN\dataset\processed\train\HOSPITAL\NR6_351_crop00_09.jpg,NR6_351_crop00_09.jpg,NR6_351.jpg,train,HOSPITAL,9,2566,822,88,83
processed\train\NO_HORN\NR6_351_crop01_14.jpg,C:\Users\ASUS G 16 JVR\Desktop\deepLearning_CNN\dataset\processed\train\NO_HORN\NR6_351_crop01_14.jpg,NR6_351_crop01_14.jpg,NR6_351.jpg,train,NO_HORN,14,2562,901,105,103
processed\train\ROAD_JUNCTION_ON_THE_RIGHT\NR6_353_crop00_22.jpg,C:\Users\ASUS G 16 JVR\Desktop\deepLearning_CNN\dataset\processed\train\ROAD_JUNCTION_ON_THE_RIGHT\NR6_353_crop00_22.jpg,NR6_353_crop00_22.jpg,NR6_353.jpg,train,ROAD_JUNCTION_ON_THE_RIGHT,22,2451,914,105,105
processed\train\RIGHT_BEND\NR6_354_crop00_20.jpg,C:\Users\ASUS G 16 JVR\Desktop\deepLearning_CNN\dataset\processed\train\RIGHT_BEND\NR6_354_crop00_20.jpg,NR6_354_crop00_20.jpg,NR6_354.jpg,train,RIGHT_BEND,20,2496,931,110,114
processed\train\40_SPEED_LIMIT\NR6_356_crop00_01.jpg,C:\Users\ASUS G 16 JVR\Desktop\deepLearning_CNN\dataset\processed\train\40_SPEED_LIMIT\NR6_356_crop00_01.jpg,NR6_356_crop00_01.jpg,NR6_356.jpg,train,40_SPEED_LIMIT,1,2545,894,97,99
processed\train\CHILDREN_CROSSING\NR6_357_crop00_05.jpg,C:\Users\ASUS G 16 JVR\Desktop\deepLearning_CNN\dataset\processed\train\CHILDREN_CROSSING\NR6_357_crop00_05.jpg,NR6_357_crop00_05.jpg,NR6_357.jpg,train,CHILDREN_CROSSING,5,2459,907,114,110
processed\train\CROSS_ROAD\NR6_358_crop00_06.jpg,C:\Users\ASUS G 16 JVR\Desktop\deepLearning_CNN\dataset\processed\train\CROSS_ROAD\NR6_358_crop00_06.jpg,NR6_358_crop00_06.jpg,NR6_358.jpg,train,CROSS_ROAD,6,2628,883,123,120
processed\train\NO_HORN\NR6_362_crop00_14.jpg,C:\Users\ASUS G 16 JVR\Desktop\deepLearning_CNN\dataset\processed\train\NO_HORN\NR6_362_crop00_14.jpg,NR6_362_crop00_14.jpg,NR6_362.jpg,train,NO_HORN,14,2610,830,97,98
processed\train\HOSPITAL\NR6_362_crop01_09.jpg,C:\Users\ASUS G 16 JVR\Desktop\deepLearning_CNN\dataset\processed\train\HOSPITAL\NR6_362_crop01_09.jpg,NR6_362_crop01_09.jpg,NR6_362.jpg,train,HOSPITAL,9,2617,927,81,77
processed\train\ROAD_JUNCTION_ON_THE_RIGHT\NR6_364_crop00_22.jpg,C:\Users\ASUS G 16 JVR\Desktop\deepLearning_CNN\dataset\processed\train\ROAD_JUNCTION_ON_THE_RIGHT\NR6_364_crop00_22.jpg,NR6_364_crop00_22.jpg,NR6_364.jpg,train,ROAD_JUNCTION_ON_THE_RIGHT,22,2527,883,120,114
processed\train\KM_POST\NR6_366_crop01_11.jpg,C:\Users\ASUS G 16 JVR\Desktop\deepLearning_CNN\dataset\processed\train\KM_POST\NR6_366_crop01_11.jpg,NR6_366_crop01_11.jpg,NR6_366.jpg,train,KM_POST,11,2177,1095,30,40
processed\train\PRIORITY_ROAD\NR6_367_crop00_19.jpg,C:\Users\ASUS G 16 JVR\Desktop\deepLearning_CNN\dataset\processed\train\PRIORITY_ROAD\NR6_367_crop00_19.jpg,NR6_367_crop00_19.jpg,NR6_367.jpg,train,PRIORITY_ROAD,19,2473,919,121,117
processed\train\80_SPEED_LIMIT\NR6_368_crop00_03.jpg,C:\Users\ASUS G 16 JVR\Desktop\deepLearning_CNN\dataset\processed\train\80_SPEED_LIMIT\NR6_368_crop00_03.jpg,NR6_368_crop00_03.jpg,NR6_368.jpg,train,80_SPEED_LIMIT,3,2680,847,137,127
processed\train\CROSS_ROAD\NR6_369_crop00_06.jpg,C:\Users\ASUS G 16 JVR\Desktop\deepLearning_CNN\dataset\processed\train\CROSS_ROAD\NR6_369_crop00_06.jpg,NR6_369_crop00_06.jpg,NR6_369.jpg,train,CROSS_ROAD,6,2658,806,159,150
processed\train\ROAD_JUNCTION_ON_THE_RIGHT\NR6_370_crop00_22.jpg,C:\Users\ASUS G 16 JVR\Desktop\deepLearning_CNN\dataset\processed\train\ROAD_JUNCTION_ON_THE_RIGHT\NR6_370_crop00_22.jpg,NR6_370_crop00_22.jpg,NR6_370.jpg,train,ROAD_JUNCTION_ON_THE_RIGHT,22,3064,765,228,234
processed\train\ROAD_JUNCTION_ON_THE_RIGHT\NR6_372_crop00_22.jpg,C:\Users\ASUS G 16 JVR\Desktop\deepLearning_CNN\dataset\processed\train\ROAD_JUNCTION_ON_THE_RIGHT\NR6_372_crop00_22.jpg,NR6_372_crop00_22.jpg,NR6_372.jpg,train,ROAD_JUNCTION_ON_THE_RIGHT,22,2470,914,120,119
processed\train\PRIORITY_ROAD\NR6_373_crop00_19.jpg,C:\Users\ASUS G 16 JVR\Desktop\deepLearning_CNN\dataset\processed\train\PRIORITY_ROAD\NR6_373_crop00_19.jpg,NR6_373_crop00_19.jpg,NR6_373.jpg,train,PRIORITY_ROAD,19,2566,815,129,127
processed\train\STAGGERED_JUNCTION_RL\NR6_375_crop00_24.jpg,C:\Users\ASUS G 16 JVR\Desktop\deepLearning_CNN\dataset\processed\train\STAGGERED_JUNCTION_RL\NR6_375_crop00_24.jpg,NR6_375_crop00_24.jpg,NR6_375.jpg,train,STAGGERED_JUNCTION_RL,24,2463,914,129,127
processed\train\CHILDREN_CROSSING\NR6_376_crop00_05.jpg,C:\Users\ASUS G 16 JVR\Desktop\deepLearning_CNN\dataset\processed\train\CHILDREN_CROSSING\NR6_376_crop00_05.jpg,NR6_376_crop00_05.jpg,NR6_376.jpg,train,CHILDREN_CROSSING,5,2468,912,96,97
processed\train\CHILDREN_CROSSING\NR6_377_crop00_05.jpg,C:\Users\ASUS G 16 JVR\Desktop\deepLearning_CNN\dataset\processed\train\CHILDREN_CROSSING\NR6_377_crop00_05.jpg,NR6_377_crop00_05.jpg,NR6_377.jpg,train,CHILDREN_CROSSING,5,2523,877,116,114
processed\train\40_SPEED_LIMIT\NR6_378_crop00_01.jpg,C:\Users\ASUS G 16 JVR\Desktop\deepLearning_CNN\dataset\processed\train\40_SPEED_LIMIT\NR6_378_crop00_01.jpg,NR6_378_crop00_01.jpg,NR6_378.jpg,train,40_SPEED_LIMIT,1,2451,891,105,103
processed\train\DIRECTION\NR6_378_crop01_07.jpg,C:\Users\ASUS G 16 JVR\Desktop\deepLearning_CNN\dataset\processed\train\DIRECTION\NR6_378_crop01_07.jpg,NR6_378_crop01_07.jpg,NR6_378.jpg,train,DIRECTION,7,2008,790,117,116
processed\train\END_SPEED_LIMIT\NR6_381_crop00_08.jpg,C:\Users\ASUS G 16 JVR\Desktop\deepLearning_CNN\dataset\processed\train\END_SPEED_LIMIT\NR6_381_crop00_08.jpg,NR6_381_crop00_08.jpg,NR6_381.jpg,train,END_SPEED_LIMIT,8,3400,791,189,184
processed\train\CROSS_ROAD\NR6_382_crop00_06.jpg,C:\Users\ASUS G 16 JVR\Desktop\deepLearning_CNN\dataset\processed\train\CROSS_ROAD\NR6_382_crop00_06.jpg,NR6_382_crop00_06.jpg,NR6_382.jpg,train,CROSS_ROAD,6,2488,916,109,107
processed\train\CROSS_ROAD\NR6_384_crop00_06.jpg,C:\Users\ASUS G 16 JVR\Desktop\deepLearning_CNN\dataset\processed\train\CROSS_ROAD\NR6_384_crop00_06.jpg,NR6_384_crop00_06.jpg,NR6_384.jpg,train,CROSS_ROAD,6,2463,903,109,109
processed\train\END_SPEED_LIMIT\NR6_389_crop00_08.jpg,C:\Users\ASUS G 16 JVR\Desktop\deepLearning_CNN\dataset\processed\train\END_SPEED_LIMIT\NR6_389_crop00_08.jpg,NR6_389_crop00_08.jpg,NR6_389.jpg,train,END_SPEED_LIMIT,8,2635,859,125,120
processed\train\CHILDREN_CROSSING\NR6_391_crop00_05.jpg,C:\Users\ASUS G 16 JVR\Desktop\deepLearning_CNN\dataset\processed\train\CHILDREN_CROSSING\NR6_391_crop00_05.jpg,NR6_391_crop00_05.jpg,NR6_391.jpg,train,CHILDREN_CROSSING,5,2453,818,94,103
processed\train\ROAD_JUNCTION_ON_THE_RIGHT\NR6_392_crop00_22.jpg,C:\Users\ASUS G 16 JVR\Desktop\deepLearning_CNN\dataset\processed\train\ROAD_JUNCTION_ON_THE_RIGHT\NR6_392_crop00_22.jpg,NR6_392_crop00_22.jpg,NR6_392.jpg,train,ROAD_JUNCTION_ON_THE_RIGHT,22,2455,901,109,114
processed\train\ROAD_JUNCTION_ON_THE_RIGHT\NR6_393_crop00_22.jpg,C:\Users\ASUS G 16 JVR\Desktop\deepLearning_CNN\dataset\processed\train\ROAD_JUNCTION_ON_THE_RIGHT\NR6_393_crop00_22.jpg,NR6_393_crop00_22.jpg,NR6_393.jpg,train,ROAD_JUNCTION_ON_THE_RIGHT,22,2446,916,103,103
processed\train\DIRECTION\NR6_393_crop01_07.jpg,C:\Users\ASUS G 16 JVR\Desktop\deepLearning_CNN\dataset\processed\train\DIRECTION\NR6_393_crop01_07.jpg,NR6_393_crop01_07.jpg,NR6_393.jpg,train,DIRECTION,7,2306,907,158,123
processed\train\DIRECTION\NR6_394_crop00_07.jpg,C:\Users\ASUS G 16 JVR\Desktop\deepLearning_CNN\dataset\processed\train\DIRECTION\NR6_394_crop00_07.jpg,NR6_394_crop00_07.jpg,NR6_394.jpg,train,DIRECTION,7,3038,517,520,403
processed\train\SLOW_DOWN\NR6_395_crop00_23.jpg,C:\Users\ASUS G 16 JVR\Desktop\deepLearning_CNN\dataset\processed\train\SLOW_DOWN\NR6_395_crop00_23.jpg,NR6_395_crop00_23.jpg,NR6_395.jpg,train,SLOW_DOWN,23,2643,960,121,114
processed\train\CHILDREN_CROSSING\NR6_396_crop00_05.jpg,C:\Users\ASUS G 16 JVR\Desktop\deepLearning_CNN\dataset\processed\train\CHILDREN_CROSSING\NR6_396_crop00_05.jpg,NR6_396_crop00_05.jpg,NR6_396.jpg,train,CHILDREN_CROSSING,5,2463,908,110,108
processed\train\KM_POST\NR6_396_crop01_11.jpg,C:\Users\ASUS G 16 JVR\Desktop\deepLearning_CNN\dataset\processed\train\KM_POST\NR6_396_crop01_11.jpg,NR6_396_crop01_11.jpg,NR6_396.jpg,train,KM_POST,11,2754,1121,101,132
processed\train\CHILDREN_CROSSING\NR6_398_crop00_05.jpg,C:\Users\ASUS G 16 JVR\Desktop\deepLearning_CNN\dataset\processed\train\CHILDREN_CROSSING\NR6_398_crop00_05.jpg,NR6_398_crop00_05.jpg,NR6_398.jpg,train,CHILDREN_CROSSING,5,2457,886,114,112
processed\train\PRIORITY_ROAD\NR6_400_crop00_19.jpg,C:\Users\ASUS G 16 JVR\Desktop\deepLearning_CNN\dataset\processed\train\PRIORITY_ROAD\NR6_400_crop00_19.jpg,NR6_400_crop00_19.jpg,NR6_400.jpg,train,PRIORITY_ROAD,19,2484,833,124,114
processed\train\80_SPEED_LIMIT\NR6_401_crop00_03.jpg,C:\Users\ASUS G 16 JVR\Desktop\deepLearning_CNN\dataset\processed\train\80_SPEED_LIMIT\NR6_401_crop00_03.jpg,NR6_401_crop00_03.jpg,NR6_401.jpg,train,80_SPEED_LIMIT,3,2468,907,96,92
processed\train\NO_HORN\NR6_401_crop01_14.jpg,C:\Users\ASUS G 16 JVR\Desktop\deepLearning_CNN\dataset\processed\train\NO_HORN\NR6_401_crop01_14.jpg,NR6_401_crop01_14.jpg,NR6_401.jpg,train,NO_HORN,14,2244,957,43,44
processed\train\HOSPITAL\NR6_401_crop02_09.jpg,C:\Users\ASUS G 16 JVR\Desktop\deepLearning_CNN\dataset\processed\train\HOSPITAL\NR6_401_crop02_09.jpg,NR6_401_crop02_09.jpg,NR6_401.jpg,train,HOSPITAL,9,2248,1000,37,33
processed\train\CROSS_ROAD\NR6_403_crop00_06.jpg,C:\Users\ASUS G 16 JVR\Desktop\deepLearning_CNN\dataset\processed\train\CROSS_ROAD\NR6_403_crop00_06.jpg,NR6_403_crop00_06.jpg,NR6_403.jpg,train,CROSS_ROAD,6,2463,893,114,106
processed\train\CROSS_ROAD\NR6_404_crop00_06.jpg,C:\Users\ASUS G 16 JVR\Desktop\deepLearning_CNN\dataset\processed\train\CROSS_ROAD\NR6_404_crop00_06.jpg,NR6_404_crop00_06.jpg,NR6_404.jpg,train,CROSS_ROAD,6,2459,901,110,114
processed\train\CHILDREN_CROSSING\NR6_405_crop00_05.jpg,C:\Users\ASUS G 16 JVR\Desktop\deepLearning_CNN\dataset\processed\train\CHILDREN_CROSSING\NR6_405_crop00_05.jpg,NR6_405_crop00_05.jpg,NR6_405.jpg,train,CHILDREN_CROSSING,5,2468,947,109,110
processed\train\CHILDREN_CROSSING\NR6_407_crop00_05.jpg,C:\Users\ASUS G 16 JVR\Desktop\deepLearning_CNN\dataset\processed\train\CHILDREN_CROSSING\NR6_407_crop00_05.jpg,NR6_407_crop00_05.jpg,NR6_407.jpg,train,CHILDREN_CROSSING,5,2477,899,126,112
processed\train\DIRECTION\NR6_408_crop00_07.jpg,C:\Users\ASUS G 16 JVR\Desktop\deepLearning_CNN\dataset\processed\train\DIRECTION\NR6_408_crop00_07.jpg,NR6_408_crop00_07.jpg,NR6_408.jpg,train,DIRECTION,7,2068,717,152,149
processed\train\40_SPEED_LIMIT\NR6_408_crop01_01.jpg,C:\Users\ASUS G 16 JVR\Desktop\deepLearning_CNN\dataset\processed\train\40_SPEED_LIMIT\NR6_408_crop01_01.jpg,NR6_408_crop01_01.jpg,NR6_408.jpg,train,40_SPEED_LIMIT,1,2468,901,90,94
processed\train\LEFT_BEND\NR6_411_crop00_12.jpg,C:\Users\ASUS G 16 JVR\Desktop\deepLearning_CNN\dataset\processed\train\LEFT_BEND\NR6_411_crop00_12.jpg,NR6_411_crop00_12.jpg,NR6_411.jpg,train,LEFT_BEND,12,2470,854,138,139
processed\train\40_SPEED_LIMIT\NR6_412_crop00_01.jpg,C:\Users\ASUS G 16 JVR\Desktop\deepLearning_CNN\dataset\processed\train\40_SPEED_LIMIT\NR6_412_crop00_01.jpg,NR6_412_crop00_01.jpg,NR6_412.jpg,train,40_SPEED_LIMIT,1,2593,914,101,94
processed\train\DIRECTION\NR6_412_crop01_07.jpg,C:\Users\ASUS G 16 JVR\Desktop\deepLearning_CNN\dataset\processed\train\DIRECTION\NR6_412_crop01_07.jpg,NR6_412_crop01_07.jpg,NR6_412.jpg,train,DIRECTION,7,2255,797,123,121
processed\train\PEDESTRAIN_CROSSING\NR6_414_crop00_17.jpg,C:\Users\ASUS G 16 JVR\Desktop\deepLearning_CNN\dataset\processed\train\PEDESTRAIN_CROSSING\NR6_414_crop00_17.jpg,NR6_414_crop00_17.jpg,NR6_414.jpg,train,PEDESTRAIN_CROSSING,17,2485,910,105,103
processed\train\LEFT_BEND\NR6_416_crop00_12.jpg,C:\Users\ASUS G 16 JVR\Desktop\deepLearning_CNN\dataset\processed\train\LEFT_BEND\NR6_416_crop00_12.jpg,NR6_416_crop00_12.jpg,NR6_416.jpg,train,LEFT_BEND,12,2512,907,114,118
processed\train\HOSPITAL\NR6_418_crop00_09.jpg,C:\Users\ASUS G 16 JVR\Desktop\deepLearning_CNN\dataset\processed\train\HOSPITAL\NR6_418_crop00_09.jpg,NR6_418_crop00_09.jpg,NR6_418.jpg,train,HOSPITAL,9,2474,826,74,77
processed\train\NO_HORN\NR6_418_crop01_14.jpg,C:\Users\ASUS G 16 JVR\Desktop\deepLearning_CNN\dataset\processed\train\NO_HORN\NR6_418_crop01_14.jpg,NR6_418_crop01_14.jpg,NR6_418.jpg,train,NO_HORN,14,2466,920,94,90
processed\train\CHILDREN_CROSSING\NR6_422_crop00_05.jpg,C:\Users\ASUS G 16 JVR\Desktop\deepLearning_CNN\dataset\processed\train\CHILDREN_CROSSING\NR6_422_crop00_05.jpg,NR6_422_crop00_05.jpg,NR6_422.jpg,train,CHILDREN_CROSSING,5,2477,866,125,131
processed\train\ROAD_JUNCTION_ON_THE_RIGHT\NR6_423_crop00_22.jpg,C:\Users\ASUS G 16 JVR\Desktop\deepLearning_CNN\dataset\processed\train\ROAD_JUNCTION_ON_THE_RIGHT\NR6_423_crop00_22.jpg,NR6_423_crop00_22.jpg,NR6_423.jpg,train,ROAD_JUNCTION_ON_THE_RIGHT,22,2540,886,116,123
processed\train\ROAD_JUNCTION_ON_THE_RIGHT\NR6_425_crop00_22.jpg,C:\Users\ASUS G 16 JVR\Desktop\deepLearning_CNN\dataset\processed\train\ROAD_JUNCTION_ON_THE_RIGHT\NR6_425_crop00_22.jpg,NR6_425_crop00_22.jpg,NR6_425.jpg,train,ROAD_JUNCTION_ON_THE_RIGHT,22,2473,893,114,124
processed\train\CHILDREN_CROSSING\NR6_426_crop00_05.jpg,C:\Users\ASUS G 16 JVR\Desktop\deepLearning_CNN\dataset\processed\train\CHILDREN_CROSSING\NR6_426_crop00_05.jpg,NR6_426_crop00_05.jpg,NR6_426.jpg,train,CHILDREN_CROSSING,5,2465,897,119,120
processed\train\ROAD_JUNCTION_ON_THE_LEFT\NR6_438_crop00_21.jpg,C:\Users\ASUS G 16 JVR\Desktop\deepLearning_CNN\dataset\processed\train\ROAD_JUNCTION_ON_THE_LEFT\NR6_438_crop00_21.jpg,NR6_438_crop00_21.jpg,NR6_438.jpg,train,ROAD_JUNCTION_ON_THE_LEFT,21,2466,953,123,120
processed\train\80_SPEED_LIMIT\NR6_439_crop00_03.jpg,C:\Users\ASUS G 16 JVR\Desktop\deepLearning_CNN\dataset\processed\train\80_SPEED_LIMIT\NR6_439_crop00_03.jpg,NR6_439_crop00_03.jpg,NR6_439.jpg,train,80_SPEED_LIMIT,3,2466,924,94,92
processed\train\CHILDREN_CROSSING\NR6_440_crop00_05.jpg,C:\Users\ASUS G 16 JVR\Desktop\deepLearning_CNN\dataset\processed\train\CHILDREN_CROSSING\NR6_440_crop00_05.jpg,NR6_440_crop00_05.jpg,NR6_440.jpg,train,CHILDREN_CROSSING,5,2459,920,105,105
processed\train\PEDESTRAIN_CROSSING\NR6_441_crop00_17.jpg,C:\Users\ASUS G 16 JVR\Desktop\deepLearning_CNN\dataset\processed\train\PEDESTRAIN_CROSSING\NR6_441_crop00_17.jpg,NR6_441_crop00_17.jpg,NR6_441.jpg,train,PEDESTRAIN_CROSSING,17,2461,886,88,103
processed\train\CHILDREN_CROSSING\NR6_442_crop00_05.jpg,C:\Users\ASUS G 16 JVR\Desktop\deepLearning_CNN\dataset\processed\train\CHILDREN_CROSSING\NR6_442_crop00_05.jpg,NR6_442_crop00_05.jpg,NR6_442.jpg,train,CHILDREN_CROSSING,5,2470,975,101,103
processed\train\STAGGERED_JUNCTION_RL\NR6_447_crop00_24.jpg,C:\Users\ASUS G 16 JVR\Desktop\deepLearning_CNN\dataset\processed\train\STAGGERED_JUNCTION_RL\NR6_447_crop00_24.jpg,NR6_447_crop00_24.jpg,NR6_447.jpg,train,STAGGERED_JUNCTION_RL,24,2470,903,94,112
processed\train\CHILDREN_CROSSING\NR6_450_crop00_05.jpg,C:\Users\ASUS G 16 JVR\Desktop\deepLearning_CNN\dataset\processed\train\CHILDREN_CROSSING\NR6_450_crop00_05.jpg,NR6_450_crop00_05.jpg,NR6_450.jpg,train,CHILDREN_CROSSING,5,2479,931,96,96
processed\train\KM_POST\GX010113.MP4_snapshot_01.02.676_crop00_11.jpg,C:\Users\ASUS G 16 JVR\Desktop\deepLearning_CNN\dataset\processed\train\KM_POST\GX010113.MP4_snapshot_01.02.676_crop00_11.jpg,GX010113.MP4_snapshot_01.02.676_crop00_11.jpg,GX010113.MP4_snapshot_01.02.676.JPG,train,KM_POST,11,2778,1245,85,119
processed\train\KM_POST\GX010113.MP4_snapshot_01.59.313_crop00_11.jpg,C:\Users\ASUS G 16 JVR\Desktop\deepLearning_CNN\dataset\processed\train\KM_POST\GX010113.MP4_snapshot_01.59.313_crop00_11.jpg,GX010113.MP4_snapshot_01.59.313_crop00_11.jpg,GX010113.MP4_snapshot_01.59.313.JPG,train,KM_POST,11,2352,1230,59,83
processed\train\KM_POST\GX010113.MP4_snapshot_03.21.983_crop00_11.jpg,C:\Users\ASUS G 16 JVR\Desktop\deepLearning_CNN\dataset\processed\train\KM_POST\GX010113.MP4_snapshot_03.21.983_crop00_11.jpg,GX010113.MP4_snapshot_03.21.983_crop00_11.jpg,GX010113.MP4_snapshot_03.21.983.JPG,train,KM_POST,11,3369,1277,83,102
processed\train\KM_POST\GX010113.MP4_snapshot_04.53.518_crop00_11.jpg,C:\Users\ASUS G 16 JVR\Desktop\deepLearning_CNN\dataset\processed\train\KM_POST\GX010113.MP4_snapshot_04.53.518_crop00_11.jpg,GX010113.MP4_snapshot_04.53.518_crop00_11.jpg,GX010113.MP4_snapshot_04.53.518.JPG,train,KM_POST,11,2420,1202,41,63
processed\train\KM_POST\GX010113.MP4_snapshot_04.54.911_crop00_11.jpg,C:\Users\ASUS G 16 JVR\Desktop\deepLearning_CNN\dataset\processed\train\KM_POST\GX010113.MP4_snapshot_04.54.911_crop00_11.jpg,GX010113.MP4_snapshot_04.54.911_crop00_11.jpg,GX010113.MP4_snapshot_04.54.911.JPG,train,KM_POST,11,2861,1216,89,130
processed\train\KM_POST\GX010113.MP4_snapshot_08.15.170_crop00_11.jpg,C:\Users\ASUS G 16 JVR\Desktop\deepLearning_CNN\dataset\processed\train\KM_POST\GX010113.MP4_snapshot_08.15.170_crop00_11.jpg,GX010113.MP4_snapshot_08.15.170_crop00_11.jpg,GX010113.MP4_snapshot_08.15.170.JPG,train,KM_POST,11,2627,1238,39,55
processed\train\KM_POST\GX010113.MP4_snapshot_11.51.137_crop00_11.jpg,C:\Users\ASUS G 16 JVR\Desktop\deepLearning_CNN\dataset\processed\train\KM_POST\GX010113.MP4_snapshot_11.51.137_crop00_11.jpg,GX010113.MP4_snapshot_11.51.137_crop00_11.jpg,GX010113.MP4_snapshot_11.51.137.JPG,train,KM_POST,11,2873,1276,77,107
processed\train\KM_POST\GX010113.MP4_snapshot_12.45.707_crop00_11.jpg,C:\Users\ASUS G 16 JVR\Desktop\deepLearning_CNN\dataset\processed\train\KM_POST\GX010113.MP4_snapshot_12.45.707_crop00_11.jpg,GX010113.MP4_snapshot_12.45.707_crop00_11.jpg,GX010113.MP4_snapshot_12.45.707.JPG,train,KM_POST,11,2804,1285,111,153
processed\train\KM_POST\GX010113.MP4_snapshot_13.47.916_crop00_11.jpg,C:\Users\ASUS G 16 JVR\Desktop\deepLearning_CNN\dataset\processed\train\KM_POST\GX010113.MP4_snapshot_13.47.916_crop00_11.jpg,GX010113.MP4_snapshot_13.47.916_crop00_11.jpg,GX010113.MP4_snapshot_13.47.916.JPG,train,KM_POST,11,2814,1283,112,132
processed\train\KM_POST\GX010113.MP4_snapshot_15.00.019_crop00_11.jpg,C:\Users\ASUS G 16 JVR\Desktop\deepLearning_CNN\dataset\processed\train\KM_POST\GX010113.MP4_snapshot_15.00.019_crop00_11.jpg,GX010113.MP4_snapshot_15.00.019_crop00_11.jpg,GX010113.MP4_snapshot_15.00.019.JPG,train,KM_POST,11,2371,1224,45,63
processed\train\KM_POST\GX010113.MP4_snapshot_15.00.845_crop00_11.jpg,C:\Users\ASUS G 16 JVR\Desktop\deepLearning_CNN\dataset\processed\train\KM_POST\GX010113.MP4_snapshot_15.00.845_crop00_11.jpg,GX010113.MP4_snapshot_15.00.845_crop00_11.jpg,GX010113.MP4_snapshot_15.00.845.JPG,train,KM_POST,11,2764,1249,85,107
processed\train\KM_POST\GX010113.MP4_snapshot_16.00.480_crop00_11.jpg,C:\Users\ASUS G 16 JVR\Desktop\deepLearning_CNN\dataset\processed\train\KM_POST\GX010113.MP4_snapshot_16.00.480_crop00_11.jpg,GX010113.MP4_snapshot_16.00.480_crop00_11.jpg,GX010113.MP4_snapshot_16.00.480.JPG,train,KM_POST,11,2454,1255,63,85
processed\train\KM_POST\GX010113.MP4_snapshot_16.01.026_crop00_11.jpg,C:\Users\ASUS G 16 JVR\Desktop\deepLearning_CNN\dataset\processed\train\KM_POST\GX010113.MP4_snapshot_16.01.026_crop00_11.jpg,GX010113.MP4_snapshot_16.01.026_crop00_11.jpg,GX010113.MP4_snapshot_16.01.026.JPG,train,KM_POST,11,2875,1287,118,157
processed\train\KM_POST\GX010113.MP4_snapshot_17.36.045_crop00_11.jpg,C:\Users\ASUS G 16 JVR\Desktop\deepLearning_CNN\dataset\processed\train\KM_POST\GX010113.MP4_snapshot_17.36.045_crop00_11.jpg,GX010113.MP4_snapshot_17.36.045_crop00_11.jpg,GX010113.MP4_snapshot_17.36.045.JPG,train,KM_POST,11,2540,1251,73,100
processed\train\KM_POST\GX010113.MP4_snapshot_19.41.290_crop00_11.jpg,C:\Users\ASUS G 16 JVR\Desktop\deepLearning_CNN\dataset\processed\train\KM_POST\GX010113.MP4_snapshot_19.41.290_crop00_11.jpg,GX010113.MP4_snapshot_19.41.290_crop00_11.jpg,GX010113.MP4_snapshot_19.41.290.JPG,train,KM_POST,11,2940,1301,142,197
processed\train\KM_POST\GX010113.MP4_snapshot_20.49.875_crop00_11.jpg,C:\Users\ASUS G 16 JVR\Desktop\deepLearning_CNN\dataset\processed\train\KM_POST\GX010113.MP4_snapshot_20.49.875_crop00_11.jpg,GX010113.MP4_snapshot_20.49.875_crop00_11.jpg,GX010113.MP4_snapshot_20.49.875.JPG,train,KM_POST,11,2588,1232,47,65
processed\train\KM_POST\GX010113.MP4_snapshot_20.50.725_crop00_11.jpg,C:\Users\ASUS G 16 JVR\Desktop\deepLearning_CNN\dataset\processed\train\KM_POST\GX010113.MP4_snapshot_20.50.725_crop00_11.jpg,GX010113.MP4_snapshot_20.50.725_crop00_11.jpg,GX010113.MP4_snapshot_20.50.725.JPG,train,KM_POST,11,3048,1257,81,100
processed\train\KM_POST\GX010113.MP4_snapshot_22.02.587_crop00_11.jpg,C:\Users\ASUS G 16 JVR\Desktop\deepLearning_CNN\dataset\processed\train\KM_POST\GX010113.MP4_snapshot_22.02.587_crop00_11.jpg,GX010113.MP4_snapshot_22.02.587_crop00_11.jpg,GX010113.MP4_snapshot_22.02.587.JPG,train,KM_POST,11,3030,1263,106,142
processed\train\KM_POST\GX010113.MP4_snapshot_23.11.237_crop00_11.jpg,C:\Users\ASUS G 16 JVR\Desktop\deepLearning_CNN\dataset\processed\train\KM_POST\GX010113.MP4_snapshot_23.11.237_crop00_11.jpg,GX010113.MP4_snapshot_23.11.237_crop00_11.jpg,GX010113.MP4_snapshot_23.11.237.JPG,train,KM_POST,11,2428,1253,59,81
processed\train\KM_POST\GX010113.MP4_snapshot_23.11.826_crop00_11.jpg,C:\Users\ASUS G 16 JVR\Desktop\deepLearning_CNN\dataset\processed\train\KM_POST\GX010113.MP4_snapshot_23.11.826_crop00_11.jpg,GX010113.MP4_snapshot_23.11.826_crop00_11.jpg,GX010113.MP4_snapshot_23.11.826.JPG,train,KM_POST,11,2989,1293,128,165
processed\train\KM_POST\GX010113.MP4_snapshot_24.02.533_crop00_11.jpg,C:\Users\ASUS G 16 JVR\Desktop\deepLearning_CNN\dataset\processed\train\KM_POST\GX010113.MP4_snapshot_24.02.533_crop00_11.jpg,GX010113.MP4_snapshot_24.02.533_crop00_11.jpg,GX010113.MP4_snapshot_24.02.533.JPG,train,KM_POST,11,2448,1244,55,75
processed\train\KM_POST\GX010113.MP4_snapshot_24.03.089_crop00_11.jpg,C:\Users\ASUS G 16 JVR\Desktop\deepLearning_CNN\dataset\processed\train\KM_POST\GX010113.MP4_snapshot_24.03.089_crop00_11.jpg,GX010113.MP4_snapshot_24.03.089_crop00_11.jpg,GX010113.MP4_snapshot_24.03.089.JPG,train,KM_POST,11,2883,1271,104,138
processed\train\KM_POST\GX010113.MP4_snapshot_25.50.008_crop00_11.jpg,C:\Users\ASUS G 16 JVR\Desktop\deepLearning_CNN\dataset\processed\train\KM_POST\GX010113.MP4_snapshot_25.50.008_crop00_11.jpg,GX010113.MP4_snapshot_25.50.008_crop00_11.jpg,GX010113.MP4_snapshot_25.50.008.JPG,train,KM_POST,11,2426,1251,51,65
processed\train\KM_POST\GX010113.MP4_snapshot_25.50.576_crop00_11.jpg,C:\Users\ASUS G 16 JVR\Desktop\deepLearning_CNN\dataset\processed\train\KM_POST\GX010113.MP4_snapshot_25.50.576_crop00_11.jpg,GX010113.MP4_snapshot_25.50.576_crop00_11.jpg,GX010113.MP4_snapshot_25.50.576.JPG,train,KM_POST,11,2751,1275,79,112
processed\train\KM_POST\GX010113.MP4_snapshot_26.39.994_crop00_11.jpg,C:\Users\ASUS G 16 JVR\Desktop\deepLearning_CNN\dataset\processed\train\KM_POST\GX010113.MP4_snapshot_26.39.994_crop00_11.jpg,GX010113.MP4_snapshot_26.39.994_crop00_11.jpg,GX010113.MP4_snapshot_26.39.994.JPG,train,KM_POST,11,2519,1253,55,69
processed\train\KM_POST\GX010113.MP4_snapshot_27.34.819_crop00_11.jpg,C:\Users\ASUS G 16 JVR\Desktop\deepLearning_CNN\dataset\processed\train\KM_POST\GX010113.MP4_snapshot_27.34.819_crop00_11.jpg,GX010113.MP4_snapshot_27.34.819_crop00_11.jpg,GX010113.MP4_snapshot_27.34.819.JPG,train,KM_POST,11,2322,1244,43,57
processed\train\KM_POST\GX010113.MP4_snapshot_27.35.740_crop00_11.jpg,C:\Users\ASUS G 16 JVR\Desktop\deepLearning_CNN\dataset\processed\train\KM_POST\GX010113.MP4_snapshot_27.35.740_crop00_11.jpg,GX010113.MP4_snapshot_27.35.740_crop00_11.jpg,GX010113.MP4_snapshot_27.35.740.JPG,train,KM_POST,11,2992,1304,120,153
processed\train\KM_POST\GX010113.MP4_snapshot_28.29.098_crop00_11.jpg,C:\Users\ASUS G 16 JVR\Desktop\deepLearning_CNN\dataset\processed\train\KM_POST\GX010113.MP4_snapshot_28.29.098_crop00_11.jpg,GX010113.MP4_snapshot_28.29.098_crop00_11.jpg,GX010113.MP4_snapshot_28.29.098.JPG,train,KM_POST,11,3428,1322,104,205
processed\train\KM_POST\GX010113.MP4_snapshot_29.16.498_crop00_11.jpg,C:\Users\ASUS G 16 JVR\Desktop\deepLearning_CNN\dataset\processed\train\KM_POST\GX010113.MP4_snapshot_29.16.498_crop00_11.jpg,GX010113.MP4_snapshot_29.16.498_crop00_11.jpg,GX010113.MP4_snapshot_29.16.498.JPG,train,KM_POST,11,2501,1234,55,75
processed\train\KM_POST\GX010113.MP4_snapshot_29.17.226_crop00_11.jpg,C:\Users\ASUS G 16 JVR\Desktop\deepLearning_CNN\dataset\processed\train\KM_POST\GX010113.MP4_snapshot_29.17.226_crop00_11.jpg,GX010113.MP4_snapshot_29.17.226_crop00_11.jpg,GX010113.MP4_snapshot_29.17.226.JPG,train,KM_POST,11,3209,1273,126,163
processed\train\CHILDREN_CROSSING\GX010113.MP4_snapshot_29.17.226_crop01_05.jpg,C:\Users\ASUS G 16 JVR\Desktop\deepLearning_CNN\dataset\processed\train\CHILDREN_CROSSING\GX010113.MP4_snapshot_29.17.226_crop01_05.jpg,GX010113.MP4_snapshot_29.17.226_crop01_05.jpg,GX010113.MP4_snapshot_29.17.226.JPG,train,CHILDREN_CROSSING,5,2176,1096,48,48
processed\train\40_SPEED_LIMIT\GX010113.MP4_snapshot_29.17.226_crop02_01.jpg,C:\Users\ASUS G 16 JVR\Desktop\deepLearning_CNN\dataset\processed\train\40_SPEED_LIMIT\GX010113.MP4_snapshot_29.17.226_crop02_01.jpg,GX010113.MP4_snapshot_29.17.226_crop02_01.jpg,GX010113.MP4_snapshot_29.17.226.JPG,train,40_SPEED_LIMIT,1,2177,1140,44,40
processed\train\KM_POST\GX010113.MP4_snapshot_30.09.327_crop00_11.jpg,C:\Users\ASUS G 16 JVR\Desktop\deepLearning_CNN\dataset\processed\train\KM_POST\GX010113.MP4_snapshot_30.09.327_crop00_11.jpg,GX010113.MP4_snapshot_30.09.327_crop00_11.jpg,GX010113.MP4_snapshot_30.09.327.JPG,train,KM_POST,11,2721,1255,63,87
processed\train\KM_POST\GX010113.MP4_snapshot_30.09.877_crop00_11.jpg,C:\Users\ASUS G 16 JVR\Desktop\deepLearning_CNN\dataset\processed\train\KM_POST\GX010113.MP4_snapshot_30.09.877_crop00_11.jpg,GX010113.MP4_snapshot_30.09.877_crop00_11.jpg,GX010113.MP4_snapshot_30.09.877.JPG,train,KM_POST,11,3083,1277,92,120
processed\train\KM_POST\GX010113.MP4_snapshot_31.35.556_crop00_11.jpg,C:\Users\ASUS G 16 JVR\Desktop\deepLearning_CNN\dataset\processed\train\KM_POST\GX010113.MP4_snapshot_31.35.556_crop00_11.jpg,GX010113.MP4_snapshot_31.35.556_crop00_11.jpg,GX010113.MP4_snapshot_31.35.556.JPG,train,KM_POST,11,3072,1295,134,173
processed\train\KM_POST\GX010114.MP4_snapshot_00.37.885_crop00_11.jpg,C:\Users\ASUS G 16 JVR\Desktop\deepLearning_CNN\dataset\processed\train\KM_POST\GX010114.MP4_snapshot_00.37.885_crop00_11.jpg,GX010114.MP4_snapshot_00.37.885_crop00_11.jpg,GX010114.MP4_snapshot_00.37.885.JPG,train,KM_POST,11,2837,1110,51,55
processed\train\KM_POST\GX010114.MP4_snapshot_03.13.603_crop00_11.jpg,C:\Users\ASUS G 16 JVR\Desktop\deepLearning_CNN\dataset\processed\train\KM_POST\GX010114.MP4_snapshot_03.13.603_crop00_11.jpg,GX010114.MP4_snapshot_03.13.603_crop00_11.jpg,GX010114.MP4_snapshot_03.13.603.JPG,train,KM_POST,11,2853,1139,79,108
processed\train\KM_POST\GX010114.MP4_snapshot_03.14.339_crop00_11.jpg,C:\Users\ASUS G 16 JVR\Desktop\deepLearning_CNN\dataset\processed\train\KM_POST\GX010114.MP4_snapshot_03.14.339_crop00_11.jpg,GX010114.MP4_snapshot_03.14.339_crop00_11.jpg,GX010114.MP4_snapshot_03.14.339.JPG,train,KM_POST,11,3451,1196,130,155
processed\train\KM_POST\GX010114.MP4_snapshot_05.39.239_crop00_11.jpg,C:\Users\ASUS G 16 JVR\Desktop\deepLearning_CNN\dataset\processed\train\KM_POST\GX010114.MP4_snapshot_05.39.239_crop00_11.jpg,GX010114.MP4_snapshot_05.39.239_crop00_11.jpg,GX010114.MP4_snapshot_05.39.239.JPG,train,KM_POST,11,3005,1120,59,77
processed\train\PEDESTRAIN_CR_AREA\GX010114.MP4_snapshot_05.39.239_crop01_18.jpg,C:\Users\ASUS G 16 JVR\Desktop\deepLearning_CNN\dataset\processed\train\PEDESTRAIN_CR_AREA\GX010114.MP4_snapshot_05.39.239_crop01_18.jpg,GX010114.MP4_snapshot_05.39.239_crop01_18.jpg,GX010114.MP4_snapshot_05.39.239.JPG,train,PEDESTRAIN_CR_AREA,18,2700,1002,48,50
processed\train\KM_POST\GX010114.MP4_snapshot_05.39.622_crop00_11.jpg,C:\Users\ASUS G 16 JVR\Desktop\deepLearning_CNN\dataset\processed\train\KM_POST\GX010114.MP4_snapshot_05.39.622_crop00_11.jpg,GX010114.MP4_snapshot_05.39.622_crop00_11.jpg,GX010114.MP4_snapshot_05.39.622.JPG,train,KM_POST,11,3333,1133,79,100
processed\train\PEDESTRAIN_CR_AREA\GX010114.MP4_snapshot_05.39.622_crop01_18.jpg,C:\Users\ASUS G 16 JVR\Desktop\deepLearning_CNN\dataset\processed\train\PEDESTRAIN_CR_AREA\GX010114.MP4_snapshot_05.39.622_crop01_18.jpg,GX010114.MP4_snapshot_05.39.622_crop01_18.jpg,GX010114.MP4_snapshot_05.39.622.JPG,train,PEDESTRAIN_CR_AREA,18,2838,989,55,57
processed\train\KM_POST\GX010114.MP4_snapshot_06.29.785_crop00_11.jpg,C:\Users\ASUS G 16 JVR\Desktop\deepLearning_CNN\dataset\processed\train\KM_POST\GX010114.MP4_snapshot_06.29.785_crop00_11.jpg,GX010114.MP4_snapshot_06.29.785_crop00_11.jpg,GX010114.MP4_snapshot_06.29.785.JPG,train,KM_POST,11,2930,1116,71,89
processed\train\KM_POST\GX010114.MP4_snapshot_06.30.158_crop00_11.jpg,C:\Users\ASUS G 16 JVR\Desktop\deepLearning_CNN\dataset\processed\train\KM_POST\GX010114.MP4_snapshot_06.30.158_crop00_11.jpg,GX010114.MP4_snapshot_06.30.158_crop00_11.jpg,GX010114.MP4_snapshot_06.30.158.JPG,train,KM_POST,11,3434,1143,110,142
processed\train\KM_POST\GX010114.MP4_snapshot_07.34.844_crop00_11.jpg,C:\Users\ASUS G 16 JVR\Desktop\deepLearning_CNN\dataset\processed\train\KM_POST\GX010114.MP4_snapshot_07.34.844_crop00_11.jpg,GX010114.MP4_snapshot_07.34.844_crop00_11.jpg,GX010114.MP4_snapshot_07.34.844.JPG,train,KM_POST,11,2672,1091,46,55
processed\train\KM_POST\GX010114.MP4_snapshot_07.35.612_crop00_11.jpg,C:\Users\ASUS G 16 JVR\Desktop\deepLearning_CNN\dataset\processed\train\KM_POST\GX010114.MP4_snapshot_07.35.612_crop00_11.jpg,GX010114.MP4_snapshot_07.35.612_crop00_11.jpg,GX010114.MP4_snapshot_07.35.612.JPG,train,KM_POST,11,3182,1104,73,87
processed\train\KM_POST\GX010114.MP4_snapshot_08.30.862_crop00_11.jpg,C:\Users\ASUS G 16 JVR\Desktop\deepLearning_CNN\dataset\processed\train\KM_POST\GX010114.MP4_snapshot_08.30.862_crop00_11.jpg,GX010114.MP4_snapshot_08.30.862_crop00_11.jpg,GX010114.MP4_snapshot_08.30.862.JPG,train,KM_POST,11,2865,1098,49,63
processed\train\KM_POST\GX010114.MP4_snapshot_08.31.391_crop00_11.jpg,C:\Users\ASUS G 16 JVR\Desktop\deepLearning_CNN\dataset\processed\train\KM_POST\GX010114.MP4_snapshot_08.31.391_crop00_11.jpg,GX010114.MP4_snapshot_08.31.391_crop00_11.jpg,GX010114.MP4_snapshot_08.31.391.JPG,train,KM_POST,11,3351,1110,75,92
processed\train\KM_POST\GX010114.MP4_snapshot_10.16.400_crop00_11.jpg,C:\Users\ASUS G 16 JVR\Desktop\deepLearning_CNN\dataset\processed\train\KM_POST\GX010114.MP4_snapshot_10.16.400_crop00_11.jpg,GX010114.MP4_snapshot_10.16.400_crop00_11.jpg,GX010114.MP4_snapshot_10.16.400.JPG,train,KM_POST,11,2694,1110,61,77
processed\train\KM_POST\GX010114.MP4_snapshot_10.16.814_crop00_11.jpg,C:\Users\ASUS G 16 JVR\Desktop\deepLearning_CNN\dataset\processed\train\KM_POST\GX010114.MP4_snapshot_10.16.814_crop00_11.jpg,GX010114.MP4_snapshot_10.16.814_crop00_11.jpg,GX010114.MP4_snapshot_10.16.814.JPG,train,KM_POST,11,3011,1124,83,108
processed\train\KM_POST\GX010114.MP4_snapshot_12.16.446_crop00_11.jpg,C:\Users\ASUS G 16 JVR\Desktop\deepLearning_CNN\dataset\processed\train\KM_POST\GX010114.MP4_snapshot_12.16.446_crop00_11.jpg,GX010114.MP4_snapshot_12.16.446_crop00_11.jpg,GX010114.MP4_snapshot_12.16.446.JPG,train,KM_POST,11,2599,1112,53,67
processed\train\KM_POST\GX010114.MP4_snapshot_12.17.145_crop00_11.jpg,C:\Users\ASUS G 16 JVR\Desktop\deepLearning_CNN\dataset\processed\train\KM_POST\GX010114.MP4_snapshot_12.17.145_crop00_11.jpg,GX010114.MP4_snapshot_12.17.145_crop00_11.jpg,GX010114.MP4_snapshot_12.17.145.JPG,train,KM_POST,11,3247,1151,110,128
processed\train\KM_POST\GX010114.MP4_snapshot_16.43.188_crop00_11.jpg,C:\Users\ASUS G 16 JVR\Desktop\deepLearning_CNN\dataset\processed\train\KM_POST\GX010114.MP4_snapshot_16.43.188_crop00_11.jpg,GX010114.MP4_snapshot_16.43.188_crop00_11.jpg,GX010114.MP4_snapshot_16.43.188.JPG,train,KM_POST,11,3422,1098,116,155
processed\train\PEDESTRAIN_CR_AREA\GX010114.MP4_snapshot_16.43.188_crop01_18.jpg,C:\Users\ASUS G 16 JVR\Desktop\deepLearning_CNN\dataset\processed\train\PEDESTRAIN_CR_AREA\GX010114.MP4_snapshot_16.43.188_crop01_18.jpg,GX010114.MP4_snapshot_16.43.188_crop01_18.jpg,GX010114.MP4_snapshot_16.43.188.JPG,train,PEDESTRAIN_CR_AREA,18,2371,931,50,48
processed\train\40_SPEED_LIMIT\GX010114.MP4_snapshot_16.43.188_crop02_01.jpg,C:\Users\ASUS G 16 JVR\Desktop\deepLearning_CNN\dataset\processed\train\40_SPEED_LIMIT\GX010114.MP4_snapshot_16.43.188_crop02_01.jpg,GX010114.MP4_snapshot_16.43.188_crop02_01.jpg,GX010114.MP4_snapshot_16.43.188.JPG,train,40_SPEED_LIMIT,1,2365,975,53,48
processed\train\KM_POST\GX010114.MP4_snapshot_17.38.343_crop00_11.jpg,C:\Users\ASUS G 16 JVR\Desktop\deepLearning_CNN\dataset\processed\train\KM_POST\GX010114.MP4_snapshot_17.38.343_crop00_11.jpg,GX010114.MP4_snapshot_17.38.343_crop00_11.jpg,GX010114.MP4_snapshot_17.38.343.JPG,train,KM_POST,11,2942,1129,69,89
processed\train\KM_POST\GX010114.MP4_snapshot_17.38.967_crop00_11.jpg,C:\Users\ASUS G 16 JVR\Desktop\deepLearning_CNN\dataset\processed\train\KM_POST\GX010114.MP4_snapshot_17.38.967_crop00_11.jpg,GX010114.MP4_snapshot_17.38.967_crop00_11.jpg,GX010114.MP4_snapshot_17.38.967.JPG,train,KM_POST,11,3390,1157,105,121
processed\train\KM_POST\GX010114.MP4_snapshot_19.16.969_crop00_11.jpg,C:\Users\ASUS G 16 JVR\Desktop\deepLearning_CNN\dataset\processed\train\KM_POST\GX010114.MP4_snapshot_19.16.969_crop00_11.jpg,GX010114.MP4_snapshot_19.16.969_crop00_11.jpg,GX010114.MP4_snapshot_19.16.969.JPG,train,KM_POST,11,2672,1108,43,53
processed\train\KM_POST\GX010114.MP4_snapshot_19.17.706_crop00_11.jpg,C:\Users\ASUS G 16 JVR\Desktop\deepLearning_CNN\dataset\processed\train\KM_POST\GX010114.MP4_snapshot_19.17.706_crop00_11.jpg,GX010114.MP4_snapshot_19.17.706_crop00_11.jpg,GX010114.MP4_snapshot_19.17.706.JPG,train,KM_POST,11,3360,1142,88,105
processed\train\KM_POST\GX010114.MP4_snapshot_20.12.217_crop00_11.jpg,C:\Users\ASUS G 16 JVR\Desktop\deepLearning_CNN\dataset\processed\train\KM_POST\GX010114.MP4_snapshot_20.12.217_crop00_11.jpg,GX010114.MP4_snapshot_20.12.217_crop00_11.jpg,GX010114.MP4_snapshot_20.12.217.JPG,train,KM_POST,11,2625,1126,37,55
processed\train\KM_POST\GX010114.MP4_snapshot_21.05.088_crop00_11.jpg,C:\Users\ASUS G 16 JVR\Desktop\deepLearning_CNN\dataset\processed\train\KM_POST\GX010114.MP4_snapshot_21.05.088_crop00_11.jpg,GX010114.MP4_snapshot_21.05.088_crop00_11.jpg,GX010114.MP4_snapshot_21.05.088.JPG,train,KM_POST,11,2548,1116,39,53
processed\train\KM_POST\GX010114.MP4_snapshot_21.06.173_crop00_11.jpg,C:\Users\ASUS G 16 JVR\Desktop\deepLearning_CNN\dataset\processed\train\KM_POST\GX010114.MP4_snapshot_21.06.173_crop00_11.jpg,GX010114.MP4_snapshot_21.06.173_crop00_11.jpg,GX010114.MP4_snapshot_21.06.173.JPG,train,KM_POST,11,3412,1183,98,122
processed\train\KM_POST\GX010114.MP4_snapshot_22.58.018_crop00_11.jpg,C:\Users\ASUS G 16 JVR\Desktop\deepLearning_CNN\dataset\processed\train\KM_POST\GX010114.MP4_snapshot_22.58.018_crop00_11.jpg,GX010114.MP4_snapshot_22.58.018_crop00_11.jpg,GX010114.MP4_snapshot_22.58.018.JPG,train,KM_POST,11,3312,1124,83,96
processed\train\KM_POST\GX010114.MP4_snapshot_24.14.783_crop00_11.jpg,C:\Users\ASUS G 16 JVR\Desktop\deepLearning_CNN\dataset\processed\train\KM_POST\GX010114.MP4_snapshot_24.14.783_crop00_11.jpg,GX010114.MP4_snapshot_24.14.783_crop00_11.jpg,GX010114.MP4_snapshot_24.14.783.JPG,train,KM_POST,11,3235,1120,69,120
processed\train\KM_POST\GX010114.MP4_snapshot_25.04.787_crop00_11.jpg,C:\Users\ASUS G 16 JVR\Desktop\deepLearning_CNN\dataset\processed\train\KM_POST\GX010114.MP4_snapshot_25.04.787_crop00_11.jpg,GX010114.MP4_snapshot_25.04.787_crop00_11.jpg,GX010114.MP4_snapshot_25.04.787.JPG,train,KM_POST,11,2489,1108,39,51
processed\train\KM_POST\GX010114.MP4_snapshot_25.05.876_crop00_11.jpg,C:\Users\ASUS G 16 JVR\Desktop\deepLearning_CNN\dataset\processed\train\KM_POST\GX010114.MP4_snapshot_25.05.876_crop00_11.jpg,GX010114.MP4_snapshot_25.05.876_crop00_11.jpg,GX010114.MP4_snapshot_25.05.876.JPG,train,KM_POST,11,3192,1153,81,108
processed\train\KM_POST\GX010114.MP4_snapshot_25.59.160_crop00_11.jpg,C:\Users\ASUS G 16 JVR\Desktop\deepLearning_CNN\dataset\processed\train\KM_POST\GX010114.MP4_snapshot_25.59.160_crop00_11.jpg,GX010114.MP4_snapshot_25.59.160_crop00_11.jpg,GX010114.MP4_snapshot_25.59.160.JPG,train,KM_POST,11,2478,1093,35,49
processed\train\KM_POST\GX010114.MP4_snapshot_26.52.594_crop00_11.jpg,C:\Users\ASUS G 16 JVR\Desktop\deepLearning_CNN\dataset\processed\train\KM_POST\GX010114.MP4_snapshot_26.52.594_crop00_11.jpg,GX010114.MP4_snapshot_26.52.594_crop00_11.jpg,GX010114.MP4_snapshot_26.52.594.JPG,train,KM_POST,11,2755,1131,37,45
processed\train\KM_POST\GX010114.MP4_snapshot_26.53.611_crop00_11.jpg,C:\Users\ASUS G 16 JVR\Desktop\deepLearning_CNN\dataset\processed\train\KM_POST\GX010114.MP4_snapshot_26.53.611_crop00_11.jpg,GX010114.MP4_snapshot_26.53.611_crop00_11.jpg,GX010114.MP4_snapshot_26.53.611.JPG,train,KM_POST,11,3569,1190,75,96
processed\train\KM_POST\GX010114.MP4_snapshot_29.03.752_crop00_11.jpg,C:\Users\ASUS G 16 JVR\Desktop\deepLearning_CNN\dataset\processed\train\KM_POST\GX010114.MP4_snapshot_29.03.752_crop00_11.jpg,GX010114.MP4_snapshot_29.03.752_crop00_11.jpg,GX010114.MP4_snapshot_29.03.752.JPG,train,KM_POST,11,2824,1104,67,94
processed\train\KM_POST\GX010114.MP4_snapshot_30.01.993_crop00_11.jpg,C:\Users\ASUS G 16 JVR\Desktop\deepLearning_CNN\dataset\processed\train\KM_POST\GX010114.MP4_snapshot_30.01.993_crop00_11.jpg,GX010114.MP4_snapshot_30.01.993_crop00_11.jpg,GX010114.MP4_snapshot_30.01.993.JPG,train,KM_POST,11,2462,1116,47,67
processed\train\KM_POST\GX010114.MP4_snapshot_32.08.922_crop00_11.jpg,C:\Users\ASUS G 16 JVR\Desktop\deepLearning_CNN\dataset\processed\train\KM_POST\GX010114.MP4_snapshot_32.08.922_crop00_11.jpg,GX010114.MP4_snapshot_32.08.922_crop00_11.jpg,GX010114.MP4_snapshot_32.08.922.JPG,train,KM_POST,11,3201,1100,71,92
processed\train\KM_POST\GX010115.MP4_snapshot_02.41.802_crop00_11.jpg,C:\Users\ASUS G 16 JVR\Desktop\deepLearning_CNN\dataset\processed\train\KM_POST\GX010115.MP4_snapshot_02.41.802_crop00_11.jpg,GX010115.MP4_snapshot_02.41.802_crop00_11.jpg,GX010115.MP4_snapshot_02.41.802.JPG,train,KM_POST,11,3491,1126,193,238
processed\train\KM_POST\GX010115.MP4_snapshot_04.43.355_crop00_11.jpg,C:\Users\ASUS G 16 JVR\Desktop\deepLearning_CNN\dataset\processed\train\KM_POST\GX010115.MP4_snapshot_04.43.355_crop00_11.jpg,GX010115.MP4_snapshot_04.43.355_crop00_11.jpg,GX010115.MP4_snapshot_04.43.355.JPG,train,KM_POST,11,3337,1092,114,140
processed\train\KM_POST\GX010115.MP4_snapshot_05.38.116_crop00_11.jpg,C:\Users\ASUS G 16 JVR\Desktop\deepLearning_CNN\dataset\processed\train\KM_POST\GX010115.MP4_snapshot_05.38.116_crop00_11.jpg,GX010115.MP4_snapshot_05.38.116_crop00_11.jpg,GX010115.MP4_snapshot_05.38.116.JPG,train,KM_POST,11,3142,1106,142,177
processed\train\KM_POST\GX010115.MP4_snapshot_07.27.532_crop00_11.jpg,C:\Users\ASUS G 16 JVR\Desktop\deepLearning_CNN\dataset\processed\train\KM_POST\GX010115.MP4_snapshot_07.27.532_crop00_11.jpg,GX010115.MP4_snapshot_07.27.532_crop00_11.jpg,GX010115.MP4_snapshot_07.27.532.JPG,train,KM_POST,11,3040,1090,92,179
processed\train\KM_POST\GX010116.MP4_snapshot_00.20.980_crop00_11.jpg,C:\Users\ASUS G 16 JVR\Desktop\deepLearning_CNN\dataset\processed\train\KM_POST\GX010116.MP4_snapshot_00.20.980_crop00_11.jpg,GX010116.MP4_snapshot_00.20.980_crop00_11.jpg,GX010116.MP4_snapshot_00.20.980.JPG,train,KM_POST,11,3398,1098,104,138
processed\train\KM_POST\GX010116.MP4_snapshot_01.30.703_crop00_11.jpg,C:\Users\ASUS G 16 JVR\Desktop\deepLearning_CNN\dataset\processed\train\KM_POST\GX010116.MP4_snapshot_01.30.703_crop00_11.jpg,GX010116.MP4_snapshot_01.30.703_crop00_11.jpg,GX010116.MP4_snapshot_01.30.703.JPG,train,KM_POST,11,3225,1086,112,138
processed\train\ROAD_JUNCTION_ON_THE_RIGHT\GX010116.MP4_snapshot_01.30.703_crop01_22.jpg,C:\Users\ASUS G 16 JVR\Desktop\deepLearning_CNN\dataset\processed\train\ROAD_JUNCTION_ON_THE_RIGHT\GX010116.MP4_snapshot_01.30.703_crop01_22.jpg,GX010116.MP4_snapshot_01.30.703_crop01_22.jpg,GX010116.MP4_snapshot_01.30.703.JPG,train,ROAD_JUNCTION_ON_THE_RIGHT,22,2297,931,53,55
processed\train\KM_POST\GX010116.MP4_snapshot_02.40.779_crop00_11.jpg,C:\Users\ASUS G 16 JVR\Desktop\deepLearning_CNN\dataset\processed\train\KM_POST\GX010116.MP4_snapshot_02.40.779_crop00_11.jpg,GX010116.MP4_snapshot_02.40.779_crop00_11.jpg,GX010116.MP4_snapshot_02.40.779.JPG,train,KM_POST,11,2961,1053,73,94
processed\train\KM_POST\GX010116.MP4_snapshot_04.46.809_crop00_11.jpg,C:\Users\ASUS G 16 JVR\Desktop\deepLearning_CNN\dataset\processed\train\KM_POST\GX010116.MP4_snapshot_04.46.809_crop00_11.jpg,GX010116.MP4_snapshot_04.46.809_crop00_11.jpg,GX010116.MP4_snapshot_04.46.809.JPG,train,KM_POST,11,3503,1137,148,169
processed\train\KM_POST\GX010116.MP4_snapshot_09.09.239_crop00_11.jpg,C:\Users\ASUS G 16 JVR\Desktop\deepLearning_CNN\dataset\processed\train\KM_POST\GX010116.MP4_snapshot_09.09.239_crop00_11.jpg,GX010116.MP4_snapshot_09.09.239_crop00_11.jpg,GX010116.MP4_snapshot_09.09.239.JPG,train,KM_POST,11,3668,1104,130,155
processed\train\KM_POST\GX010116.MP4_snapshot_10.09.339_crop00_11.jpg,C:\Users\ASUS G 16 JVR\Desktop\deepLearning_CNN\dataset\processed\train\KM_POST\GX010116.MP4_snapshot_10.09.339_crop00_11.jpg,GX010116.MP4_snapshot_10.09.339_crop00_11.jpg,GX010116.MP4_snapshot_10.09.339.JPG,train,KM_POST,11,3284,1084,96,120
processed\train\KM_POST\GX010116.MP4_snapshot_13.30.129_crop00_11.jpg,C:\Users\ASUS G 16 JVR\Desktop\deepLearning_CNN\dataset\processed\train\KM_POST\GX010116.MP4_snapshot_13.30.129_crop00_11.jpg,GX010116.MP4_snapshot_13.30.129_crop00_11.jpg,GX010116.MP4_snapshot_13.30.129.JPG,train,KM_POST,11,3011,1090,112,140
processed\train\KM_POST\GX010116.MP4_snapshot_16.13.231_crop00_11.jpg,C:\Users\ASUS G 16 JVR\Desktop\deepLearning_CNN\dataset\processed\train\KM_POST\GX010116.MP4_snapshot_16.13.231_crop00_11.jpg,GX010116.MP4_snapshot_16.13.231_crop00_11.jpg,GX010116.MP4_snapshot_16.13.231.JPG,train,KM_POST,11,3375,1082,108,134
processed\train\KM_POST\GX010116.MP4_snapshot_16.57.881_crop00_11.jpg,C:\Users\ASUS G 16 JVR\Desktop\deepLearning_CNN\dataset\processed\train\KM_POST\GX010116.MP4_snapshot_16.57.881_crop00_11.jpg,GX010116.MP4_snapshot_16.57.881_crop00_11.jpg,GX010116.MP4_snapshot_16.57.881.JPG,train,KM_POST,11,3487,1100,118,148
processed\train\KM_POST\GX010116.MP4_snapshot_18.50.820_crop00_11.jpg,C:\Users\ASUS G 16 JVR\Desktop\deepLearning_CNN\dataset\processed\train\KM_POST\GX010116.MP4_snapshot_18.50.820_crop00_11.jpg,GX010116.MP4_snapshot_18.50.820_crop00_11.jpg,GX010116.MP4_snapshot_18.50.820.JPG,train,KM_POST,11,2936,1080,100,128
processed\train\NO_UTURN\GX010116.MP4_snapshot_18.50.820_crop01_16.jpg,C:\Users\ASUS G 16 JVR\Desktop\deepLearning_CNN\dataset\processed\train\NO_UTURN\GX010116.MP4_snapshot_18.50.820_crop01_16.jpg,GX010116.MP4_snapshot_18.50.820_crop01_16.jpg,GX010116.MP4_snapshot_18.50.820.JPG,train,NO_UTURN,16,1580,796,64,68
processed\train\KM_POST\GX010116.MP4_snapshot_19.47.822_crop00_11.jpg,C:\Users\ASUS G 16 JVR\Desktop\deepLearning_CNN\dataset\processed\train\KM_POST\GX010116.MP4_snapshot_19.47.822_crop00_11.jpg,GX010116.MP4_snapshot_19.47.822_crop00_11.jpg,GX010116.MP4_snapshot_19.47.822.JPG,train,KM_POST,11,3255,1098,94,157
processed\train\KM_POST\GX010116.MP4_snapshot_21.44.774_crop00_11.jpg,C:\Users\ASUS G 16 JVR\Desktop\deepLearning_CNN\dataset\processed\train\KM_POST\GX010116.MP4_snapshot_21.44.774_crop00_11.jpg,GX010116.MP4_snapshot_21.44.774_crop00_11.jpg,GX010116.MP4_snapshot_21.44.774.JPG,train,KM_POST,11,3302,1082,100,124
processed\train\KM_POST\GX010116.MP4_snapshot_24.36.280_crop00_11.jpg,C:\Users\ASUS G 16 JVR\Desktop\deepLearning_CNN\dataset\processed\train\KM_POST\GX010116.MP4_snapshot_24.36.280_crop00_11.jpg,GX010116.MP4_snapshot_24.36.280_crop00_11.jpg,GX010116.MP4_snapshot_24.36.280.JPG,train,KM_POST,11,3229,1100,155,189
processed\train\NO_UTURN\GX010116.MP4_snapshot_24.36.280_crop01_16.jpg,C:\Users\ASUS G 16 JVR\Desktop\deepLearning_CNN\dataset\processed\train\NO_UTURN\GX010116.MP4_snapshot_24.36.280_crop01_16.jpg,GX010116.MP4_snapshot_24.36.280_crop01_16.jpg,GX010116.MP4_snapshot_24.36.280.JPG,train,NO_UTURN,16,1184,612,121,121
processed\train\KM_POST\GX010117.MP4_snapshot_00.22.972_crop00_11.jpg,C:\Users\ASUS G 16 JVR\Desktop\deepLearning_CNN\dataset\processed\train\KM_POST\GX010117.MP4_snapshot_00.22.972_crop00_11.jpg,GX010117.MP4_snapshot_00.22.972_crop00_11.jpg,GX010117.MP4_snapshot_00.22.972.JPG,train,KM_POST,11,2802,1074,92,112
processed\train\KM_POST\GX010117.MP4_snapshot_00.23.302_crop00_11.jpg,C:\Users\ASUS G 16 JVR\Desktop\deepLearning_CNN\dataset\processed\train\KM_POST\GX010117.MP4_snapshot_00.23.302_crop00_11.jpg,GX010117.MP4_snapshot_00.23.302_crop00_11.jpg,GX010117.MP4_snapshot_00.23.302.JPG,train,KM_POST,11,3217,1112,140,179
processed\train\KM_POST\GX010117.MP4_snapshot_01.19.706_crop00_11.jpg,C:\Users\ASUS G 16 JVR\Desktop\deepLearning_CNN\dataset\processed\train\KM_POST\GX010117.MP4_snapshot_01.19.706_crop00_11.jpg,GX010117.MP4_snapshot_01.19.706_crop00_11.jpg,GX010117.MP4_snapshot_01.19.706.JPG,train,KM_POST,11,3373,1074,153,188
processed\train\KM_POST\GX010117.MP4_snapshot_03.46.148_crop00_11.jpg,C:\Users\ASUS G 16 JVR\Desktop\deepLearning_CNN\dataset\processed\train\KM_POST\GX010117.MP4_snapshot_03.46.148_crop00_11.jpg,GX010117.MP4_snapshot_03.46.148_crop00_11.jpg,GX010117.MP4_snapshot_03.46.148.JPG,train,KM_POST,11,1055,1086,83,108
processed\train\KM_POST\GX010117.MP4_snapshot_03.46.412_crop00_11.jpg,C:\Users\ASUS G 16 JVR\Desktop\deepLearning_CNN\dataset\processed\train\KM_POST\GX010117.MP4_snapshot_03.46.412_crop00_11.jpg,GX010117.MP4_snapshot_03.46.412_crop00_11.jpg,GX010117.MP4_snapshot_03.46.412.JPG,train,KM_POST,11,577,1139,124,163
processed\train\KM_POST\GX010117.MP4_snapshot_04.32.726_crop00_11.jpg,C:\Users\ASUS G 16 JVR\Desktop\deepLearning_CNN\dataset\processed\train\KM_POST\GX010117.MP4_snapshot_04.32.726_crop00_11.jpg,GX010117.MP4_snapshot_04.32.726_crop00_11.jpg,GX010117.MP4_snapshot_04.32.726.JPG,train,KM_POST,11,844,1110,87,114
processed\train\KM_POST\GX010117.MP4_snapshot_05.21.379_crop00_11.jpg,C:\Users\ASUS G 16 JVR\Desktop\deepLearning_CNN\dataset\processed\train\KM_POST\GX010117.MP4_snapshot_05.21.379_crop00_11.jpg,GX010117.MP4_snapshot_05.21.379_crop00_11.jpg,GX010117.MP4_snapshot_05.21.379.JPG,train,KM_POST,11,675,1110,104,134
processed\train\KM_POST\GX010117.MP4_snapshot_07.07.244_crop00_11.jpg,C:\Users\ASUS G 16 JVR\Desktop\deepLearning_CNN\dataset\processed\train\KM_POST\GX010117.MP4_snapshot_07.07.244_crop00_11.jpg,GX010117.MP4_snapshot_07.07.244_crop00_11.jpg,GX010117.MP4_snapshot_07.07.244.JPG,train,KM_POST,11,1375,1041,49,65
processed\train\KM_POST\GX010117.MP4_snapshot_09.53.172_crop00_11.jpg,C:\Users\ASUS G 16 JVR\Desktop\deepLearning_CNN\dataset\processed\train\KM_POST\GX010117.MP4_snapshot_09.53.172_crop00_11.jpg,GX010117.MP4_snapshot_09.53.172_crop00_11.jpg,GX010117.MP4_snapshot_09.53.172.JPG,train,KM_POST,11,561,1141,110,144
processed\train\KM_POST\GX010117.MP4_snapshot_10.55.368_crop00_11.jpg,C:\Users\ASUS G 16 JVR\Desktop\deepLearning_CNN\dataset\processed\train\KM_POST\GX010117.MP4_snapshot_10.55.368_crop00_11.jpg,GX010117.MP4_snapshot_10.55.368_crop00_11.jpg,GX010117.MP4_snapshot_10.55.368.JPG,train,KM_POST,11,897,1070,134,183
processed\train\KM_POST\GX010117.MP4_snapshot_13.11.797_crop00_11.jpg,C:\Users\ASUS G 16 JVR\Desktop\deepLearning_CNN\dataset\processed\train\KM_POST\GX010117.MP4_snapshot_13.11.797_crop00_11.jpg,GX010117.MP4_snapshot_13.11.797_crop00_11.jpg,GX010117.MP4_snapshot_13.11.797.JPG,train,KM_POST,11,516,1135,116,144
processed\train\KM_POST\GX010117.MP4_snapshot_19.29.279_crop00_11.jpg,C:\Users\ASUS G 16 JVR\Desktop\deepLearning_CNN\dataset\processed\train\KM_POST\GX010117.MP4_snapshot_19.29.279_crop00_11.jpg,GX010117.MP4_snapshot_19.29.279_crop00_11.jpg,GX010117.MP4_snapshot_19.29.279.JPG,train,KM_POST,11,862,1059,89,116
processed\train\KM_POST\GX010118.MP4_snapshot_02.12.094_crop00_11.jpg,C:\Users\ASUS G 16 JVR\Desktop\deepLearning_CNN\dataset\processed\train\KM_POST\GX010118.MP4_snapshot_02.12.094_crop00_11.jpg,GX010118.MP4_snapshot_02.12.094_crop00_11.jpg,GX010118.MP4_snapshot_02.12.094.JPG,train,KM_POST,11,1002,903,81,102
processed\train\KM_POST\GX010118.MP4_snapshot_04.20.885_crop00_11.jpg,C:\Users\ASUS G 16 JVR\Desktop\deepLearning_CNN\dataset\processed\train\KM_POST\GX010118.MP4_snapshot_04.20.885_crop00_11.jpg,GX010118.MP4_snapshot_04.20.885_crop00_11.jpg,GX010118.MP4_snapshot_04.20.885.JPG,train,KM_POST,11,1480,848,39,53
processed\train\ROAD_JUNCTION_ON_THE_RIGHT\GX010118.MP4_snapshot_04.20.885_crop01_22.jpg,C:\Users\ASUS G 16 JVR\Desktop\deepLearning_CNN\dataset\processed\train\ROAD_JUNCTION_ON_THE_RIGHT\GX010118.MP4_snapshot_04.20.885_crop01_22.jpg,GX010118.MP4_snapshot_04.20.885_crop01_22.jpg,GX010118.MP4_snapshot_04.20.885.JPG,train,ROAD_JUNCTION_ON_THE_RIGHT,22,2280,695,57,63
processed\train\KM_POST\GX010118.MP4_snapshot_05.28.217_crop00_11.jpg,C:\Users\ASUS G 16 JVR\Desktop\deepLearning_CNN\dataset\processed\train\KM_POST\GX010118.MP4_snapshot_05.28.217_crop00_11.jpg,GX010118.MP4_snapshot_05.28.217_crop00_11.jpg,GX010118.MP4_snapshot_05.28.217.JPG,train,KM_POST,11,1283,862,61,75
processed\train\NO_ENTRY\GX010118.MP4_snapshot_05.28.217_crop01_13.jpg,C:\Users\ASUS G 16 JVR\Desktop\deepLearning_CNN\dataset\processed\train\NO_ENTRY\GX010118.MP4_snapshot_05.28.217_crop01_13.jpg,GX010118.MP4_snapshot_05.28.217_crop01_13.jpg,GX010118.MP4_snapshot_05.28.217.JPG,train,NO_ENTRY,13,2935,888,92,90
processed\train\KM_POST\GX010118.MP4_snapshot_06.25.621_crop00_11.jpg,C:\Users\ASUS G 16 JVR\Desktop\deepLearning_CNN\dataset\processed\train\KM_POST\GX010118.MP4_snapshot_06.25.621_crop00_11.jpg,GX010118.MP4_snapshot_06.25.621_crop00_11.jpg,GX010118.MP4_snapshot_06.25.621.JPG,train,KM_POST,11,590,946,116,136
processed\train\KM_POST\GX010118.MP4_snapshot_10.10.309_crop00_11.jpg,C:\Users\ASUS G 16 JVR\Desktop\deepLearning_CNN\dataset\processed\train\KM_POST\GX010118.MP4_snapshot_10.10.309_crop00_11.jpg,GX010118.MP4_snapshot_10.10.309_crop00_11.jpg,GX010118.MP4_snapshot_10.10.309.JPG,train,KM_POST,11,905,903,85,110
processed\train\KM_POST\GX010118.MP4_snapshot_10.58.922_crop00_11.jpg,C:\Users\ASUS G 16 JVR\Desktop\deepLearning_CNN\dataset\processed\train\KM_POST\GX010118.MP4_snapshot_10.58.922_crop00_11.jpg,GX010118.MP4_snapshot_10.58.922_crop00_11.jpg,GX010118.MP4_snapshot_10.58.922.JPG,train,KM_POST,11,1267,840,53,71
processed\train\KM_POST\GX010118.MP4_snapshot_11.51.670_crop00_11.jpg,C:\Users\ASUS G 16 JVR\Desktop\deepLearning_CNN\dataset\processed\train\KM_POST\GX010118.MP4_snapshot_11.51.670_crop00_11.jpg,GX010118.MP4_snapshot_11.51.670_crop00_11.jpg,GX010118.MP4_snapshot_11.51.670.JPG,train,KM_POST,11,1226,844,63,87
processed\train\KM_POST\GX010118.MP4_snapshot_11.52.225_crop00_11.jpg,C:\Users\ASUS G 16 JVR\Desktop\deepLearning_CNN\dataset\processed\train\KM_POST\GX010118.MP4_snapshot_11.52.225_crop00_11.jpg,GX010118.MP4_snapshot_11.52.225_crop00_11.jpg,GX010118.MP4_snapshot_11.52.225.JPG,train,KM_POST,11,523,895,134,163
processed\train\KM_POST\GX010118.MP4_snapshot_12.58.364_crop00_11.jpg,C:\Users\ASUS G 16 JVR\Desktop\deepLearning_CNN\dataset\processed\train\KM_POST\GX010118.MP4_snapshot_12.58.364_crop00_11.jpg,GX010118.MP4_snapshot_12.58.364_crop00_11.jpg,GX010118.MP4_snapshot_12.58.364.JPG,train,KM_POST,11,413,976,128,150
processed\train\ROAD_JUNCTION_ON_THE_LEFT\GX010118.MP4_snapshot_12.58.364_crop01_21.jpg,C:\Users\ASUS G 16 JVR\Desktop\deepLearning_CNN\dataset\processed\train\ROAD_JUNCTION_ON_THE_LEFT\GX010118.MP4_snapshot_12.58.364_crop01_21.jpg,GX010118.MP4_snapshot_12.58.364_crop01_21.jpg,GX010118.MP4_snapshot_12.58.364.JPG,train,ROAD_JUNCTION_ON_THE_LEFT,21,2422,647,89,89
processed\train\KM_POST\GX010118.MP4_snapshot_15.28.977_crop00_11.jpg,C:\Users\ASUS G 16 JVR\Desktop\deepLearning_CNN\dataset\processed\train\KM_POST\GX010118.MP4_snapshot_15.28.977_crop00_11.jpg,GX010118.MP4_snapshot_15.28.977_crop00_11.jpg,GX010118.MP4_snapshot_15.28.977.JPG,train,KM_POST,11,150,980,161,175
processed\train\KM_POST\GX010118.MP4_snapshot_19.00.404_crop00_11.jpg,C:\Users\ASUS G 16 JVR\Desktop\deepLearning_CNN\dataset\processed\train\KM_POST\GX010118.MP4_snapshot_19.00.404_crop00_11.jpg,GX010118.MP4_snapshot_19.00.404_crop00_11.jpg,GX010118.MP4_snapshot_19.00.404.JPG,train,KM_POST,11,490,954,134,155
processed\train\KM_POST\GX010118.MP4_snapshot_19.54.910_crop00_11.jpg,C:\Users\ASUS G 16 JVR\Desktop\deepLearning_CNN\dataset\processed\train\KM_POST\GX010118.MP4_snapshot_19.54.910_crop00_11.jpg,GX010118.MP4_snapshot_19.54.910_crop00_11.jpg,GX010118.MP4_snapshot_19.54.910.JPG,train,KM_POST,11,291,935,110,177
processed\train\KM_POST\GX010119.MP4_snapshot_03.16.086_crop00_11.jpg,C:\Users\ASUS G 16 JVR\Desktop\deepLearning_CNN\dataset\processed\train\KM_POST\GX010119.MP4_snapshot_03.16.086_crop00_11.jpg,GX010119.MP4_snapshot_03.16.086_crop00_11.jpg,GX010119.MP4_snapshot_03.16.086.JPG,train,KM_POST,11,3532,946,205,250
processed\train\KM_POST\GX010131.MP4_snapshot_03.53.983_crop00_11.jpg,C:\Users\ASUS G 16 JVR\Desktop\deepLearning_CNN\dataset\processed\train\KM_POST\GX010131.MP4_snapshot_03.53.983_crop00_11.jpg,GX010131.MP4_snapshot_03.53.983_crop00_11.jpg,GX010131.MP4_snapshot_03.53.983.JPG,train,KM_POST,11,1061,960,92,108
processed\train\KM_POST\GX010131.MP4_snapshot_06.18.690_crop00_11.jpg,C:\Users\ASUS G 16 JVR\Desktop\deepLearning_CNN\dataset\processed\train\KM_POST\GX010131.MP4_snapshot_06.18.690_crop00_11.jpg,GX010131.MP4_snapshot_06.18.690_crop00_11.jpg,GX010131.MP4_snapshot_06.18.690.JPG,train,KM_POST,11,1131,952,96,114
processed\train\KM_POST\GX010131.MP4_snapshot_08.49.284_crop00_11.jpg,C:\Users\ASUS G 16 JVR\Desktop\deepLearning_CNN\dataset\processed\train\KM_POST\GX010131.MP4_snapshot_08.49.284_crop00_11.jpg,GX010131.MP4_snapshot_08.49.284_crop00_11.jpg,GX010131.MP4_snapshot_08.49.284.JPG,train,KM_POST,11,1102,948,83,108
processed\train\KM_POST\GX010131.MP4_snapshot_10.18.504_crop00_11.jpg,C:\Users\ASUS G 16 JVR\Desktop\deepLearning_CNN\dataset\processed\train\KM_POST\GX010131.MP4_snapshot_10.18.504_crop00_11.jpg,GX010131.MP4_snapshot_10.18.504_crop00_11.jpg,GX010131.MP4_snapshot_10.18.504.JPG,train,KM_POST,11,2816,909,83,112
processed\train\SLOW_DOWN\GX010131.MP4_snapshot_10.18.504_crop01_23.jpg,C:\Users\ASUS G 16 JVR\Desktop\deepLearning_CNN\dataset\processed\train\SLOW_DOWN\GX010131.MP4_snapshot_10.18.504_crop01_23.jpg,GX010131.MP4_snapshot_10.18.504_crop01_23.jpg,GX010131.MP4_snapshot_10.18.504.JPG,train,SLOW_DOWN,23,2455,754,70,66
processed\train\KM_POST\GX010217.MP4_snapshot_11.46.798_crop00_11.jpg,C:\Users\ASUS G 16 JVR\Desktop\deepLearning_CNN\dataset\processed\train\KM_POST\GX010217.MP4_snapshot_11.46.798_crop00_11.jpg,GX010217.MP4_snapshot_11.46.798_crop00_11.jpg,GX010217.MP4_snapshot_11.46.798.JPG,train,KM_POST,11,3430,1238,169,234
processed\train\KM_POST\GX010217.MP4_snapshot_14.02.388_crop00_11.jpg,C:\Users\ASUS G 16 JVR\Desktop\deepLearning_CNN\dataset\processed\train\KM_POST\GX010217.MP4_snapshot_14.02.388_crop00_11.jpg,GX010217.MP4_snapshot_14.02.388_crop00_11.jpg,GX010217.MP4_snapshot_14.02.388.JPG,train,KM_POST,11,3166,1226,146,211
processed\train\KM_POST\GX010238.MP4_snapshot_05.55.207_crop00_11.jpg,C:\Users\ASUS G 16 JVR\Desktop\deepLearning_CNN\dataset\processed\train\KM_POST\GX010238.MP4_snapshot_05.55.207_crop00_11.jpg,GX010238.MP4_snapshot_05.55.207_crop00_11.jpg,GX010238.MP4_snapshot_05.55.207.JPG,train,KM_POST,11,3497,1141,138,159
processed\train\KM_POST\GX010238.MP4_snapshot_06.45.243_crop00_11.jpg,C:\Users\ASUS G 16 JVR\Desktop\deepLearning_CNN\dataset\processed\train\KM_POST\GX010238.MP4_snapshot_06.45.243_crop00_11.jpg,GX010238.MP4_snapshot_06.45.243_crop00_11.jpg,GX010238.MP4_snapshot_06.45.243.JPG,train,KM_POST,11,3264,1161,118,142
processed\train\KM_POST\GX010238.MP4_snapshot_08.19.520_crop00_11.jpg,C:\Users\ASUS G 16 JVR\Desktop\deepLearning_CNN\dataset\processed\train\KM_POST\GX010238.MP4_snapshot_08.19.520_crop00_11.jpg,GX010238.MP4_snapshot_08.19.520_crop00_11.jpg,GX010238.MP4_snapshot_08.19.520.JPG,train,KM_POST,11,3288,1167,116,136
processed\train\KM_POST\GX010271.MP4_snapshot_07.13.814_crop00_11.jpg,C:\Users\ASUS G 16 JVR\Desktop\deepLearning_CNN\dataset\processed\train\KM_POST\GX010271.MP4_snapshot_07.13.814_crop00_11.jpg,GX010271.MP4_snapshot_07.13.814_crop00_11.jpg,GX010271.MP4_snapshot_07.13.814.JPG,train,KM_POST,11,1116,1039,51,69
processed\train\NO_PARKING\GX010271.MP4_snapshot_07.13.814_crop01_15.jpg,C:\Users\ASUS G 16 JVR\Desktop\deepLearning_CNN\dataset\processed\train\NO_PARKING\GX010271.MP4_snapshot_07.13.814_crop01_15.jpg,GX010271.MP4_snapshot_07.13.814_crop01_15.jpg,GX010271.MP4_snapshot_07.13.814.JPG,train,NO_PARKING,15,2475,828,72,70
processed\train\60_SPEED_LIMIT\GX010271.MP4_snapshot_07.13.814_crop02_02.jpg,C:\Users\ASUS G 16 JVR\Desktop\deepLearning_CNN\dataset\processed\train\60_SPEED_LIMIT\GX010271.MP4_snapshot_07.13.814_crop02_02.jpg,GX010271.MP4_snapshot_07.13.814_crop02_02.jpg,GX010271.MP4_snapshot_07.13.814.JPG,train,60_SPEED_LIMIT,2,2475,897,70,68
processed\train\KM_POST\GX010271.MP4_snapshot_07.14.532_crop00_11.jpg,C:\Users\ASUS G 16 JVR\Desktop\deepLearning_CNN\dataset\processed\train\KM_POST\GX010271.MP4_snapshot_07.14.532_crop00_11.jpg,GX010271.MP4_snapshot_07.14.532_crop00_11.jpg,GX010271.MP4_snapshot_07.14.532.JPG,train,KM_POST,11,691,1076,71,100
processed\train\NO_PARKING\GX010271.MP4_snapshot_07.14.532_crop01_15.jpg,C:\Users\ASUS G 16 JVR\Desktop\deepLearning_CNN\dataset\processed\train\NO_PARKING\GX010271.MP4_snapshot_07.14.532_crop01_15.jpg,GX010271.MP4_snapshot_07.14.532_crop01_15.jpg,GX010271.MP4_snapshot_07.14.532.JPG,train,NO_PARKING,15,2740,747,103,103
processed\train\60_SPEED_LIMIT\GX010271.MP4_snapshot_07.14.532_crop02_02.jpg,C:\Users\ASUS G 16 JVR\Desktop\deepLearning_CNN\dataset\processed\train\60_SPEED_LIMIT\GX010271.MP4_snapshot_07.14.532_crop02_02.jpg,GX010271.MP4_snapshot_07.14.532_crop02_02.jpg,GX010271.MP4_snapshot_07.14.532.JPG,train,60_SPEED_LIMIT,2,2737,853,107,97
processed\train\KM_POST\GX010271.MP4_snapshot_09.51.667_crop00_11.jpg,C:\Users\ASUS G 16 JVR\Desktop\deepLearning_CNN\dataset\processed\train\KM_POST\GX010271.MP4_snapshot_09.51.667_crop00_11.jpg,GX010271.MP4_snapshot_09.51.667_crop00_11.jpg,GX010271.MP4_snapshot_09.51.667.JPG,train,KM_POST,11,1124,1037,53,77
processed\train\RIGHT_BEND\GX010271.MP4_snapshot_09.51.667_crop01_20.jpg,C:\Users\ASUS G 16 JVR\Desktop\deepLearning_CNN\dataset\processed\train\RIGHT_BEND\GX010271.MP4_snapshot_09.51.667_crop01_20.jpg,GX010271.MP4_snapshot_09.51.667_crop01_20.jpg,GX010271.MP4_snapshot_09.51.667.JPG,train,RIGHT_BEND,20,3137,710,169,162
processed\train\KM_POST\GX010271.MP4_snapshot_09.52.474_crop00_11.jpg,C:\Users\ASUS G 16 JVR\Desktop\deepLearning_CNN\dataset\processed\train\KM_POST\GX010271.MP4_snapshot_09.52.474_crop00_11.jpg,GX010271.MP4_snapshot_09.52.474_crop00_11.jpg,GX010271.MP4_snapshot_09.52.474.JPG,train,KM_POST,11,488,1072,100,130
processed\train\KM_POST\GX010271.MP4_snapshot_20.51.999_crop00_11.jpg,C:\Users\ASUS G 16 JVR\Desktop\deepLearning_CNN\dataset\processed\train\KM_POST\GX010271.MP4_snapshot_20.51.999_crop00_11.jpg,GX010271.MP4_snapshot_20.51.999_crop00_11.jpg,GX010271.MP4_snapshot_20.51.999.JPG,train,KM_POST,11,716,1065,75,108
processed\train\KM_POST\GX010271.MP4_snapshot_22.03.054_crop00_11.jpg,C:\Users\ASUS G 16 JVR\Desktop\deepLearning_CNN\dataset\processed\train\KM_POST\GX010271.MP4_snapshot_22.03.054_crop00_11.jpg,GX010271.MP4_snapshot_22.03.054_crop00_11.jpg,GX010271.MP4_snapshot_22.03.054.JPG,train,KM_POST,11,1196,1033,59,87
processed\train\KM_POST\GX010271.MP4_snapshot_26.37.792_crop00_11.jpg,C:\Users\ASUS G 16 JVR\Desktop\deepLearning_CNN\dataset\processed\train\KM_POST\GX010271.MP4_snapshot_26.37.792_crop00_11.jpg,GX010271.MP4_snapshot_26.37.792_crop00_11.jpg,GX010271.MP4_snapshot_26.37.792.JPG,train,KM_POST,11,1379,1021,51,65
processed\train\KM_POST\GX010271.MP4_snapshot_30.28.286_crop00_11.jpg,C:\Users\ASUS G 16 JVR\Desktop\deepLearning_CNN\dataset\processed\train\KM_POST\GX010271.MP4_snapshot_30.28.286_crop00_11.jpg,GX010271.MP4_snapshot_30.28.286_crop00_11.jpg,GX010271.MP4_snapshot_30.28.286.JPG,train,KM_POST,11,240,1065,134,189
processed\train\KM_POST\GX010271.MP4_snapshot_35.11.192_crop00_11.jpg,C:\Users\ASUS G 16 JVR\Desktop\deepLearning_CNN\dataset\processed\train\KM_POST\GX010271.MP4_snapshot_35.11.192_crop00_11.jpg,GX010271.MP4_snapshot_35.11.192_crop00_11.jpg,GX010271.MP4_snapshot_35.11.192.JPG,train,KM_POST,11,333,1151,128,187
processed\train\KM_POST\GX010272.MP4_snapshot_00.52.090_crop00_11.jpg,C:\Users\ASUS G 16 JVR\Desktop\deepLearning_CNN\dataset\processed\train\KM_POST\GX010272.MP4_snapshot_00.52.090_crop00_11.jpg,GX010272.MP4_snapshot_00.52.090_crop00_11.jpg,GX010272.MP4_snapshot_00.52.090.JPG,train,KM_POST,11,1131,1053,59,96
processed\train\KM_POST\GX010272.MP4_snapshot_00.52.637_crop00_11.jpg,C:\Users\ASUS G 16 JVR\Desktop\deepLearning_CNN\dataset\processed\train\KM_POST\GX010272.MP4_snapshot_00.52.637_crop00_11.jpg,GX010272.MP4_snapshot_00.52.637_crop00_11.jpg,GX010272.MP4_snapshot_00.52.637.JPG,train,KM_POST,11,431,1118,118,165
processed\train\KM_POST\GX010272.MP4_snapshot_03.44.013_crop00_11.jpg,C:\Users\ASUS G 16 JVR\Desktop\deepLearning_CNN\dataset\processed\train\KM_POST\GX010272.MP4_snapshot_03.44.013_crop00_11.jpg,GX010272.MP4_snapshot_03.44.013_crop00_11.jpg,GX010272.MP4_snapshot_03.44.013.JPG,train,KM_POST,11,1314,984,41,65
processed\train\KM_POST\GX010272.MP4_snapshot_03.45.110_crop00_11.jpg,C:\Users\ASUS G 16 JVR\Desktop\deepLearning_CNN\dataset\processed\train\KM_POST\GX010272.MP4_snapshot_03.45.110_crop00_11.jpg,GX010272.MP4_snapshot_03.45.110_crop00_11.jpg,GX010272.MP4_snapshot_03.45.110.JPG,train,KM_POST,11,769,992,83,114
processed\train\KM_POST\GX010272.MP4_snapshot_04.47.552_crop00_11.jpg,C:\Users\ASUS G 16 JVR\Desktop\deepLearning_CNN\dataset\processed\train\KM_POST\GX010272.MP4_snapshot_04.47.552_crop00_11.jpg,GX010272.MP4_snapshot_04.47.552_crop00_11.jpg,GX010272.MP4_snapshot_04.47.552.JPG,train,KM_POST,11,982,1057,69,98
processed\train\KM_POST\GX010272.MP4_snapshot_06.07.880_crop00_11.jpg,C:\Users\ASUS G 16 JVR\Desktop\deepLearning_CNN\dataset\processed\train\KM_POST\GX010272.MP4_snapshot_06.07.880_crop00_11.jpg,GX010272.MP4_snapshot_06.07.880_crop00_11.jpg,GX010272.MP4_snapshot_06.07.880.JPG,train,KM_POST,11,647,1100,98,140
processed\train\KM_POST\GX010272.MP4_snapshot_07.27.466_crop00_11.jpg,C:\Users\ASUS G 16 JVR\Desktop\deepLearning_CNN\dataset\processed\train\KM_POST\GX010272.MP4_snapshot_07.27.466_crop00_11.jpg,GX010272.MP4_snapshot_07.27.466_crop00_11.jpg,GX010272.MP4_snapshot_07.27.466.JPG,train,KM_POST,11,1411,1017,67,100
processed\train\KM_POST\GX010272.MP4_snapshot_07.28.021_crop00_11.jpg,C:\Users\ASUS G 16 JVR\Desktop\deepLearning_CNN\dataset\processed\train\KM_POST\GX010272.MP4_snapshot_07.28.021_crop00_11.jpg,GX010272.MP4_snapshot_07.28.021_crop00_11.jpg,GX010272.MP4_snapshot_07.28.021.JPG,train,KM_POST,11,769,1051,146,203
processed\train\KM_POST\GX010272.MP4_snapshot_09.34.818_crop00_11.jpg,C:\Users\ASUS G 16 JVR\Desktop\deepLearning_CNN\dataset\processed\train\KM_POST\GX010272.MP4_snapshot_09.34.818_crop00_11.jpg,GX010272.MP4_snapshot_09.34.818_crop00_11.jpg,GX010272.MP4_snapshot_09.34.818.JPG,train,KM_POST,11,1088,1033,61,87
processed\train\SLOW_DOWN\GX010272.MP4_snapshot_09.34.818_crop01_23.jpg,C:\Users\ASUS G 16 JVR\Desktop\deepLearning_CNN\dataset\processed\train\SLOW_DOWN\GX010272.MP4_snapshot_09.34.818_crop01_23.jpg,GX010272.MP4_snapshot_09.34.818_crop01_23.jpg,GX010272.MP4_snapshot_09.34.818.JPG,train,SLOW_DOWN,23,2591,813,118,118
processed\train\KM_POST\GX010272.MP4_snapshot_09.35.214_crop00_11.jpg,C:\Users\ASUS G 16 JVR\Desktop\deepLearning_CNN\dataset\processed\train\KM_POST\GX010272.MP4_snapshot_09.35.214_crop00_11.jpg,GX010272.MP4_snapshot_09.35.214_crop00_11.jpg,GX010272.MP4_snapshot_09.35.214.JPG,train,KM_POST,11,702,1053,89,122
processed\train\SLOW_DOWN\GX010272.MP4_snapshot_09.35.214_crop01_23.jpg,C:\Users\ASUS G 16 JVR\Desktop\deepLearning_CNN\dataset\processed\train\SLOW_DOWN\GX010272.MP4_snapshot_09.35.214_crop01_23.jpg,GX010272.MP4_snapshot_09.35.214_crop01_23.jpg,GX010272.MP4_snapshot_09.35.214.JPG,train,SLOW_DOWN,23,3034,695,195,191
processed\train\KM_POST\GX010272.MP4_snapshot_12.30.584_crop00_11.jpg,C:\Users\ASUS G 16 JVR\Desktop\deepLearning_CNN\dataset\processed\train\KM_POST\GX010272.MP4_snapshot_12.30.584_crop00_11.jpg,GX010272.MP4_snapshot_12.30.584_crop00_11.jpg,GX010272.MP4_snapshot_12.30.584.JPG,train,KM_POST,11,675,982,79,110
processed\train\KM_POST\GX010272.MP4_snapshot_20.32.034_crop00_11.jpg,C:\Users\ASUS G 16 JVR\Desktop\deepLearning_CNN\dataset\processed\train\KM_POST\GX010272.MP4_snapshot_20.32.034_crop00_11.jpg,GX010272.MP4_snapshot_20.32.034_crop00_11.jpg,GX010272.MP4_snapshot_20.32.034.JPG,train,KM_POST,11,702,1023,87,118
processed\train\KM_POST\GX010273.MP4_snapshot_00.40.611_crop00_11.jpg,C:\Users\ASUS G 16 JVR\Desktop\deepLearning_CNN\dataset\processed\train\KM_POST\GX010273.MP4_snapshot_00.40.611_crop00_11.jpg,GX010273.MP4_snapshot_00.40.611_crop00_11.jpg,GX010273.MP4_snapshot_00.40.611.JPG,train,KM_POST,11,3329,1157,222,279
processed\train\KM_POST\GX010273.MP4_snapshot_05.54.139_crop00_11.jpg,C:\Users\ASUS G 16 JVR\Desktop\deepLearning_CNN\dataset\processed\train\KM_POST\GX010273.MP4_snapshot_05.54.139_crop00_11.jpg,GX010273.MP4_snapshot_05.54.139_crop00_11.jpg,GX010273.MP4_snapshot_05.54.139.JPG,train,KM_POST,11,3503,1181,189,254
processed\train\KM_POST\GX010273.MP4_snapshot_07.31.895_crop00_11.jpg,C:\Users\ASUS G 16 JVR\Desktop\deepLearning_CNN\dataset\processed\train\KM_POST\GX010273.MP4_snapshot_07.31.895_crop00_11.jpg,GX010273.MP4_snapshot_07.31.895_crop00_11.jpg,GX010273.MP4_snapshot_07.31.895.JPG,train,KM_POST,11,3418,1204,195,281
processed\train\KM_POST\GX010273.MP4_snapshot_14.33.380_crop00_11.jpg,C:\Users\ASUS G 16 JVR\Desktop\deepLearning_CNN\dataset\processed\train\KM_POST\GX010273.MP4_snapshot_14.33.380_crop00_11.jpg,GX010273.MP4_snapshot_14.33.380_crop00_11.jpg,GX010273.MP4_snapshot_14.33.380.JPG,train,KM_POST,11,2690,1076,81,118
processed\train\KM_POST\GX010273.MP4_snapshot_14.33.988_crop00_11.jpg,C:\Users\ASUS G 16 JVR\Desktop\deepLearning_CNN\dataset\processed\train\KM_POST\GX010273.MP4_snapshot_14.33.988_crop00_11.jpg,GX010273.MP4_snapshot_14.33.988_crop00_11.jpg,GX010273.MP4_snapshot_14.33.988.JPG,train,KM_POST,11,3566,1148,204,269
processed\train\KM_POST\GX010273.MP4_snapshot_17.53.702_crop00_11.jpg,C:\Users\ASUS G 16 JVR\Desktop\deepLearning_CNN\dataset\processed\train\KM_POST\GX010273.MP4_snapshot_17.53.702_crop00_11.jpg,GX010273.MP4_snapshot_17.53.702_crop00_11.jpg,GX010273.MP4_snapshot_17.53.702.JPG,train,KM_POST,11,2407,1051,51,75
processed\train\KM_POST\GX010273.MP4_snapshot_17.54.576_crop00_11.jpg,C:\Users\ASUS G 16 JVR\Desktop\deepLearning_CNN\dataset\processed\train\KM_POST\GX010273.MP4_snapshot_17.54.576_crop00_11.jpg,GX010273.MP4_snapshot_17.54.576_crop00_11.jpg,GX010273.MP4_snapshot_17.54.576.JPG,train,KM_POST,11,3229,1108,163,220
processed\train\KM_POST\GX010273.MP4_snapshot_18.52.989_crop00_11.jpg,C:\Users\ASUS G 16 JVR\Desktop\deepLearning_CNN\dataset\processed\train\KM_POST\GX010273.MP4_snapshot_18.52.989_crop00_11.jpg,GX010273.MP4_snapshot_18.52.989_crop00_11.jpg,GX010273.MP4_snapshot_18.52.989.JPG,train,KM_POST,11,2367,1065,49,71
processed\train\KM_POST\GX010273.MP4_snapshot_18.53.913_crop00_11.jpg,C:\Users\ASUS G 16 JVR\Desktop\deepLearning_CNN\dataset\processed\train\KM_POST\GX010273.MP4_snapshot_18.53.913_crop00_11.jpg,GX010273.MP4_snapshot_18.53.913_crop00_11.jpg,GX010273.MP4_snapshot_18.53.913.JPG,train,KM_POST,11,3046,1141,144,209
processed\train\KM_POST\GX010273.MP4_snapshot_20.52.941_crop00_11.jpg,C:\Users\ASUS G 16 JVR\Desktop\deepLearning_CNN\dataset\processed\train\KM_POST\GX010273.MP4_snapshot_20.52.941_crop00_11.jpg,GX010273.MP4_snapshot_20.52.941_crop00_11.jpg,GX010273.MP4_snapshot_20.52.941.JPG,train,KM_POST,11,2479,1065,59,89
processed\train\KM_POST\GX010273.MP4_snapshot_23.07.907_crop00_11.jpg,C:\Users\ASUS G 16 JVR\Desktop\deepLearning_CNN\dataset\processed\train\KM_POST\GX010273.MP4_snapshot_23.07.907_crop00_11.jpg,GX010273.MP4_snapshot_23.07.907_crop00_11.jpg,GX010273.MP4_snapshot_23.07.907.JPG,train,KM_POST,11,2993,1096,150,177
processed\train\KM_POST\GX010273.MP4_snapshot_24.10.573_crop00_11.jpg,C:\Users\ASUS G 16 JVR\Desktop\deepLearning_CNN\dataset\processed\train\KM_POST\GX010273.MP4_snapshot_24.10.573_crop00_11.jpg,GX010273.MP4_snapshot_24.10.573_crop00_11.jpg,GX010273.MP4_snapshot_24.10.573.JPG,train,KM_POST,11,2637,1063,75,110
processed\train\KM_POST\GX010273.MP4_snapshot_24.11.207_crop00_11.jpg,C:\Users\ASUS G 16 JVR\Desktop\deepLearning_CNN\dataset\processed\train\KM_POST\GX010273.MP4_snapshot_24.11.207_crop00_11.jpg,GX010273.MP4_snapshot_24.11.207_crop00_11.jpg,GX010273.MP4_snapshot_24.11.207.JPG,train,KM_POST,11,3445,1131,187,256
processed\train\KM_POST\GX010273.MP4_snapshot_25.23.319_crop00_11.jpg,C:\Users\ASUS G 16 JVR\Desktop\deepLearning_CNN\dataset\processed\train\KM_POST\GX010273.MP4_snapshot_25.23.319_crop00_11.jpg,GX010273.MP4_snapshot_25.23.319_crop00_11.jpg,GX010273.MP4_snapshot_25.23.319.JPG,train,KM_POST,11,2503,1094,69,85
processed\train\KM_POST\GX010273.MP4_snapshot_28.10.402_crop00_11.jpg,C:\Users\ASUS G 16 JVR\Desktop\deepLearning_CNN\dataset\processed\train\KM_POST\GX010273.MP4_snapshot_28.10.402_crop00_11.jpg,GX010273.MP4_snapshot_28.10.402_crop00_11.jpg,GX010273.MP4_snapshot_28.10.402.JPG,train,KM_POST,11,3066,1094,146,205
processed\train\KM_POST\GX010273.MP4_snapshot_29.38.583_crop00_11.jpg,C:\Users\ASUS G 16 JVR\Desktop\deepLearning_CNN\dataset\processed\train\KM_POST\GX010273.MP4_snapshot_29.38.583_crop00_11.jpg,GX010273.MP4_snapshot_29.38.583_crop00_11.jpg,GX010273.MP4_snapshot_29.38.583.JPG,train,KM_POST,11,3142,1116,120,159
processed\train\KM_POST\GX010273.MP4_snapshot_31.05.423_crop00_11.jpg,C:\Users\ASUS G 16 JVR\Desktop\deepLearning_CNN\dataset\processed\train\KM_POST\GX010273.MP4_snapshot_31.05.423_crop00_11.jpg,GX010273.MP4_snapshot_31.05.423_crop00_11.jpg,GX010273.MP4_snapshot_31.05.423.JPG,train,KM_POST,11,2511,1072,67,92
processed\train\KM_POST\GX010273.MP4_snapshot_31.06.430_crop00_11.jpg,C:\Users\ASUS G 16 JVR\Desktop\deepLearning_CNN\dataset\processed\train\KM_POST\GX010273.MP4_snapshot_31.06.430_crop00_11.jpg,GX010273.MP4_snapshot_31.06.430_crop00_11.jpg,GX010273.MP4_snapshot_31.06.430.JPG,train,KM_POST,11,3178,1139,155,209
processed\train\KM_POST\GX010273.MP4_snapshot_34.15.096_crop00_11.jpg,C:\Users\ASUS G 16 JVR\Desktop\deepLearning_CNN\dataset\processed\train\KM_POST\GX010273.MP4_snapshot_34.15.096_crop00_11.jpg,GX010273.MP4_snapshot_34.15.096_crop00_11.jpg,GX010273.MP4_snapshot_34.15.096.JPG,train,KM_POST,11,2471,1031,65,96
processed\train\KM_POST\GX010273.MP4_snapshot_34.15.833_crop00_11.jpg,C:\Users\ASUS G 16 JVR\Desktop\deepLearning_CNN\dataset\processed\train\KM_POST\GX010273.MP4_snapshot_34.15.833_crop00_11.jpg,GX010273.MP4_snapshot_34.15.833_crop00_11.jpg,GX010273.MP4_snapshot_34.15.833.JPG,train,KM_POST,11,2922,1041,124,179
processed\train\KM_POST\GX010274.MP4_snapshot_01.45.584_crop00_11.jpg,C:\Users\ASUS G 16 JVR\Desktop\deepLearning_CNN\dataset\processed\train\KM_POST\GX010274.MP4_snapshot_01.45.584_crop00_11.jpg,GX010274.MP4_snapshot_01.45.584_crop00_11.jpg,GX010274.MP4_snapshot_01.45.584.JPG,train,KM_POST,11,3029,1110,79,110
processed\train\KM_POST\GX010274.MP4_snapshot_01.45.584_crop01_11.jpg,C:\Users\ASUS G 16 JVR\Desktop\deepLearning_CNN\dataset\processed\train\KM_POST\GX010274.MP4_snapshot_01.45.584_crop01_11.jpg,GX010274.MP4_snapshot_01.45.584_crop01_11.jpg,GX010274.MP4_snapshot_01.45.584.JPG,train,KM_POST,11,134,1238,79,101
processed\train\KM_POST\GX010274.MP4_snapshot_01.45.809_crop00_11.jpg,C:\Users\ASUS G 16 JVR\Desktop\deepLearning_CNN\dataset\processed\train\KM_POST\GX010274.MP4_snapshot_01.45.809_crop00_11.jpg,GX010274.MP4_snapshot_01.45.809_crop00_11.jpg,GX010274.MP4_snapshot_01.45.809.JPG,train,KM_POST,11,3520,1114,129,166
processed\train\KM_POST\GX010274.MP4_snapshot_03.31.953_crop00_11.jpg,C:\Users\ASUS G 16 JVR\Desktop\deepLearning_CNN\dataset\processed\train\KM_POST\GX010274.MP4_snapshot_03.31.953_crop00_11.jpg,GX010274.MP4_snapshot_03.31.953_crop00_11.jpg,GX010274.MP4_snapshot_03.31.953.JPG,train,KM_POST,11,2819,1087,53,96
processed\train\KM_POST\GX010274.MP4_snapshot_03.31.953_crop01_11.jpg,C:\Users\ASUS G 16 JVR\Desktop\deepLearning_CNN\dataset\processed\train\KM_POST\GX010274.MP4_snapshot_03.31.953_crop01_11.jpg,GX010274.MP4_snapshot_03.31.953_crop01_11.jpg,GX010274.MP4_snapshot_03.31.953.JPG,train,KM_POST,11,530,1162,48,96
processed\train\KM_POST\GX010274.MP4_snapshot_04.24.018_crop00_11.jpg,C:\Users\ASUS G 16 JVR\Desktop\deepLearning_CNN\dataset\processed\train\KM_POST\GX010274.MP4_snapshot_04.24.018_crop00_11.jpg,GX010274.MP4_snapshot_04.24.018_crop00_11.jpg,GX010274.MP4_snapshot_04.24.018.JPG,train,KM_POST,11,2723,1090,66,75
processed\train\KM_POST\GX010274.MP4_snapshot_04.24.018_crop01_11.jpg,C:\Users\ASUS G 16 JVR\Desktop\deepLearning_CNN\dataset\processed\train\KM_POST\GX010274.MP4_snapshot_04.24.018_crop01_11.jpg,GX010274.MP4_snapshot_04.24.018_crop01_11.jpg,GX010274.MP4_snapshot_04.24.018.JPG,train,KM_POST,11,644,1231,63,78
processed\train\KM_POST\GX010274.MP4_snapshot_04.24.546_crop00_11.jpg,C:\Users\ASUS G 16 JVR\Desktop\deepLearning_CNN\dataset\processed\train\KM_POST\GX010274.MP4_snapshot_04.24.546_crop00_11.jpg,GX010274.MP4_snapshot_04.24.546_crop00_11.jpg,GX010274.MP4_snapshot_04.24.546.JPG,train,KM_POST,11,3310,1087,114,138
processed\train\KM_POST\GX010274.MP4_snapshot_05.24.824_crop00_11.jpg,C:\Users\ASUS G 16 JVR\Desktop\deepLearning_CNN\dataset\processed\train\KM_POST\GX010274.MP4_snapshot_05.24.824_crop00_11.jpg,GX010274.MP4_snapshot_05.24.824_crop00_11.jpg,GX010274.MP4_snapshot_05.24.824.JPG,train,KM_POST,11,2799,1105,63,79
processed\train\KM_POST\GX010274.MP4_snapshot_05.24.824_crop01_11.jpg,C:\Users\ASUS G 16 JVR\Desktop\deepLearning_CNN\dataset\processed\train\KM_POST\GX010274.MP4_snapshot_05.24.824_crop01_11.jpg,GX010274.MP4_snapshot_05.24.824_crop01_11.jpg,GX010274.MP4_snapshot_05.24.824.JPG,train,KM_POST,11,478,1194,63,77
processed\train\KM_POST\GX010274.MP4_snapshot_05.25.320_crop00_11.jpg,C:\Users\ASUS G 16 JVR\Desktop\deepLearning_CNN\dataset\processed\train\KM_POST\GX010274.MP4_snapshot_05.25.320_crop00_11.jpg,GX010274.MP4_snapshot_05.25.320_crop00_11.jpg,GX010274.MP4_snapshot_05.25.320.JPG,train,KM_POST,11,3238,1105,102,126
processed\train\KM_POST\GX010274.MP4_snapshot_06.25.199_crop00_11.jpg,C:\Users\ASUS G 16 JVR\Desktop\deepLearning_CNN\dataset\processed\train\KM_POST\GX010274.MP4_snapshot_06.25.199_crop00_11.jpg,GX010274.MP4_snapshot_06.25.199_crop00_11.jpg,GX010274.MP4_snapshot_06.25.199.JPG,train,KM_POST,11,3118,1123,129,162
processed\train\KM_POST\GX010274.MP4_snapshot_07.23.699_crop00_11.jpg,C:\Users\ASUS G 16 JVR\Desktop\deepLearning_CNN\dataset\processed\train\KM_POST\GX010274.MP4_snapshot_07.23.699_crop00_11.jpg,GX010274.MP4_snapshot_07.23.699_crop00_11.jpg,GX010274.MP4_snapshot_07.23.699.JPG,train,KM_POST,11,2813,1072,69,87
processed\train\KM_POST\GX010274.MP4_snapshot_07.23.699_crop01_11.jpg,C:\Users\ASUS G 16 JVR\Desktop\deepLearning_CNN\dataset\processed\train\KM_POST\GX010274.MP4_snapshot_07.23.699_crop01_11.jpg,GX010274.MP4_snapshot_07.23.699_crop01_11.jpg,GX010274.MP4_snapshot_07.23.699.JPG,train,KM_POST,11,15,1240,87,108
processed\train\KM_POST\GX010274.MP4_snapshot_07.24.167_crop00_11.jpg,C:\Users\ASUS G 16 JVR\Desktop\deepLearning_CNN\dataset\processed\train\KM_POST\GX010274.MP4_snapshot_07.24.167_crop00_11.jpg,GX010274.MP4_snapshot_07.24.167_crop00_11.jpg,GX010274.MP4_snapshot_07.24.167.JPG,train,KM_POST,11,3367,1063,123,135
processed\train\KM_POST\GX010274.MP4_snapshot_08.19.018_crop00_11.jpg,C:\Users\ASUS G 16 JVR\Desktop\deepLearning_CNN\dataset\processed\train\KM_POST\GX010274.MP4_snapshot_08.19.018_crop00_11.jpg,GX010274.MP4_snapshot_08.19.018_crop00_11.jpg,GX010274.MP4_snapshot_08.19.018.JPG,train,KM_POST,11,3325,1120,108,141
processed\train\DIRECTION\GX010274.MP4_snapshot_09.07.342_crop00_07.jpg,C:\Users\ASUS G 16 JVR\Desktop\deepLearning_CNN\dataset\processed\train\DIRECTION\GX010274.MP4_snapshot_09.07.342_crop00_07.jpg,GX010274.MP4_snapshot_09.07.342_crop00_07.jpg,GX010274.MP4_snapshot_09.07.342.JPG,train,DIRECTION,7,2914,710,398,288
processed\train\KM_POST\GX010274.MP4_snapshot_10.11.300_crop00_11.jpg,C:\Users\ASUS G 16 JVR\Desktop\deepLearning_CNN\dataset\processed\train\KM_POST\GX010274.MP4_snapshot_10.11.300_crop00_11.jpg,GX010274.MP4_snapshot_10.11.300_crop00_11.jpg,GX010274.MP4_snapshot_10.11.300.JPG,train,KM_POST,11,2700,1094,59,77
processed\train\KM_POST\GX010274.MP4_snapshot_10.11.819_crop00_11.jpg,C:\Users\ASUS G 16 JVR\Desktop\deepLearning_CNN\dataset\processed\train\KM_POST\GX010274.MP4_snapshot_10.11.819_crop00_11.jpg,GX010274.MP4_snapshot_10.11.819_crop00_11.jpg,GX010274.MP4_snapshot_10.11.819.JPG,train,KM_POST,11,3137,1091,94,123
processed\train\KM_POST\GX010274.MP4_snapshot_11.03.825_crop00_11.jpg,C:\Users\ASUS G 16 JVR\Desktop\deepLearning_CNN\dataset\processed\train\KM_POST\GX010274.MP4_snapshot_11.03.825_crop00_11.jpg,GX010274.MP4_snapshot_11.03.825_crop00_11.jpg,GX010274.MP4_snapshot_11.03.825.JPG,train,KM_POST,11,2924,1105,75,97
processed\train\KM_POST\GX010274.MP4_snapshot_11.03.825_crop01_11.jpg,C:\Users\ASUS G 16 JVR\Desktop\deepLearning_CNN\dataset\processed\train\KM_POST\GX010274.MP4_snapshot_11.03.825_crop01_11.jpg,GX010274.MP4_snapshot_11.03.825_crop01_11.jpg,GX010274.MP4_snapshot_11.03.825.JPG,train,KM_POST,11,259,1214,77,92
processed\train\KM_POST\GX010274.MP4_snapshot_11.57.939_crop00_11.jpg,C:\Users\ASUS G 16 JVR\Desktop\deepLearning_CNN\dataset\processed\train\KM_POST\GX010274.MP4_snapshot_11.57.939_crop00_11.jpg,GX010274.MP4_snapshot_11.57.939_crop00_11.jpg,GX010274.MP4_snapshot_11.57.939.JPG,train,KM_POST,11,2831,1114,75,99
processed\train\KM_POST\GX010274.MP4_snapshot_11.58.271_crop00_11.jpg,C:\Users\ASUS G 16 JVR\Desktop\deepLearning_CNN\dataset\processed\train\KM_POST\GX010274.MP4_snapshot_11.58.271_crop00_11.jpg,GX010274.MP4_snapshot_11.58.271_crop00_11.jpg,GX010274.MP4_snapshot_11.58.271.JPG,train,KM_POST,11,3244,1120,114,141
processed\train\KM_POST\GX010274.MP4_snapshot_13.32.705_crop00_11.jpg,C:\Users\ASUS G 16 JVR\Desktop\deepLearning_CNN\dataset\processed\train\KM_POST\GX010274.MP4_snapshot_13.32.705_crop00_11.jpg,GX010274.MP4_snapshot_13.32.705_crop00_11.jpg,GX010274.MP4_snapshot_13.32.705.JPG,train,KM_POST,11,114,1243,84,126
processed\train\KM_POST\GX010274.MP4_snapshot_13.32.705_crop01_11.jpg,C:\Users\ASUS G 16 JVR\Desktop\deepLearning_CNN\dataset\processed\train\KM_POST\GX010274.MP4_snapshot_13.32.705_crop01_11.jpg,GX010274.MP4_snapshot_13.32.705_crop01_11.jpg,GX010274.MP4_snapshot_13.32.705.JPG,train,KM_POST,11,2944,1123,81,99
processed\train\KM_POST\GX010274.MP4_snapshot_13.33.048_crop00_11.jpg,C:\Users\ASUS G 16 JVR\Desktop\deepLearning_CNN\dataset\processed\train\KM_POST\GX010274.MP4_snapshot_13.33.048_crop00_11.jpg,GX010274.MP4_snapshot_13.33.048_crop00_11.jpg,GX010274.MP4_snapshot_13.33.048.JPG,train,KM_POST,11,3615,1138,129,171
processed\train\KM_POST\GX010274.MP4_snapshot_15.05.031_crop00_11.jpg,C:\Users\ASUS G 16 JVR\Desktop\deepLearning_CNN\dataset\processed\train\KM_POST\GX010274.MP4_snapshot_15.05.031_crop00_11.jpg,GX010274.MP4_snapshot_15.05.031_crop00_11.jpg,GX010274.MP4_snapshot_15.05.031.JPG,train,KM_POST,11,2779,1114,63,83
processed\train\KM_POST\GX010274.MP4_snapshot_15.05.031_crop01_11.jpg,C:\Users\ASUS G 16 JVR\Desktop\deepLearning_CNN\dataset\processed\train\KM_POST\GX010274.MP4_snapshot_15.05.031_crop01_11.jpg,GX010274.MP4_snapshot_15.05.031_crop01_11.jpg,GX010274.MP4_snapshot_15.05.031.JPG,train,KM_POST,11,87,1270,84,111
processed\train\KM_POST\GX010274.MP4_snapshot_15.05.381_crop00_11.jpg,C:\Users\ASUS G 16 JVR\Desktop\deepLearning_CNN\dataset\processed\train\KM_POST\GX010274.MP4_snapshot_15.05.381_crop00_11.jpg,GX010274.MP4_snapshot_15.05.381_crop00_11.jpg,GX010274.MP4_snapshot_15.05.381.JPG,train,KM_POST,11,3204,1120,97,127
processed\train\KM_POST\GX010274.MP4_snapshot_17.19.169_crop00_11.jpg,C:\Users\ASUS G 16 JVR\Desktop\deepLearning_CNN\dataset\processed\train\KM_POST\GX010274.MP4_snapshot_17.19.169_crop00_11.jpg,GX010274.MP4_snapshot_17.19.169_crop00_11.jpg,GX010274.MP4_snapshot_17.19.169.JPG,train,KM_POST,11,3168,1116,92,114
processed\train\KM_POST\GX010274.MP4_snapshot_21.14.605_crop00_11.jpg,C:\Users\ASUS G 16 JVR\Desktop\deepLearning_CNN\dataset\processed\train\KM_POST\GX010274.MP4_snapshot_21.14.605_crop00_11.jpg,GX010274.MP4_snapshot_21.14.605_crop00_11.jpg,GX010274.MP4_snapshot_21.14.605.JPG,train,KM_POST,11,2475,1162,66,154
processed\train\KM_POST\GX010274.MP4_snapshot_27.02.276_crop00_11.jpg,C:\Users\ASUS G 16 JVR\Desktop\deepLearning_CNN\dataset\processed\train\KM_POST\GX010274.MP4_snapshot_27.02.276_crop00_11.jpg,GX010274.MP4_snapshot_27.02.276_crop00_11.jpg,GX010274.MP4_snapshot_27.02.276.JPG,train,KM_POST,11,323,1248,75,87
processed\train\KM_POST\GX010274.MP4_snapshot_27.02.276_crop01_11.jpg,C:\Users\ASUS G 16 JVR\Desktop\deepLearning_CNN\dataset\processed\train\KM_POST\GX010274.MP4_snapshot_27.02.276_crop01_11.jpg,GX010274.MP4_snapshot_27.02.276_crop01_11.jpg,GX010274.MP4_snapshot_27.02.276.JPG,train,KM_POST,11,2956,1106,71,94
processed\train\KM_POST\GX010274.MP4_snapshot_27.02.624_crop00_11.jpg,C:\Users\ASUS G 16 JVR\Desktop\deepLearning_CNN\dataset\processed\train\KM_POST\GX010274.MP4_snapshot_27.02.624_crop00_11.jpg,GX010274.MP4_snapshot_27.02.624_crop00_11.jpg,GX010274.MP4_snapshot_27.02.624.JPG,train,KM_POST,11,3416,1106,106,128
processed\train\KM_POST\GX010274.MP4_snapshot_27.51.784_crop00_11.jpg,C:\Users\ASUS G 16 JVR\Desktop\deepLearning_CNN\dataset\processed\train\KM_POST\GX010274.MP4_snapshot_27.51.784_crop00_11.jpg,GX010274.MP4_snapshot_27.51.784_crop00_11.jpg,GX010274.MP4_snapshot_27.51.784.JPG,train,KM_POST,11,3514,1120,124,153
processed\train\KM_POST\GX010274.MP4_snapshot_29.33.645_crop00_11.jpg,C:\Users\ASUS G 16 JVR\Desktop\deepLearning_CNN\dataset\processed\train\KM_POST\GX010274.MP4_snapshot_29.33.645_crop00_11.jpg,GX010274.MP4_snapshot_29.33.645_crop00_11.jpg,GX010274.MP4_snapshot_29.33.645.JPG,train,KM_POST,11,3386,1118,110,132
processed\train\KM_POST\GX010274.MP4_snapshot_30.18.727_crop00_11.jpg,C:\Users\ASUS G 16 JVR\Desktop\deepLearning_CNN\dataset\processed\train\KM_POST\GX010274.MP4_snapshot_30.18.727_crop00_11.jpg,GX010274.MP4_snapshot_30.18.727_crop00_11.jpg,GX010274.MP4_snapshot_30.18.727.JPG,train,KM_POST,11,3337,1126,102,130
processed\train\KM_POST\GX010274.MP4_snapshot_32.50.801_crop00_11.jpg,C:\Users\ASUS G 16 JVR\Desktop\deepLearning_CNN\dataset\processed\train\KM_POST\GX010274.MP4_snapshot_32.50.801_crop00_11.jpg,GX010274.MP4_snapshot_32.50.801_crop00_11.jpg,GX010274.MP4_snapshot_32.50.801.JPG,train,KM_POST,11,2717,1116,53,71
processed\train\KM_POST\GX010274.MP4_snapshot_32.50.801_crop01_11.jpg,C:\Users\ASUS G 16 JVR\Desktop\deepLearning_CNN\dataset\processed\train\KM_POST\GX010274.MP4_snapshot_32.50.801_crop01_11.jpg,GX010274.MP4_snapshot_32.50.801_crop01_11.jpg,GX010274.MP4_snapshot_32.50.801.JPG,train,KM_POST,11,679,1202,55,75
processed\train\KM_POST\GX010274.MP4_snapshot_32.51.332_crop00_11.jpg,C:\Users\ASUS G 16 JVR\Desktop\deepLearning_CNN\dataset\processed\train\KM_POST\GX010274.MP4_snapshot_32.51.332_crop00_11.jpg,GX010274.MP4_snapshot_32.51.332_crop00_11.jpg,GX010274.MP4_snapshot_32.51.332.JPG,train,KM_POST,11,3351,1131,112,146
processed\train\KM_POST\GX010274.MP4_snapshot_33.39.359_crop00_11.jpg,C:\Users\ASUS G 16 JVR\Desktop\deepLearning_CNN\dataset\processed\train\KM_POST\GX010274.MP4_snapshot_33.39.359_crop00_11.jpg,GX010274.MP4_snapshot_33.39.359_crop00_11.jpg,GX010274.MP4_snapshot_33.39.359.JPG,train,KM_POST,11,2729,1137,84,99
processed\train\KM_POST\GX010274.MP4_snapshot_33.39.584_crop00_11.jpg,C:\Users\ASUS G 16 JVR\Desktop\deepLearning_CNN\dataset\processed\train\KM_POST\GX010274.MP4_snapshot_33.39.584_crop00_11.jpg,GX010274.MP4_snapshot_33.39.584_crop00_11.jpg,GX010274.MP4_snapshot_33.39.584.JPG,train,KM_POST,11,3058,1150,120,138
processed\train\KM_POST\GX010274.MP4_snapshot_35.13.268_crop00_11.jpg,C:\Users\ASUS G 16 JVR\Desktop\deepLearning_CNN\dataset\processed\train\KM_POST\GX010274.MP4_snapshot_35.13.268_crop00_11.jpg,GX010274.MP4_snapshot_35.13.268_crop00_11.jpg,GX010274.MP4_snapshot_35.13.268.JPG,train,KM_POST,11,2495,1132,54,75
processed\train\KM_POST\GX010274.MP4_snapshot_35.13.268_crop01_11.jpg,C:\Users\ASUS G 16 JVR\Desktop\deepLearning_CNN\dataset\processed\train\KM_POST\GX010274.MP4_snapshot_35.13.268_crop01_11.jpg,GX010274.MP4_snapshot_35.13.268_crop01_11.jpg,GX010274.MP4_snapshot_35.13.268.JPG,train,KM_POST,11,455,1228,57,73
processed\train\KM_POST\GX010274.MP4_snapshot_35.13.817_crop00_11.jpg,C:\Users\ASUS G 16 JVR\Desktop\deepLearning_CNN\dataset\processed\train\KM_POST\GX010274.MP4_snapshot_35.13.817_crop00_11.jpg,GX010274.MP4_snapshot_35.13.817_crop00_11.jpg,GX010274.MP4_snapshot_35.13.817.JPG,train,KM_POST,11,2916,1151,89,120
processed\train\KM_POST\GX010275.MP4_snapshot_06.55.562_crop00_11.jpg,C:\Users\ASUS G 16 JVR\Desktop\deepLearning_CNN\dataset\processed\train\KM_POST\GX010275.MP4_snapshot_06.55.562_crop00_11.jpg,GX010275.MP4_snapshot_06.55.562_crop00_11.jpg,GX010275.MP4_snapshot_06.55.562.JPG,train,KM_POST,11,2161,978,43,67
processed\train\KM_POST\GX010275.MP4_snapshot_08.29.454_crop00_11.jpg,C:\Users\ASUS G 16 JVR\Desktop\deepLearning_CNN\dataset\processed\train\KM_POST\GX010275.MP4_snapshot_08.29.454_crop00_11.jpg,GX010275.MP4_snapshot_08.29.454_crop00_11.jpg,GX010275.MP4_snapshot_08.29.454.JPG,train,KM_POST,11,2338,990,67,89
processed\train\KM_POST\GX010275.MP4_snapshot_08.30.175_crop00_11.jpg,C:\Users\ASUS G 16 JVR\Desktop\deepLearning_CNN\dataset\processed\train\KM_POST\GX010275.MP4_snapshot_08.30.175_crop00_11.jpg,GX010275.MP4_snapshot_08.30.175_crop00_11.jpg,GX010275.MP4_snapshot_08.30.175.JPG,train,KM_POST,11,2723,1033,124,157
processed\train\KM_POST\GX010275.MP4_snapshot_09.51.067_crop00_11.jpg,C:\Users\ASUS G 16 JVR\Desktop\deepLearning_CNN\dataset\processed\train\KM_POST\GX010275.MP4_snapshot_09.51.067_crop00_11.jpg,GX010275.MP4_snapshot_09.51.067_crop00_11.jpg,GX010275.MP4_snapshot_09.51.067.JPG,train,KM_POST,11,2306,976,49,67
processed\train\KM_POST\GX010275.MP4_snapshot_09.52.142_crop00_11.jpg,C:\Users\ASUS G 16 JVR\Desktop\deepLearning_CNN\dataset\processed\train\KM_POST\GX010275.MP4_snapshot_09.52.142_crop00_11.jpg,GX010275.MP4_snapshot_09.52.142_crop00_11.jpg,GX010275.MP4_snapshot_09.52.142.JPG,train,KM_POST,11,2987,1043,153,181
processed\train\KM_POST\GX010275.MP4_snapshot_10.59.807_crop00_11.jpg,C:\Users\ASUS G 16 JVR\Desktop\deepLearning_CNN\dataset\processed\train\KM_POST\GX010275.MP4_snapshot_10.59.807_crop00_11.jpg,GX010275.MP4_snapshot_10.59.807_crop00_11.jpg,GX010275.MP4_snapshot_10.59.807.JPG,train,KM_POST,11,2387,980,63,87
processed\train\KM_POST\GX010275.MP4_snapshot_11.00.378_crop00_11.jpg,C:\Users\ASUS G 16 JVR\Desktop\deepLearning_CNN\dataset\processed\train\KM_POST\GX010275.MP4_snapshot_11.00.378_crop00_11.jpg,GX010275.MP4_snapshot_11.00.378_crop00_11.jpg,GX010275.MP4_snapshot_11.00.378.JPG,train,KM_POST,11,2749,1015,112,128
processed\train\KM_POST\GX010275.MP4_snapshot_11.58.728_crop00_11.jpg,C:\Users\ASUS G 16 JVR\Desktop\deepLearning_CNN\dataset\processed\train\KM_POST\GX010275.MP4_snapshot_11.58.728_crop00_11.jpg,GX010275.MP4_snapshot_11.58.728_crop00_11.jpg,GX010275.MP4_snapshot_11.58.728.JPG,train,KM_POST,11,2377,984,55,81
processed\train\KM_POST\GX010275.MP4_snapshot_11.59.341_crop00_11.jpg,C:\Users\ASUS G 16 JVR\Desktop\deepLearning_CNN\dataset\processed\train\KM_POST\GX010275.MP4_snapshot_11.59.341_crop00_11.jpg,GX010275.MP4_snapshot_11.59.341_crop00_11.jpg,GX010275.MP4_snapshot_11.59.341.JPG,train,KM_POST,11,2747,1019,102,130
processed\train\KM_POST\GX010275.MP4_snapshot_13.04.030_crop00_11.jpg,C:\Users\ASUS G 16 JVR\Desktop\deepLearning_CNN\dataset\processed\train\KM_POST\GX010275.MP4_snapshot_13.04.030_crop00_11.jpg,GX010275.MP4_snapshot_13.04.030_crop00_11.jpg,GX010275.MP4_snapshot_13.04.030.JPG,train,KM_POST,11,2137,964,43,55
processed\train\KM_POST\GX010275.MP4_snapshot_13.05.179_crop00_11.jpg,C:\Users\ASUS G 16 JVR\Desktop\deepLearning_CNN\dataset\processed\train\KM_POST\GX010275.MP4_snapshot_13.05.179_crop00_11.jpg,GX010275.MP4_snapshot_13.05.179_crop00_11.jpg,GX010275.MP4_snapshot_13.05.179.JPG,train,KM_POST,11,2554,1013,110,142
processed\train\KM_POST\GX010275.MP4_snapshot_14.06.239_crop00_11.jpg,C:\Users\ASUS G 16 JVR\Desktop\deepLearning_CNN\dataset\processed\train\KM_POST\GX010275.MP4_snapshot_14.06.239_crop00_11.jpg,GX010275.MP4_snapshot_14.06.239_crop00_11.jpg,GX010275.MP4_snapshot_14.06.239.JPG,train,KM_POST,11,2298,998,63,83
processed\train\KM_POST\GX010275.MP4_snapshot_14.07.004_crop00_11.jpg,C:\Users\ASUS G 16 JVR\Desktop\deepLearning_CNN\dataset\processed\train\KM_POST\GX010275.MP4_snapshot_14.07.004_crop00_11.jpg,GX010275.MP4_snapshot_14.07.004_crop00_11.jpg,GX010275.MP4_snapshot_14.07.004.JPG,train,KM_POST,11,2692,1033,114,153
processed\train\KM_POST\GX010275.MP4_snapshot_15.40.441_crop00_11.jpg,C:\Users\ASUS G 16 JVR\Desktop\deepLearning_CNN\dataset\processed\train\KM_POST\GX010275.MP4_snapshot_15.40.441_crop00_11.jpg,GX010275.MP4_snapshot_15.40.441_crop00_11.jpg,GX010275.MP4_snapshot_15.40.441.JPG,train,KM_POST,11,3109,1053,98,205
processed\train\KM_POST\GX010275.MP4_snapshot_17.00.596_crop00_11.jpg,C:\Users\ASUS G 16 JVR\Desktop\deepLearning_CNN\dataset\processed\train\KM_POST\GX010275.MP4_snapshot_17.00.596_crop00_11.jpg,GX010275.MP4_snapshot_17.00.596_crop00_11.jpg,GX010275.MP4_snapshot_17.00.596.JPG,train,KM_POST,11,2867,1084,122,148
processed\train\KM_POST\GX010275.MP4_snapshot_18.08.137_crop00_11.jpg,C:\Users\ASUS G 16 JVR\Desktop\deepLearning_CNN\dataset\processed\train\KM_POST\GX010275.MP4_snapshot_18.08.137_crop00_11.jpg,GX010275.MP4_snapshot_18.08.137_crop00_11.jpg,GX010275.MP4_snapshot_18.08.137.JPG,train,KM_POST,11,2275,998,59,75
processed\train\KM_POST\GX010275.MP4_snapshot_18.09.180_crop00_11.jpg,C:\Users\ASUS G 16 JVR\Desktop\deepLearning_CNN\dataset\processed\train\KM_POST\GX010275.MP4_snapshot_18.09.180_crop00_11.jpg,GX010275.MP4_snapshot_18.09.180_crop00_11.jpg,GX010275.MP4_snapshot_18.09.180.JPG,train,KM_POST,11,3286,1100,228,266
processed\train\KM_POST\GX010275.MP4_snapshot_19.13.724_crop00_11.jpg,C:\Users\ASUS G 16 JVR\Desktop\deepLearning_CNN\dataset\processed\train\KM_POST\GX010275.MP4_snapshot_19.13.724_crop00_11.jpg,GX010275.MP4_snapshot_19.13.724_crop00_11.jpg,GX010275.MP4_snapshot_19.13.724.JPG,train,KM_POST,11,2959,1007,132,173
processed\train\KM_POST\GX010275.MP4_snapshot_21.15.654_crop00_11.jpg,C:\Users\ASUS G 16 JVR\Desktop\deepLearning_CNN\dataset\processed\train\KM_POST\GX010275.MP4_snapshot_21.15.654_crop00_11.jpg,GX010275.MP4_snapshot_21.15.654_crop00_11.jpg,GX010275.MP4_snapshot_21.15.654.JPG,train,KM_POST,11,2355,1009,55,85
processed\train\PEDESTRAIN_CROSSING\GX010275.MP4_snapshot_21.15.654_crop01_17.jpg,C:\Users\ASUS G 16 JVR\Desktop\deepLearning_CNN\dataset\processed\train\PEDESTRAIN_CROSSING\GX010275.MP4_snapshot_21.15.654_crop01_17.jpg,GX010275.MP4_snapshot_21.15.654_crop01_17.jpg,GX010275.MP4_snapshot_21.15.654.JPG,train,PEDESTRAIN_CROSSING,17,2139,797,57,61
processed\train\CROSS_ROAD\GX010275.MP4_snapshot_21.15.654_crop02_06.jpg,C:\Users\ASUS G 16 JVR\Desktop\deepLearning_CNN\dataset\processed\train\CROSS_ROAD\GX010275.MP4_snapshot_21.15.654_crop02_06.jpg,GX010275.MP4_snapshot_21.15.654_crop02_06.jpg,GX010275.MP4_snapshot_21.15.654.JPG,train,CROSS_ROAD,6,2139,862,55,53
processed\train\KM_POST\GX010275.MP4_snapshot_22.24.297_crop00_11.jpg,C:\Users\ASUS G 16 JVR\Desktop\deepLearning_CNN\dataset\processed\train\KM_POST\GX010275.MP4_snapshot_22.24.297_crop00_11.jpg,GX010275.MP4_snapshot_22.24.297_crop00_11.jpg,GX010275.MP4_snapshot_22.24.297.JPG,train,KM_POST,11,2279,992,47,65
processed\train\KM_POST\GX010275.MP4_snapshot_22.25.437_crop00_11.jpg,C:\Users\ASUS G 16 JVR\Desktop\deepLearning_CNN\dataset\processed\train\KM_POST\GX010275.MP4_snapshot_22.25.437_crop00_11.jpg,GX010275.MP4_snapshot_22.25.437_crop00_11.jpg,GX010275.MP4_snapshot_22.25.437.JPG,train,KM_POST,11,2861,1045,118,146
processed\train\DIRECTION\GX010275.MP4_snapshot_24.15.441_crop00_07.jpg,C:\Users\ASUS G 16 JVR\Desktop\deepLearning_CNN\dataset\processed\train\DIRECTION\GX010275.MP4_snapshot_24.15.441_crop00_07.jpg,GX010275.MP4_snapshot_24.15.441_crop00_07.jpg,GX010275.MP4_snapshot_24.15.441.JPG,train,DIRECTION,7,2021,218,523,258
processed\train\KM_POST\GX010275.MP4_snapshot_24.29.436_crop00_11.jpg,C:\Users\ASUS G 16 JVR\Desktop\deepLearning_CNN\dataset\processed\train\KM_POST\GX010275.MP4_snapshot_24.29.436_crop00_11.jpg,GX010275.MP4_snapshot_24.29.436_crop00_11.jpg,GX010275.MP4_snapshot_24.29.436.JPG,train,KM_POST,11,3097,1049,128,165
processed\train\KM_POST\GX010275.MP4_snapshot_25.42.146_crop00_11.jpg,C:\Users\ASUS G 16 JVR\Desktop\deepLearning_CNN\dataset\processed\train\KM_POST\GX010275.MP4_snapshot_25.42.146_crop00_11.jpg,GX010275.MP4_snapshot_25.42.146_crop00_11.jpg,GX010275.MP4_snapshot_25.42.146.JPG,train,KM_POST,11,2222,968,45,61
processed\train\KM_POST\GX010275.MP4_snapshot_25.43.035_crop00_11.jpg,C:\Users\ASUS G 16 JVR\Desktop\deepLearning_CNN\dataset\processed\train\KM_POST\GX010275.MP4_snapshot_25.43.035_crop00_11.jpg,GX010275.MP4_snapshot_25.43.035_crop00_11.jpg,GX010275.MP4_snapshot_25.43.035.JPG,train,KM_POST,11,2666,1017,102,136
processed\train\KM_POST\GX010275.MP4_snapshot_26.34.748_crop00_11.jpg,C:\Users\ASUS G 16 JVR\Desktop\deepLearning_CNN\dataset\processed\train\KM_POST\GX010275.MP4_snapshot_26.34.748_crop00_11.jpg,GX010275.MP4_snapshot_26.34.748_crop00_11.jpg,GX010275.MP4_snapshot_26.34.748.JPG,train,KM_POST,11,2316,980,55,69
processed\train\KM_POST\GX010275.MP4_snapshot_27.28.522_crop00_11.jpg,C:\Users\ASUS G 16 JVR\Desktop\deepLearning_CNN\dataset\processed\train\KM_POST\GX010275.MP4_snapshot_27.28.522_crop00_11.jpg,GX010275.MP4_snapshot_27.28.522_crop00_11.jpg,GX010275.MP4_snapshot_27.28.522.JPG,train,KM_POST,11,2346,984,59,81
processed\train\KM_POST\GX010275.MP4_snapshot_27.29.223_crop00_11.jpg,C:\Users\ASUS G 16 JVR\Desktop\deepLearning_CNN\dataset\processed\train\KM_POST\GX010275.MP4_snapshot_27.29.223_crop00_11.jpg,GX010275.MP4_snapshot_27.29.223_crop00_11.jpg,GX010275.MP4_snapshot_27.29.223.JPG,train,KM_POST,11,2719,1019,106,140
processed\train\KM_POST\GX010275.MP4_snapshot_28.36.669_crop00_11.jpg,C:\Users\ASUS G 16 JVR\Desktop\deepLearning_CNN\dataset\processed\train\KM_POST\GX010275.MP4_snapshot_28.36.669_crop00_11.jpg,GX010275.MP4_snapshot_28.36.669_crop00_11.jpg,GX010275.MP4_snapshot_28.36.669.JPG,train,KM_POST,11,2452,1009,53,126
processed\train\KM_POST\GX010275.MP4_snapshot_28.37.265_crop00_11.jpg,C:\Users\ASUS G 16 JVR\Desktop\deepLearning_CNN\dataset\processed\train\KM_POST\GX010275.MP4_snapshot_28.37.265_crop00_11.jpg,GX010275.MP4_snapshot_28.37.265_crop00_11.jpg,GX010275.MP4_snapshot_28.37.265.JPG,train,KM_POST,11,3005,1076,120,248
processed\train\KM_POST\GX010275.MP4_snapshot_29.50.501_crop00_11.jpg,C:\Users\ASUS G 16 JVR\Desktop\deepLearning_CNN\dataset\processed\train\KM_POST\GX010275.MP4_snapshot_29.50.501_crop00_11.jpg,GX010275.MP4_snapshot_29.50.501_crop00_11.jpg,GX010275.MP4_snapshot_29.50.501.JPG,train,KM_POST,11,2387,998,59,83
processed\train\KM_POST\GX010275.MP4_snapshot_29.51.229_crop00_11.jpg,C:\Users\ASUS G 16 JVR\Desktop\deepLearning_CNN\dataset\processed\train\KM_POST\GX010275.MP4_snapshot_29.51.229_crop00_11.jpg,GX010275.MP4_snapshot_29.51.229_crop00_11.jpg,GX010275.MP4_snapshot_29.51.229.JPG,train,KM_POST,11,3032,1065,142,175
processed\train\KM_POST\GX010275.MP4_snapshot_30.59.287_crop00_11.jpg,C:\Users\ASUS G 16 JVR\Desktop\deepLearning_CNN\dataset\processed\train\KM_POST\GX010275.MP4_snapshot_30.59.287_crop00_11.jpg,GX010275.MP4_snapshot_30.59.287_crop00_11.jpg,GX010275.MP4_snapshot_30.59.287.JPG,train,KM_POST,11,2818,1047,110,144
processed\train\KM_POST\GX010275.MP4_snapshot_32.03.249_crop00_11.jpg,C:\Users\ASUS G 16 JVR\Desktop\deepLearning_CNN\dataset\processed\train\KM_POST\GX010275.MP4_snapshot_32.03.249_crop00_11.jpg,GX010275.MP4_snapshot_32.03.249_crop00_11.jpg,GX010275.MP4_snapshot_32.03.249.JPG,train,KM_POST,11,2595,1023,96,120
processed\train\KM_POST\GX010275.MP4_snapshot_33.01.868_crop00_11.jpg,C:\Users\ASUS G 16 JVR\Desktop\deepLearning_CNN\dataset\processed\train\KM_POST\GX010275.MP4_snapshot_33.01.868_crop00_11.jpg,GX010275.MP4_snapshot_33.01.868_crop00_11.jpg,GX010275.MP4_snapshot_33.01.868.JPG,train,KM_POST,11,2188,978,41,57
processed\train\KM_POST\GX010275.MP4_snapshot_33.54.553_crop00_11.jpg,C:\Users\ASUS G 16 JVR\Desktop\deepLearning_CNN\dataset\processed\train\KM_POST\GX010275.MP4_snapshot_33.54.553_crop00_11.jpg,GX010275.MP4_snapshot_33.54.553_crop00_11.jpg,GX010275.MP4_snapshot_33.54.553.JPG,train,KM_POST,11,2910,1053,112,155
processed\train\KM_POST\GX010275.MP4_snapshot_34.45.698_crop00_11.jpg,C:\Users\ASUS G 16 JVR\Desktop\deepLearning_CNN\dataset\processed\train\KM_POST\GX010275.MP4_snapshot_34.45.698_crop00_11.jpg,GX010275.MP4_snapshot_34.45.698_crop00_11.jpg,GX010275.MP4_snapshot_34.45.698.JPG,train,KM_POST,11,2666,1041,75,104
processed\train\KM_POST\GX010276.MP4_snapshot_00.07.640_crop00_11.jpg,C:\Users\ASUS G 16 JVR\Desktop\deepLearning_CNN\dataset\processed\train\KM_POST\GX010276.MP4_snapshot_00.07.640_crop00_11.jpg,GX010276.MP4_snapshot_00.07.640_crop00_11.jpg,GX010276.MP4_snapshot_00.07.640.JPG,train,KM_POST,11,2351,998,53,73
processed\train\KM_POST\GX010276.MP4_snapshot_00.08.432_crop00_11.jpg,C:\Users\ASUS G 16 JVR\Desktop\deepLearning_CNN\dataset\processed\train\KM_POST\GX010276.MP4_snapshot_00.08.432_crop00_11.jpg,GX010276.MP4_snapshot_00.08.432_crop00_11.jpg,GX010276.MP4_snapshot_00.08.432.JPG,train,KM_POST,11,3524,1120,205,240
processed\train\KM_POST\GX010276.MP4_snapshot_03.56.431_crop00_11.jpg,C:\Users\ASUS G 16 JVR\Desktop\deepLearning_CNN\dataset\processed\train\KM_POST\GX010276.MP4_snapshot_03.56.431_crop00_11.jpg,GX010276.MP4_snapshot_03.56.431_crop00_11.jpg,GX010276.MP4_snapshot_03.56.431.JPG,train,KM_POST,11,2621,1023,85,120
processed\train\KM_POST\GX010276.MP4_snapshot_04.48.403_crop00_11.jpg,C:\Users\ASUS G 16 JVR\Desktop\deepLearning_CNN\dataset\processed\train\KM_POST\GX010276.MP4_snapshot_04.48.403_crop00_11.jpg,GX010276.MP4_snapshot_04.48.403_crop00_11.jpg,GX010276.MP4_snapshot_04.48.403.JPG,train,KM_POST,11,2322,986,53,69
processed\train\KM_POST\GX010276.MP4_snapshot_05.40.625_crop00_11.jpg,C:\Users\ASUS G 16 JVR\Desktop\deepLearning_CNN\dataset\processed\train\KM_POST\GX010276.MP4_snapshot_05.40.625_crop00_11.jpg,GX010276.MP4_snapshot_05.40.625_crop00_11.jpg,GX010276.MP4_snapshot_05.40.625.JPG,train,KM_POST,11,2798,1072,73,94
processed\train\KM_POST\GX010276.MP4_snapshot_07.09.560_crop00_11.jpg,C:\Users\ASUS G 16 JVR\Desktop\deepLearning_CNN\dataset\processed\train\KM_POST\GX010276.MP4_snapshot_07.09.560_crop00_11.jpg,GX010276.MP4_snapshot_07.09.560_crop00_11.jpg,GX010276.MP4_snapshot_07.09.560.JPG,train,KM_POST,11,2288,980,57,71
processed\train\KM_POST\GX010276.MP4_snapshot_08.06.083_crop00_11.jpg,C:\Users\ASUS G 16 JVR\Desktop\deepLearning_CNN\dataset\processed\train\KM_POST\GX010276.MP4_snapshot_08.06.083_crop00_11.jpg,GX010276.MP4_snapshot_08.06.083_crop00_11.jpg,GX010276.MP4_snapshot_08.06.083.JPG,train,KM_POST,11,2204,986,39,59
processed\train\KM_POST\GX010276.MP4_snapshot_08.07.892_crop00_11.jpg,C:\Users\ASUS G 16 JVR\Desktop\deepLearning_CNN\dataset\processed\train\KM_POST\GX010276.MP4_snapshot_08.07.892_crop00_11.jpg,GX010276.MP4_snapshot_08.07.892_crop00_11.jpg,GX010276.MP4_snapshot_08.07.892.JPG,train,KM_POST,11,3327,1090,193,220
processed\train\40_SPEED_LIMIT\GX010276.MP4_snapshot_08.07.892_crop01_01.jpg,C:\Users\ASUS G 16 JVR\Desktop\deepLearning_CNN\dataset\processed\train\40_SPEED_LIMIT\GX010276.MP4_snapshot_08.07.892_crop01_01.jpg,GX010276.MP4_snapshot_08.07.892_crop01_01.jpg,GX010276.MP4_snapshot_08.07.892.JPG,train,40_SPEED_LIMIT,1,2310,836,69,75
processed\train\KM_POST\GX010276.MP4_snapshot_09.15.905_crop00_11.jpg,C:\Users\ASUS G 16 JVR\Desktop\deepLearning_CNN\dataset\processed\train\KM_POST\GX010276.MP4_snapshot_09.15.905_crop00_11.jpg,GX010276.MP4_snapshot_09.15.905_crop00_11.jpg,GX010276.MP4_snapshot_09.15.905.JPG,train,KM_POST,11,2273,990,51,65
processed\train\KM_POST\GX010276.MP4_snapshot_09.16.792_crop00_11.jpg,C:\Users\ASUS G 16 JVR\Desktop\deepLearning_CNN\dataset\processed\train\KM_POST\GX010276.MP4_snapshot_09.16.792_crop00_11.jpg,GX010276.MP4_snapshot_09.16.792_crop00_11.jpg,GX010276.MP4_snapshot_09.16.792.JPG,train,KM_POST,11,2745,1031,106,128
processed\train\KM_POST\GX010276.MP4_snapshot_10.13.618_crop00_11.jpg,C:\Users\ASUS G 16 JVR\Desktop\deepLearning_CNN\dataset\processed\train\KM_POST\GX010276.MP4_snapshot_10.13.618_crop00_11.jpg,GX010276.MP4_snapshot_10.13.618_crop00_11.jpg,GX010276.MP4_snapshot_10.13.618.JPG,train,KM_POST,11,2320,1013,39,49
processed\train\KM_POST\GX010276.MP4_snapshot_10.56.230_crop00_11.jpg,C:\Users\ASUS G 16 JVR\Desktop\deepLearning_CNN\dataset\processed\train\KM_POST\GX010276.MP4_snapshot_10.56.230_crop00_11.jpg,GX010276.MP4_snapshot_10.56.230_crop00_11.jpg,GX010276.MP4_snapshot_10.56.230.JPG,train,KM_POST,11,2239,980,43,61
processed\train\KM_POST\GX010276.MP4_snapshot_10.57.217_crop00_11.jpg,C:\Users\ASUS G 16 JVR\Desktop\deepLearning_CNN\dataset\processed\train\KM_POST\GX010276.MP4_snapshot_10.57.217_crop00_11.jpg,GX010276.MP4_snapshot_10.57.217_crop00_11.jpg,GX010276.MP4_snapshot_10.57.217.JPG,train,KM_POST,11,3024,1070,148,177
processed\train\KM_POST\GX010276.MP4_snapshot_11.48.603_crop00_11.jpg,C:\Users\ASUS G 16 JVR\Desktop\deepLearning_CNN\dataset\processed\train\KM_POST\GX010276.MP4_snapshot_11.48.603_crop00_11.jpg,GX010276.MP4_snapshot_11.48.603_crop00_11.jpg,GX010276.MP4_snapshot_11.48.603.JPG,train,KM_POST,11,3018,1061,118,256
processed\train\KM_POST\GX010276.MP4_snapshot_12.43.510_crop00_11.jpg,C:\Users\ASUS G 16 JVR\Desktop\deepLearning_CNN\dataset\processed\train\KM_POST\GX010276.MP4_snapshot_12.43.510_crop00_11.jpg,GX010276.MP4_snapshot_12.43.510_crop00_11.jpg,GX010276.MP4_snapshot_12.43.510.JPG,train,KM_POST,11,2328,978,49,67
processed\train\KM_POST\GX010276.MP4_snapshot_12.44.457_crop00_11.jpg,C:\Users\ASUS G 16 JVR\Desktop\deepLearning_CNN\dataset\processed\train\KM_POST\GX010276.MP4_snapshot_12.44.457_crop00_11.jpg,GX010276.MP4_snapshot_12.44.457_crop00_11.jpg,GX010276.MP4_snapshot_12.44.457.JPG,train,KM_POST,11,3011,1051,144,175
processed\train\KM_POST\GX010276.MP4_snapshot_13.41.822_crop00_11.jpg,C:\Users\ASUS G 16 JVR\Desktop\deepLearning_CNN\dataset\processed\train\KM_POST\GX010276.MP4_snapshot_13.41.822_crop00_11.jpg,GX010276.MP4_snapshot_13.41.822_crop00_11.jpg,GX010276.MP4_snapshot_13.41.822.JPG,train,KM_POST,11,2253,990,51,69
processed\train\KM_POST\GX010276.MP4_snapshot_14.42.168_crop00_11.jpg,C:\Users\ASUS G 16 JVR\Desktop\deepLearning_CNN\dataset\processed\train\KM_POST\GX010276.MP4_snapshot_14.42.168_crop00_11.jpg,GX010276.MP4_snapshot_14.42.168_crop00_11.jpg,GX010276.MP4_snapshot_14.42.168.JPG,train,KM_POST,11,2499,1025,65,85
processed\train\KM_POST\GX010276.MP4_snapshot_15.32.423_crop00_11.jpg,C:\Users\ASUS G 16 JVR\Desktop\deepLearning_CNN\dataset\processed\train\KM_POST\GX010276.MP4_snapshot_15.32.423_crop00_11.jpg,GX010276.MP4_snapshot_15.32.423_crop00_11.jpg,GX010276.MP4_snapshot_15.32.423.JPG,train,KM_POST,11,3051,1067,147,178
processed\train\KM_POST\GX010276.MP4_snapshot_17.23.544_crop00_11.jpg,C:\Users\ASUS G 16 JVR\Desktop\deepLearning_CNN\dataset\processed\train\KM_POST\GX010276.MP4_snapshot_17.23.544_crop00_11.jpg,GX010276.MP4_snapshot_17.23.544_crop00_11.jpg,GX010276.MP4_snapshot_17.23.544.JPG,train,KM_POST,11,2227,980,47,65
processed\train\KM_POST\GX010276.MP4_snapshot_18.49.161_crop00_11.jpg,C:\Users\ASUS G 16 JVR\Desktop\deepLearning_CNN\dataset\processed\train\KM_POST\GX010276.MP4_snapshot_18.49.161_crop00_11.jpg,GX010276.MP4_snapshot_18.49.161_crop00_11.jpg,GX010276.MP4_snapshot_18.49.161.JPG,train,KM_POST,11,2328,990,49,73
processed\train\KM_POST\GX010276.MP4_snapshot_18.50.160_crop00_11.jpg,C:\Users\ASUS G 16 JVR\Desktop\deepLearning_CNN\dataset\processed\train\KM_POST\GX010276.MP4_snapshot_18.50.160_crop00_11.jpg,GX010276.MP4_snapshot_18.50.160_crop00_11.jpg,GX010276.MP4_snapshot_18.50.160.JPG,train,KM_POST,11,3060,1072,136,169
processed\train\KM_POST\GX010276.MP4_snapshot_19.42.498_crop00_11.jpg,C:\Users\ASUS G 16 JVR\Desktop\deepLearning_CNN\dataset\processed\train\KM_POST\GX010276.MP4_snapshot_19.42.498_crop00_11.jpg,GX010276.MP4_snapshot_19.42.498_crop00_11.jpg,GX010276.MP4_snapshot_19.42.498.JPG,train,KM_POST,11,2340,984,47,65
processed\train\KM_POST\GX010276.MP4_snapshot_19.43.306_crop00_11.jpg,C:\Users\ASUS G 16 JVR\Desktop\deepLearning_CNN\dataset\processed\train\KM_POST\GX010276.MP4_snapshot_19.43.306_crop00_11.jpg,GX010276.MP4_snapshot_19.43.306_crop00_11.jpg,GX010276.MP4_snapshot_19.43.306.JPG,train,KM_POST,11,3174,1061,144,169
processed\train\KM_POST\GX010276.MP4_snapshot_20.30.475_crop00_11.jpg,C:\Users\ASUS G 16 JVR\Desktop\deepLearning_CNN\dataset\processed\train\KM_POST\GX010276.MP4_snapshot_20.30.475_crop00_11.jpg,GX010276.MP4_snapshot_20.30.475_crop00_11.jpg,GX010276.MP4_snapshot_20.30.475.JPG,train,KM_POST,11,2497,996,65,85
processed\train\KM_POST\GX010276.MP4_snapshot_20.31.115_crop00_11.jpg,C:\Users\ASUS G 16 JVR\Desktop\deepLearning_CNN\dataset\processed\train\KM_POST\GX010276.MP4_snapshot_20.31.115_crop00_11.jpg,GX010276.MP4_snapshot_20.31.115_crop00_11.jpg,GX010276.MP4_snapshot_20.31.115.JPG,train,KM_POST,11,3512,1090,197,216
processed\train\KM_POST\GX010276.MP4_snapshot_22.01.651_crop00_11.jpg,C:\Users\ASUS G 16 JVR\Desktop\deepLearning_CNN\dataset\processed\train\KM_POST\GX010276.MP4_snapshot_22.01.651_crop00_11.jpg,GX010276.MP4_snapshot_22.01.651_crop00_11.jpg,GX010276.MP4_snapshot_22.01.651.JPG,train,KM_POST,11,3137,1059,148,187
processed\train\KM_POST\GX010276.MP4_snapshot_22.57.859_crop00_11.jpg,C:\Users\ASUS G 16 JVR\Desktop\deepLearning_CNN\dataset\processed\train\KM_POST\GX010276.MP4_snapshot_22.57.859_crop00_11.jpg,GX010276.MP4_snapshot_22.57.859_crop00_11.jpg,GX010276.MP4_snapshot_22.57.859.JPG,train,KM_POST,11,2294,990,49,69
processed\train\KM_POST\GX010276.MP4_snapshot_22.58.512_crop00_11.jpg,C:\Users\ASUS G 16 JVR\Desktop\deepLearning_CNN\dataset\processed\train\KM_POST\GX010276.MP4_snapshot_22.58.512_crop00_11.jpg,GX010276.MP4_snapshot_22.58.512_crop00_11.jpg,GX010276.MP4_snapshot_22.58.512.JPG,train,KM_POST,11,2721,1033,102,132
processed\train\KM_POST\GX010276.MP4_snapshot_25.15.151_crop00_11.jpg,C:\Users\ASUS G 16 JVR\Desktop\deepLearning_CNN\dataset\processed\train\KM_POST\GX010276.MP4_snapshot_25.15.151_crop00_11.jpg,GX010276.MP4_snapshot_25.15.151_crop00_11.jpg,GX010276.MP4_snapshot_25.15.151.JPG,train,KM_POST,11,2446,1013,65,87
processed\train\KM_POST\GX010276.MP4_snapshot_26.02.745_crop00_11.jpg,C:\Users\ASUS G 16 JVR\Desktop\deepLearning_CNN\dataset\processed\train\KM_POST\GX010276.MP4_snapshot_26.02.745_crop00_11.jpg,GX010276.MP4_snapshot_26.02.745_crop00_11.jpg,GX010276.MP4_snapshot_26.02.745.JPG,train,KM_POST,11,3101,1096,161,201
processed\train\CHILDREN_CROSSING\GX010276.MP4_snapshot_26.02.745_crop01_05.jpg,C:\Users\ASUS G 16 JVR\Desktop\deepLearning_CNN\dataset\processed\train\CHILDREN_CROSSING\GX010276.MP4_snapshot_26.02.745_crop01_05.jpg,GX010276.MP4_snapshot_26.02.745_crop01_05.jpg,GX010276.MP4_snapshot_26.02.745.JPG,train,CHILDREN_CROSSING,5,2774,668,180,183
processed\train\KM_POST\GX010277.MP4_snapshot_00.15.875_crop00_11.jpg,C:\Users\ASUS G 16 JVR\Desktop\deepLearning_CNN\dataset\processed\train\KM_POST\GX010277.MP4_snapshot_00.15.875_crop00_11.jpg,GX010277.MP4_snapshot_00.15.875_crop00_11.jpg,GX010277.MP4_snapshot_00.15.875.JPG,train,KM_POST,11,2664,1139,89,124
processed\train\KM_POST\GX010277.MP4_snapshot_00.58.029_crop00_11.jpg,C:\Users\ASUS G 16 JVR\Desktop\deepLearning_CNN\dataset\processed\train\KM_POST\GX010277.MP4_snapshot_00.58.029_crop00_11.jpg,GX010277.MP4_snapshot_00.58.029_crop00_11.jpg,GX010277.MP4_snapshot_00.58.029.JPG,train,KM_POST,11,2281,1092,47,69
processed\train\KM_POST\GX010277.MP4_snapshot_00.58.894_crop00_11.jpg,C:\Users\ASUS G 16 JVR\Desktop\deepLearning_CNN\dataset\processed\train\KM_POST\GX010277.MP4_snapshot_00.58.894_crop00_11.jpg,GX010277.MP4_snapshot_00.58.894_crop00_11.jpg,GX010277.MP4_snapshot_00.58.894.JPG,train,KM_POST,11,3180,1151,191,222
processed\train\KM_POST\GX010277.MP4_snapshot_01.44.104_crop00_11.jpg,C:\Users\ASUS G 16 JVR\Desktop\deepLearning_CNN\dataset\processed\train\KM_POST\GX010277.MP4_snapshot_01.44.104_crop00_11.jpg,GX010277.MP4_snapshot_01.44.104_crop00_11.jpg,GX010277.MP4_snapshot_01.44.104.JPG,train,KM_POST,11,3085,1190,102,136
processed\train\KM_POST\GX010277.MP4_snapshot_02.43.213_crop00_11.jpg,C:\Users\ASUS G 16 JVR\Desktop\deepLearning_CNN\dataset\processed\train\KM_POST\GX010277.MP4_snapshot_02.43.213_crop00_11.jpg,GX010277.MP4_snapshot_02.43.213_crop00_11.jpg,GX010277.MP4_snapshot_02.43.213.JPG,train,KM_POST,11,2351,1100,53,65
processed\train\KM_POST\GX010277.MP4_snapshot_02.44.534_crop00_11.jpg,C:\Users\ASUS G 16 JVR\Desktop\deepLearning_CNN\dataset\processed\train\KM_POST\GX010277.MP4_snapshot_02.44.534_crop00_11.jpg,GX010277.MP4_snapshot_02.44.534_crop00_11.jpg,GX010277.MP4_snapshot_02.44.534.JPG,train,KM_POST,11,2957,1133,130,161
processed\train\DIRECTION\GX010277.MP4_snapshot_02.44.534_crop01_07.jpg,C:\Users\ASUS G 16 JVR\Desktop\deepLearning_CNN\dataset\processed\train\DIRECTION\GX010277.MP4_snapshot_02.44.534_crop01_07.jpg,GX010277.MP4_snapshot_02.44.534_crop01_07.jpg,GX010277.MP4_snapshot_02.44.534.JPG,train,DIRECTION,7,2031,728,144,144
processed\train\KM_POST\GX010277.MP4_snapshot_06.57.345_crop00_11.jpg,C:\Users\ASUS G 16 JVR\Desktop\deepLearning_CNN\dataset\processed\train\KM_POST\GX010277.MP4_snapshot_06.57.345_crop00_11.jpg,GX010277.MP4_snapshot_06.57.345_crop00_11.jpg,GX010277.MP4_snapshot_06.57.345.JPG,train,KM_POST,11,2454,1112,67,85
processed\train\KM_POST\GX010277.MP4_snapshot_06.57.905_crop00_11.jpg,C:\Users\ASUS G 16 JVR\Desktop\deepLearning_CNN\dataset\processed\train\KM_POST\GX010277.MP4_snapshot_06.57.905_crop00_11.jpg,GX010277.MP4_snapshot_06.57.905_crop00_11.jpg,GX010277.MP4_snapshot_06.57.905.JPG,train,KM_POST,11,2981,1141,134,177
processed\train\KM_POST\GX010277.MP4_snapshot_07.51.102_crop00_11.jpg,C:\Users\ASUS G 16 JVR\Desktop\deepLearning_CNN\dataset\processed\train\KM_POST\GX010277.MP4_snapshot_07.51.102_crop00_11.jpg,GX010277.MP4_snapshot_07.51.102_crop00_11.jpg,GX010277.MP4_snapshot_07.51.102.JPG,train,KM_POST,11,2349,1092,55,69
processed\train\KM_POST\GX010277.MP4_snapshot_07.52.080_crop00_11.jpg,C:\Users\ASUS G 16 JVR\Desktop\deepLearning_CNN\dataset\processed\train\KM_POST\GX010277.MP4_snapshot_07.52.080_crop00_11.jpg,GX010277.MP4_snapshot_07.52.080_crop00_11.jpg,GX010277.MP4_snapshot_07.52.080.JPG,train,KM_POST,11,3264,1149,214,254
processed\train\80_SPEED_LIMIT\GX010277.MP4_snapshot_07.52.080_crop01_03.jpg,C:\Users\ASUS G 16 JVR\Desktop\deepLearning_CNN\dataset\processed\train\80_SPEED_LIMIT\GX010277.MP4_snapshot_07.52.080_crop01_03.jpg,GX010277.MP4_snapshot_07.52.080_crop01_03.jpg,GX010277.MP4_snapshot_07.52.080.JPG,train,80_SPEED_LIMIT,3,2247,984,55,55
processed\train\KM_POST\GX010277.MP4_snapshot_09.42.729_crop00_11.jpg,C:\Users\ASUS G 16 JVR\Desktop\deepLearning_CNN\dataset\processed\train\KM_POST\GX010277.MP4_snapshot_09.42.729_crop00_11.jpg,GX010277.MP4_snapshot_09.42.729_crop00_11.jpg,GX010277.MP4_snapshot_09.42.729.JPG,train,KM_POST,11,2552,1104,67,81
processed\train\KM_POST\GX010277.MP4_snapshot_10.28.308_crop00_11.jpg,C:\Users\ASUS G 16 JVR\Desktop\deepLearning_CNN\dataset\processed\train\KM_POST\GX010277.MP4_snapshot_10.28.308_crop00_11.jpg,GX010277.MP4_snapshot_10.28.308_crop00_11.jpg,GX010277.MP4_snapshot_10.28.308.JPG,train,KM_POST,11,2481,1106,61,79
processed\train\KM_POST\GX010277.MP4_snapshot_11.24.314_crop00_11.jpg,C:\Users\ASUS G 16 JVR\Desktop\deepLearning_CNN\dataset\processed\train\KM_POST\GX010277.MP4_snapshot_11.24.314_crop00_11.jpg,GX010277.MP4_snapshot_11.24.314_crop00_11.jpg,GX010277.MP4_snapshot_11.24.314.JPG,train,KM_POST,11,3140,1120,83,104
processed\train\KM_POST\GX010277.MP4_snapshot_12.30.687_crop00_11.jpg,C:\Users\ASUS G 16 JVR\Desktop\deepLearning_CNN\dataset\processed\train\KM_POST\GX010277.MP4_snapshot_12.30.687_crop00_11.jpg,GX010277.MP4_snapshot_12.30.687_crop00_11.jpg,GX010277.MP4_snapshot_12.30.687.JPG,train,KM_POST,11,2387,1090,67,89
processed\train\KM_POST\GX010277.MP4_snapshot_12.32.160_crop00_11.jpg,C:\Users\ASUS G 16 JVR\Desktop\deepLearning_CNN\dataset\processed\train\KM_POST\GX010277.MP4_snapshot_12.32.160_crop00_11.jpg,GX010277.MP4_snapshot_12.32.160_crop00_11.jpg,GX010277.MP4_snapshot_12.32.160.JPG,train,KM_POST,11,3485,1153,254,291
processed\train\40_SPEED_LIMIT\GX010277.MP4_snapshot_12.32.160_crop01_01.jpg,C:\Users\ASUS G 16 JVR\Desktop\deepLearning_CNN\dataset\processed\train\40_SPEED_LIMIT\GX010277.MP4_snapshot_12.32.160_crop01_01.jpg,GX010277.MP4_snapshot_12.32.160_crop01_01.jpg,GX010277.MP4_snapshot_12.32.160.JPG,train,40_SPEED_LIMIT,1,2310,973,53,55
processed\train\KM_POST\GX010277.MP4_snapshot_13.46.658_crop00_11.jpg,C:\Users\ASUS G 16 JVR\Desktop\deepLearning_CNN\dataset\processed\train\KM_POST\GX010277.MP4_snapshot_13.46.658_crop00_11.jpg,GX010277.MP4_snapshot_13.46.658_crop00_11.jpg,GX010277.MP4_snapshot_13.46.658.JPG,train,KM_POST,11,2420,1086,67,136
processed\train\KM_POST\GX010277.MP4_snapshot_13.47.299_crop00_11.jpg,C:\Users\ASUS G 16 JVR\Desktop\deepLearning_CNN\dataset\processed\train\KM_POST\GX010277.MP4_snapshot_13.47.299_crop00_11.jpg,GX010277.MP4_snapshot_13.47.299_crop00_11.jpg,GX010277.MP4_snapshot_13.47.299.JPG,train,KM_POST,11,3038,1102,136,248
processed\train\KM_POST\GX010277.MP4_snapshot_14.54.822_crop00_11.jpg,C:\Users\ASUS G 16 JVR\Desktop\deepLearning_CNN\dataset\processed\train\KM_POST\GX010277.MP4_snapshot_14.54.822_crop00_11.jpg,GX010277.MP4_snapshot_14.54.822_crop00_11.jpg,GX010277.MP4_snapshot_14.54.822.JPG,train,KM_POST,11,2424,1090,57,81
processed\train\KM_POST\GX010277.MP4_snapshot_14.55.549_crop00_11.jpg,C:\Users\ASUS G 16 JVR\Desktop\deepLearning_CNN\dataset\processed\train\KM_POST\GX010277.MP4_snapshot_14.55.549_crop00_11.jpg,GX010277.MP4_snapshot_14.55.549_crop00_11.jpg,GX010277.MP4_snapshot_14.55.549.JPG,train,KM_POST,11,2835,1104,104,136
processed\train\KM_POST\GX010277.MP4_snapshot_15.57.729_crop00_11.jpg,C:\Users\ASUS G 16 JVR\Desktop\deepLearning_CNN\dataset\processed\train\KM_POST\GX010277.MP4_snapshot_15.57.729_crop00_11.jpg,GX010277.MP4_snapshot_15.57.729_crop00_11.jpg,GX010277.MP4_snapshot_15.57.729.JPG,train,KM_POST,11,3426,1155,228,262
processed\train\KM_POST\GX010277.MP4_snapshot_16.47.593_crop00_11.jpg,C:\Users\ASUS G 16 JVR\Desktop\deepLearning_CNN\dataset\processed\train\KM_POST\GX010277.MP4_snapshot_16.47.593_crop00_11.jpg,GX010277.MP4_snapshot_16.47.593_crop00_11.jpg,GX010277.MP4_snapshot_16.47.593.JPG,train,KM_POST,11,2414,1100,55,84
processed\train\KM_POST\GX010277.MP4_snapshot_16.48.356_crop00_11.jpg,C:\Users\ASUS G 16 JVR\Desktop\deepLearning_CNN\dataset\processed\train\KM_POST\GX010277.MP4_snapshot_16.48.356_crop00_11.jpg,GX010277.MP4_snapshot_16.48.356_crop00_11.jpg,GX010277.MP4_snapshot_16.48.356.JPG,train,KM_POST,11,3377,1145,187,220
processed\train\KM_POST\GX010277.MP4_snapshot_17.39.675_crop00_11.jpg,C:\Users\ASUS G 16 JVR\Desktop\deepLearning_CNN\dataset\processed\train\KM_POST\GX010277.MP4_snapshot_17.39.675_crop00_11.jpg,GX010277.MP4_snapshot_17.39.675_crop00_11.jpg,GX010277.MP4_snapshot_17.39.675.JPG,train,KM_POST,11,2450,1116,41,57
processed\train\KM_POST\GX010277.MP4_snapshot_18.27.677_crop00_11.jpg,C:\Users\ASUS G 16 JVR\Desktop\deepLearning_CNN\dataset\processed\train\KM_POST\GX010277.MP4_snapshot_18.27.677_crop00_11.jpg,GX010277.MP4_snapshot_18.27.677_crop00_11.jpg,GX010277.MP4_snapshot_18.27.677.JPG,train,KM_POST,11,2312,1094,45,59
processed\train\KM_POST\GX010277.MP4_snapshot_18.28.306_crop00_11.jpg,C:\Users\ASUS G 16 JVR\Desktop\deepLearning_CNN\dataset\processed\train\KM_POST\GX010277.MP4_snapshot_18.28.306_crop00_11.jpg,GX010277.MP4_snapshot_18.28.306_crop00_11.jpg,GX010277.MP4_snapshot_18.28.306.JPG,train,KM_POST,11,2682,1110,98,120
processed\train\KM_POST\GX010277.MP4_snapshot_19.16.353_crop00_11.jpg,C:\Users\ASUS G 16 JVR\Desktop\deepLearning_CNN\dataset\processed\train\KM_POST\GX010277.MP4_snapshot_19.16.353_crop00_11.jpg,GX010277.MP4_snapshot_19.16.353_crop00_11.jpg,GX010277.MP4_snapshot_19.16.353.JPG,train,KM_POST,11,2373,1094,49,63
processed\train\KM_POST\GX010277.MP4_snapshot_19.16.973_crop00_11.jpg,C:\Users\ASUS G 16 JVR\Desktop\deepLearning_CNN\dataset\processed\train\KM_POST\GX010277.MP4_snapshot_19.16.973_crop00_11.jpg,GX010277.MP4_snapshot_19.16.973_crop00_11.jpg,GX010277.MP4_snapshot_19.16.973.JPG,train,KM_POST,11,2776,1108,100,122
processed\train\KM_POST\GX010277.MP4_snapshot_20.26.458_crop00_11.jpg,C:\Users\ASUS G 16 JVR\Desktop\deepLearning_CNN\dataset\processed\train\KM_POST\GX010277.MP4_snapshot_20.26.458_crop00_11.jpg,GX010277.MP4_snapshot_20.26.458_crop00_11.jpg,GX010277.MP4_snapshot_20.26.458.JPG,train,KM_POST,11,2562,1112,67,98
processed\train\KM_POST\GX010277.MP4_snapshot_21.37.001_crop00_11.jpg,C:\Users\ASUS G 16 JVR\Desktop\deepLearning_CNN\dataset\processed\train\KM_POST\GX010277.MP4_snapshot_21.37.001_crop00_11.jpg,GX010277.MP4_snapshot_21.37.001_crop00_11.jpg,GX010277.MP4_snapshot_21.37.001.JPG,train,KM_POST,11,2257,1102,39,49
processed\train\KM_POST\GX010277.MP4_snapshot_21.38.685_crop00_11.jpg,C:\Users\ASUS G 16 JVR\Desktop\deepLearning_CNN\dataset\processed\train\KM_POST\GX010277.MP4_snapshot_21.38.685_crop00_11.jpg,GX010277.MP4_snapshot_21.38.685_crop00_11.jpg,GX010277.MP4_snapshot_21.38.685.JPG,train,KM_POST,11,2934,1155,128,163
processed\train\KM_POST\GX010277.MP4_snapshot_22.48.559_crop00_11.jpg,C:\Users\ASUS G 16 JVR\Desktop\deepLearning_CNN\dataset\processed\train\KM_POST\GX010277.MP4_snapshot_22.48.559_crop00_11.jpg,GX010277.MP4_snapshot_22.48.559_crop00_11.jpg,GX010277.MP4_snapshot_22.48.559.JPG,train,KM_POST,11,2178,1098,37,49
processed\train\KM_POST\GX010277.MP4_snapshot_22.49.689_crop00_11.jpg,C:\Users\ASUS G 16 JVR\Desktop\deepLearning_CNN\dataset\processed\train\KM_POST\GX010277.MP4_snapshot_22.49.689_crop00_11.jpg,GX010277.MP4_snapshot_22.49.689_crop00_11.jpg,GX010277.MP4_snapshot_22.49.689.JPG,train,KM_POST,11,2739,1112,106,134
processed\train\DIRECTION\GX010277.MP4_snapshot_23.12.647_crop00_07.jpg,C:\Users\ASUS G 16 JVR\Desktop\deepLearning_CNN\dataset\processed\train\DIRECTION\GX010277.MP4_snapshot_23.12.647_crop00_07.jpg,GX010277.MP4_snapshot_23.12.647_crop00_07.jpg,GX010277.MP4_snapshot_23.12.647.JPG,train,DIRECTION,7,2090,382,277,272
processed\train\KM_POST\GX010277.MP4_snapshot_23.46.124_crop00_11.jpg,C:\Users\ASUS G 16 JVR\Desktop\deepLearning_CNN\dataset\processed\train\KM_POST\GX010277.MP4_snapshot_23.46.124_crop00_11.jpg,GX010277.MP4_snapshot_23.46.124_crop00_11.jpg,GX010277.MP4_snapshot_23.46.124.JPG,train,KM_POST,11,2824,1126,79,183
processed\train\KM_POST\GX010277.MP4_snapshot_24.31.917_crop00_11.jpg,C:\Users\ASUS G 16 JVR\Desktop\deepLearning_CNN\dataset\processed\train\KM_POST\GX010277.MP4_snapshot_24.31.917_crop00_11.jpg,GX010277.MP4_snapshot_24.31.917_crop00_11.jpg,GX010277.MP4_snapshot_24.31.917.JPG,train,KM_POST,11,2395,1080,53,77
processed\train\KM_POST\GX010277.MP4_snapshot_25.21.857_crop00_11.jpg,C:\Users\ASUS G 16 JVR\Desktop\deepLearning_CNN\dataset\processed\train\KM_POST\GX010277.MP4_snapshot_25.21.857_crop00_11.jpg,GX010277.MP4_snapshot_25.21.857_crop00_11.jpg,GX010277.MP4_snapshot_25.21.857.JPG,train,KM_POST,11,2263,1102,41,51
processed\train\KM_POST\GX010277.MP4_snapshot_26.47.212_crop00_11.jpg,C:\Users\ASUS G 16 JVR\Desktop\deepLearning_CNN\dataset\processed\train\KM_POST\GX010277.MP4_snapshot_26.47.212_crop00_11.jpg,GX010277.MP4_snapshot_26.47.212_crop00_11.jpg,GX010277.MP4_snapshot_26.47.212.JPG,train,KM_POST,11,2292,1100,41,55
processed\train\KM_POST\GX010277.MP4_snapshot_26.48.467_crop00_11.jpg,C:\Users\ASUS G 16 JVR\Desktop\deepLearning_CNN\dataset\processed\train\KM_POST\GX010277.MP4_snapshot_26.48.467_crop00_11.jpg,GX010277.MP4_snapshot_26.48.467_crop00_11.jpg,GX010277.MP4_snapshot_26.48.467.JPG,train,KM_POST,11,3137,1137,140,181
processed\train\KM_POST\GX010277.MP4_snapshot_28.53.537_crop00_11.jpg,C:\Users\ASUS G 16 JVR\Desktop\deepLearning_CNN\dataset\processed\train\KM_POST\GX010277.MP4_snapshot_28.53.537_crop00_11.jpg,GX010277.MP4_snapshot_28.53.537_crop00_11.jpg,GX010277.MP4_snapshot_28.53.537.JPG,train,KM_POST,11,2235,1094,35,49
processed\train\KM_POST\GX010277.MP4_snapshot_28.55.127_crop00_11.jpg,C:\Users\ASUS G 16 JVR\Desktop\deepLearning_CNN\dataset\processed\train\KM_POST\GX010277.MP4_snapshot_28.55.127_crop00_11.jpg,GX010277.MP4_snapshot_28.55.127_crop00_11.jpg,GX010277.MP4_snapshot_28.55.127.JPG,train,KM_POST,11,3076,1155,144,177
processed\train\KM_POST\GX010277.MP4_snapshot_30.43.836_crop00_11.jpg,C:\Users\ASUS G 16 JVR\Desktop\deepLearning_CNN\dataset\processed\train\KM_POST\GX010277.MP4_snapshot_30.43.836_crop00_11.jpg,GX010277.MP4_snapshot_30.43.836_crop00_11.jpg,GX010277.MP4_snapshot_30.43.836.JPG,train,KM_POST,11,2458,1106,65,81
processed\train\KM_POST\GX010277.MP4_snapshot_30.44.407_crop00_11.jpg,C:\Users\ASUS G 16 JVR\Desktop\deepLearning_CNN\dataset\processed\train\KM_POST\GX010277.MP4_snapshot_30.44.407_crop00_11.jpg,GX010277.MP4_snapshot_30.44.407_crop00_11.jpg,GX010277.MP4_snapshot_30.44.407.JPG,train,KM_POST,11,2973,1124,126,171
processed\train\KM_POST\GX010277.MP4_snapshot_31.39.848_crop00_11.jpg,C:\Users\ASUS G 16 JVR\Desktop\deepLearning_CNN\dataset\processed\train\KM_POST\GX010277.MP4_snapshot_31.39.848_crop00_11.jpg,GX010277.MP4_snapshot_31.39.848_crop00_11.jpg,GX010277.MP4_snapshot_31.39.848.JPG,train,KM_POST,11,2237,1092,43,57
processed\train\KM_POST\GX010277.MP4_snapshot_31.41.114_crop00_11.jpg,C:\Users\ASUS G 16 JVR\Desktop\deepLearning_CNN\dataset\processed\train\KM_POST\GX010277.MP4_snapshot_31.41.114_crop00_11.jpg,GX010277.MP4_snapshot_31.41.114_crop00_11.jpg,GX010277.MP4_snapshot_31.41.114.JPG,train,KM_POST,11,2871,1131,122,163
processed\train\80_SPEED_LIMIT\GX010277.MP4_snapshot_31.41.114_crop01_03.jpg,C:\Users\ASUS G 16 JVR\Desktop\deepLearning_CNN\dataset\processed\train\80_SPEED_LIMIT\GX010277.MP4_snapshot_31.41.114_crop01_03.jpg,GX010277.MP4_snapshot_31.41.114_crop01_03.jpg,GX010277.MP4_snapshot_31.41.114.JPG,train,80_SPEED_LIMIT,3,2205,993,50,53
processed\train\KM_POST\GX010277.MP4_snapshot_33.27.985_crop00_11.jpg,C:\Users\ASUS G 16 JVR\Desktop\deepLearning_CNN\dataset\processed\train\KM_POST\GX010277.MP4_snapshot_33.27.985_crop00_11.jpg,GX010277.MP4_snapshot_33.27.985_crop00_11.jpg,GX010277.MP4_snapshot_33.27.985.JPG,train,KM_POST,11,2269,1094,35,73
processed\train\KM_POST\GX010277.MP4_snapshot_37.34.104_crop00_11.jpg,C:\Users\ASUS G 16 JVR\Desktop\deepLearning_CNN\dataset\processed\train\KM_POST\GX010277.MP4_snapshot_37.34.104_crop00_11.jpg,GX010277.MP4_snapshot_37.34.104_crop00_11.jpg,GX010277.MP4_snapshot_37.34.104.JPG,train,KM_POST,11,2540,1118,81,102
processed\train\KM_POST\GX010277.MP4_snapshot_39.42.233_crop00_11.jpg,C:\Users\ASUS G 16 JVR\Desktop\deepLearning_CNN\dataset\processed\train\KM_POST\GX010277.MP4_snapshot_39.42.233_crop00_11.jpg,GX010277.MP4_snapshot_39.42.233_crop00_11.jpg,GX010277.MP4_snapshot_39.42.233.JPG,train,KM_POST,11,2542,1116,75,94
processed\train\KM_POST\GX010277.MP4_snapshot_40.36.735_crop00_11.jpg,C:\Users\ASUS G 16 JVR\Desktop\deepLearning_CNN\dataset\processed\train\KM_POST\GX010277.MP4_snapshot_40.36.735_crop00_11.jpg,GX010277.MP4_snapshot_40.36.735_crop00_11.jpg,GX010277.MP4_snapshot_40.36.735.JPG,train,KM_POST,11,2647,1112,77,108
processed\train\KM_POST\GX010277.MP4_snapshot_41.36.028_crop00_11.jpg,C:\Users\ASUS G 16 JVR\Desktop\deepLearning_CNN\dataset\processed\train\KM_POST\GX010277.MP4_snapshot_41.36.028_crop00_11.jpg,GX010277.MP4_snapshot_41.36.028_crop00_11.jpg,GX010277.MP4_snapshot_41.36.028.JPG,train,KM_POST,11,2588,1120,87,108
processed\train\KM_POST\GX010279.MP4_snapshot_01.34.844_crop00_11.jpg,C:\Users\ASUS G 16 JVR\Desktop\deepLearning_CNN\dataset\processed\train\KM_POST\GX010279.MP4_snapshot_01.34.844_crop00_11.jpg,GX010279.MP4_snapshot_01.34.844_crop00_11.jpg,GX010279.MP4_snapshot_01.34.844.JPG,train,KM_POST,11,874,1057,65,79
processed\train\KM_POST\GX010279.MP4_snapshot_06.46.159_crop00_11.jpg,C:\Users\ASUS G 16 JVR\Desktop\deepLearning_CNN\dataset\processed\train\KM_POST\GX010279.MP4_snapshot_06.46.159_crop00_11.jpg,GX010279.MP4_snapshot_06.46.159_crop00_11.jpg,GX010279.MP4_snapshot_06.46.159.JPG,train,KM_POST,11,634,1074,57,77
processed\train\KM_POST\GX010279.MP4_snapshot_08.00.908_crop00_11.jpg,C:\Users\ASUS G 16 JVR\Desktop\deepLearning_CNN\dataset\processed\train\KM_POST\GX010279.MP4_snapshot_08.00.908_crop00_11.jpg,GX010279.MP4_snapshot_08.00.908_crop00_11.jpg,GX010279.MP4_snapshot_08.00.908.JPG,train,KM_POST,11,447,1078,69,112
processed\train\KM_POST\GX010279.MP4_snapshot_09.59.934_crop00_11.jpg,C:\Users\ASUS G 16 JVR\Desktop\deepLearning_CNN\dataset\processed\train\KM_POST\GX010279.MP4_snapshot_09.59.934_crop00_11.jpg,GX010279.MP4_snapshot_09.59.934_crop00_11.jpg,GX010279.MP4_snapshot_09.59.934.JPG,train,KM_POST,11,848,1086,87,108
processed\train\KM_POST\GX010279.MP4_snapshot_12.25.492_crop00_11.jpg,C:\Users\ASUS G 16 JVR\Desktop\deepLearning_CNN\dataset\processed\train\KM_POST\GX010279.MP4_snapshot_12.25.492_crop00_11.jpg,GX010279.MP4_snapshot_12.25.492_crop00_11.jpg,GX010279.MP4_snapshot_12.25.492.JPG,train,KM_POST,11,948,1068,77,104
processed\train\KM_POST\GX010279.MP4_snapshot_13.47.059_crop00_11.jpg,C:\Users\ASUS G 16 JVR\Desktop\deepLearning_CNN\dataset\processed\train\KM_POST\GX010279.MP4_snapshot_13.47.059_crop00_11.jpg,GX010279.MP4_snapshot_13.47.059_crop00_11.jpg,GX010279.MP4_snapshot_13.47.059.JPG,train,KM_POST,11,931,1067,77,92
processed\train\KM_POST\GX010279.MP4_snapshot_15.12.533_crop00_11.jpg,C:\Users\ASUS G 16 JVR\Desktop\deepLearning_CNN\dataset\processed\train\KM_POST\GX010279.MP4_snapshot_15.12.533_crop00_11.jpg,GX010279.MP4_snapshot_15.12.533_crop00_11.jpg,GX010279.MP4_snapshot_15.12.533.JPG,train,KM_POST,11,710,1074,79,104
processed\train\KM_POST\GX010279.MP4_snapshot_20.20.056_crop00_11.jpg,C:\Users\ASUS G 16 JVR\Desktop\deepLearning_CNN\dataset\processed\train\KM_POST\GX010279.MP4_snapshot_20.20.056_crop00_11.jpg,GX010279.MP4_snapshot_20.20.056_crop00_11.jpg,GX010279.MP4_snapshot_20.20.056.JPG,train,KM_POST,11,2558,1053,69,89
processed\train\KM_POST\GX010279.MP4_snapshot_20.20.547_crop00_11.jpg,C:\Users\ASUS G 16 JVR\Desktop\deepLearning_CNN\dataset\processed\train\KM_POST\GX010279.MP4_snapshot_20.20.547_crop00_11.jpg,GX010279.MP4_snapshot_20.20.547_crop00_11.jpg,GX010279.MP4_snapshot_20.20.547.JPG,train,KM_POST,11,2961,1094,118,146
processed\train\KM_POST\GX010279.MP4_snapshot_21.29.829_crop00_11.jpg,C:\Users\ASUS G 16 JVR\Desktop\deepLearning_CNN\dataset\processed\train\KM_POST\GX010279.MP4_snapshot_21.29.829_crop00_11.jpg,GX010279.MP4_snapshot_21.29.829_crop00_11.jpg,GX010279.MP4_snapshot_21.29.829.JPG,train,KM_POST,11,2515,1061,69,81
processed\train\KM_POST\GX010279.MP4_snapshot_21.30.698_crop00_11.jpg,C:\Users\ASUS G 16 JVR\Desktop\deepLearning_CNN\dataset\processed\train\KM_POST\GX010279.MP4_snapshot_21.30.698_crop00_11.jpg,GX010279.MP4_snapshot_21.30.698_crop00_11.jpg,GX010279.MP4_snapshot_21.30.698.JPG,train,KM_POST,11,2885,1092,110,146
processed\train\KM_POST\GX010279.MP4_snapshot_22.48.986_crop00_11.jpg,C:\Users\ASUS G 16 JVR\Desktop\deepLearning_CNN\dataset\processed\train\KM_POST\GX010279.MP4_snapshot_22.48.986_crop00_11.jpg,GX010279.MP4_snapshot_22.48.986_crop00_11.jpg,GX010279.MP4_snapshot_22.48.986.JPG,train,KM_POST,11,3001,1108,128,161
processed\train\KM_POST\GX010279.MP4_snapshot_24.52.899_crop00_11.jpg,C:\Users\ASUS G 16 JVR\Desktop\deepLearning_CNN\dataset\processed\train\KM_POST\GX010279.MP4_snapshot_24.52.899_crop00_11.jpg,GX010279.MP4_snapshot_24.52.899_crop00_11.jpg,GX010279.MP4_snapshot_24.52.899.JPG,train,KM_POST,11,3081,1090,110,220
processed\train\KM_POST\GX010279.MP4_snapshot_26.01.672_crop00_11.jpg,C:\Users\ASUS G 16 JVR\Desktop\deepLearning_CNN\dataset\processed\train\KM_POST\GX010279.MP4_snapshot_26.01.672_crop00_11.jpg,GX010279.MP4_snapshot_26.01.672_crop00_11.jpg,GX010279.MP4_snapshot_26.01.672.JPG,train,KM_POST,11,2668,1065,63,89
processed\train\KM_POST\GX010279.MP4_snapshot_26.02.298_crop00_11.jpg,C:\Users\ASUS G 16 JVR\Desktop\deepLearning_CNN\dataset\processed\train\KM_POST\GX010279.MP4_snapshot_26.02.298_crop00_11.jpg,GX010279.MP4_snapshot_26.02.298_crop00_11.jpg,GX010279.MP4_snapshot_26.02.298.JPG,train,KM_POST,11,3192,1116,122,179
processed\train\KM_POST\GX010279.MP4_snapshot_28.13.373_crop00_11.jpg,C:\Users\ASUS G 16 JVR\Desktop\deepLearning_CNN\dataset\processed\train\KM_POST\GX010279.MP4_snapshot_28.13.373_crop00_11.jpg,GX010279.MP4_snapshot_28.13.373_crop00_11.jpg,GX010279.MP4_snapshot_28.13.373.JPG,train,KM_POST,11,2338,1051,51,71
processed\train\KM_POST\GX010279.MP4_snapshot_29.29.589_crop00_11.jpg,C:\Users\ASUS G 16 JVR\Desktop\deepLearning_CNN\dataset\processed\train\KM_POST\GX010279.MP4_snapshot_29.29.589_crop00_11.jpg,GX010279.MP4_snapshot_29.29.589_crop00_11.jpg,GX010279.MP4_snapshot_29.29.589.JPG,train,KM_POST,11,2745,1043,79,108
processed\train\KM_POST\GX010279.MP4_snapshot_29.30.159_crop00_11.jpg,C:\Users\ASUS G 16 JVR\Desktop\deepLearning_CNN\dataset\processed\train\KM_POST\GX010279.MP4_snapshot_29.30.159_crop00_11.jpg,GX010279.MP4_snapshot_29.30.159_crop00_11.jpg,GX010279.MP4_snapshot_29.30.159.JPG,train,KM_POST,11,3249,1078,130,167
processed\train\KM_POST\GX010279.MP4_snapshot_31.07.058_crop00_11.jpg,C:\Users\ASUS G 16 JVR\Desktop\deepLearning_CNN\dataset\processed\train\KM_POST\GX010279.MP4_snapshot_31.07.058_crop00_11.jpg,GX010279.MP4_snapshot_31.07.058_crop00_11.jpg,GX010279.MP4_snapshot_31.07.058.JPG,train,KM_POST,11,2401,1053,57,71
processed\train\KM_POST\GX010279.MP4_snapshot_31.08.432_crop00_11.jpg,C:\Users\ASUS G 16 JVR\Desktop\deepLearning_CNN\dataset\processed\train\KM_POST\GX010279.MP4_snapshot_31.08.432_crop00_11.jpg,GX010279.MP4_snapshot_31.08.432_crop00_11.jpg,GX010279.MP4_snapshot_31.08.432.JPG,train,KM_POST,11,2995,1122,140,179
processed\train\KM_POST\GX010279.MP4_snapshot_33.03.152_crop00_11.jpg,C:\Users\ASUS G 16 JVR\Desktop\deepLearning_CNN\dataset\processed\train\KM_POST\GX010279.MP4_snapshot_33.03.152_crop00_11.jpg,GX010279.MP4_snapshot_33.03.152_crop00_11.jpg,GX010279.MP4_snapshot_33.03.152.JPG,train,KM_POST,11,2426,1023,53,79
processed\train\KM_POST\GX010279.MP4_snapshot_33.04.604_crop00_11.jpg,C:\Users\ASUS G 16 JVR\Desktop\deepLearning_CNN\dataset\processed\train\KM_POST\GX010279.MP4_snapshot_33.04.604_crop00_11.jpg,GX010279.MP4_snapshot_33.04.604_crop00_11.jpg,GX010279.MP4_snapshot_33.04.604.JPG,train,KM_POST,11,3276,1070,155,201
processed\train\KM_POST\GX010279.MP4_snapshot_34.55.016_crop00_11.jpg,C:\Users\ASUS G 16 JVR\Desktop\deepLearning_CNN\dataset\processed\train\KM_POST\GX010279.MP4_snapshot_34.55.016_crop00_11.jpg,GX010279.MP4_snapshot_34.55.016_crop00_11.jpg,GX010279.MP4_snapshot_34.55.016.JPG,train,KM_POST,11,2913,1153,178,232
processed\train\KM_POST\GX010281.MP4_snapshot_02.06.560_crop00_11.jpg,C:\Users\ASUS G 16 JVR\Desktop\deepLearning_CNN\dataset\processed\train\KM_POST\GX010281.MP4_snapshot_02.06.560_crop00_11.jpg,GX010281.MP4_snapshot_02.06.560_crop00_11.jpg,GX010281.MP4_snapshot_02.06.560.JPG,train,KM_POST,11,3314,956,92,122
processed\train\KM_POST\GX010281.MP4_snapshot_02.06.560_crop01_11.jpg,C:\Users\ASUS G 16 JVR\Desktop\deepLearning_CNN\dataset\processed\train\KM_POST\GX010281.MP4_snapshot_02.06.560_crop01_11.jpg,GX010281.MP4_snapshot_02.06.560_crop01_11.jpg,GX010281.MP4_snapshot_02.06.560.JPG,train,KM_POST,11,193,970,71,122
processed\train\KEEP_RIGHT\GX010281.MP4_snapshot_02.06.560_crop02_10.jpg,C:\Users\ASUS G 16 JVR\Desktop\deepLearning_CNN\dataset\processed\train\KEEP_RIGHT\GX010281.MP4_snapshot_02.06.560_crop02_10.jpg,GX010281.MP4_snapshot_02.06.560_crop02_10.jpg,GX010281.MP4_snapshot_02.06.560.JPG,train,KEEP_RIGHT,10,1688,842,112,112
processed\train\KM_POST\GX010281.MP4_snapshot_03.02.756_crop00_11.jpg,C:\Users\ASUS G 16 JVR\Desktop\deepLearning_CNN\dataset\processed\train\KM_POST\GX010281.MP4_snapshot_03.02.756_crop00_11.jpg,GX010281.MP4_snapshot_03.02.756_crop00_11.jpg,GX010281.MP4_snapshot_03.02.756.JPG,train,KM_POST,11,667,996,51,79
processed\train\KM_POST\GX010281.MP4_snapshot_03.02.756_crop01_11.jpg,C:\Users\ASUS G 16 JVR\Desktop\deepLearning_CNN\dataset\processed\train\KM_POST\GX010281.MP4_snapshot_03.02.756_crop01_11.jpg,GX010281.MP4_snapshot_03.02.756_crop01_11.jpg,GX010281.MP4_snapshot_03.02.756.JPG,train,KM_POST,11,2979,962,65,83
processed\train\KM_POST\GX010281.MP4_snapshot_04.06.623_crop00_11.jpg,C:\Users\ASUS G 16 JVR\Desktop\deepLearning_CNN\dataset\processed\train\KM_POST\GX010281.MP4_snapshot_04.06.623_crop00_11.jpg,GX010281.MP4_snapshot_04.06.623_crop00_11.jpg,GX010281.MP4_snapshot_04.06.623.JPG,train,KM_POST,11,3205,982,92,122
processed\train\KEEP_RIGHT\GX010281.MP4_snapshot_04.06.623_crop01_10.jpg,C:\Users\ASUS G 16 JVR\Desktop\deepLearning_CNN\dataset\processed\train\KEEP_RIGHT\GX010281.MP4_snapshot_04.06.623_crop01_10.jpg,GX010281.MP4_snapshot_04.06.623_crop01_10.jpg,GX010281.MP4_snapshot_04.06.623.JPG,train,KEEP_RIGHT,10,1515,864,101,105
processed\train\KM_POST\GX010281.MP4_snapshot_05.00.154_crop00_11.jpg,C:\Users\ASUS G 16 JVR\Desktop\deepLearning_CNN\dataset\processed\train\KM_POST\GX010281.MP4_snapshot_05.00.154_crop00_11.jpg,GX010281.MP4_snapshot_05.00.154_crop00_11.jpg,GX010281.MP4_snapshot_05.00.154.JPG,train,KM_POST,11,653,994,59,75
processed\train\KM_POST\GX010281.MP4_snapshot_05.00.154_crop01_11.jpg,C:\Users\ASUS G 16 JVR\Desktop\deepLearning_CNN\dataset\processed\train\KM_POST\GX010281.MP4_snapshot_05.00.154_crop01_11.jpg,GX010281.MP4_snapshot_05.00.154_crop01_11.jpg,GX010281.MP4_snapshot_05.00.154.JPG,train,KM_POST,11,2784,954,55,75
processed\train\KM_POST\GX010281.MP4_snapshot_06.01.177_crop00_11.jpg,C:\Users\ASUS G 16 JVR\Desktop\deepLearning_CNN\dataset\processed\train\KM_POST\GX010281.MP4_snapshot_06.01.177_crop00_11.jpg,GX010281.MP4_snapshot_06.01.177_crop00_11.jpg,GX010281.MP4_snapshot_06.01.177.JPG,train,KM_POST,11,2674,945,61,87
processed\train\KM_POST\GX010281.MP4_snapshot_06.01.926_crop00_11.jpg,C:\Users\ASUS G 16 JVR\Desktop\deepLearning_CNN\dataset\processed\train\KM_POST\GX010281.MP4_snapshot_06.01.926_crop00_11.jpg,GX010281.MP4_snapshot_06.01.926_crop00_11.jpg,GX010281.MP4_snapshot_06.01.926.JPG,train,KM_POST,11,3363,980,144,195
processed\train\KM_POST\GX010281.MP4_snapshot_08.10.147_crop00_11.jpg,C:\Users\ASUS G 16 JVR\Desktop\deepLearning_CNN\dataset\processed\train\KM_POST\GX010281.MP4_snapshot_08.10.147_crop00_11.jpg,GX010281.MP4_snapshot_08.10.147_crop00_11.jpg,GX010281.MP4_snapshot_08.10.147.JPG,train,KM_POST,11,417,976,77,102
processed\train\KM_POST\GX010281.MP4_snapshot_08.10.147_crop01_11.jpg,C:\Users\ASUS G 16 JVR\Desktop\deepLearning_CNN\dataset\processed\train\KM_POST\GX010281.MP4_snapshot_08.10.147_crop01_11.jpg,GX010281.MP4_snapshot_08.10.147_crop01_11.jpg,GX010281.MP4_snapshot_08.10.147.JPG,train,KM_POST,11,2753,943,55,75
processed\train\KM_POST\GX010281.MP4_snapshot_09.11.694_crop00_11.jpg,C:\Users\ASUS G 16 JVR\Desktop\deepLearning_CNN\dataset\processed\train\KM_POST\GX010281.MP4_snapshot_09.11.694_crop00_11.jpg,GX010281.MP4_snapshot_09.11.694_crop00_11.jpg,GX010281.MP4_snapshot_09.11.694.JPG,train,KM_POST,11,2979,960,47,92
processed\train\KM_POST\GX010281.MP4_snapshot_09.11.694_crop01_11.jpg,C:\Users\ASUS G 16 JVR\Desktop\deepLearning_CNN\dataset\processed\train\KM_POST\GX010281.MP4_snapshot_09.11.694_crop01_11.jpg,GX010281.MP4_snapshot_09.11.694_crop01_11.jpg,GX010281.MP4_snapshot_09.11.694.JPG,train,KM_POST,11,834,974,41,77
processed\train\KM_POST\GX010281.MP4_snapshot_09.12.149_crop00_11.jpg,C:\Users\ASUS G 16 JVR\Desktop\deepLearning_CNN\dataset\processed\train\KM_POST\GX010281.MP4_snapshot_09.12.149_crop00_11.jpg,GX010281.MP4_snapshot_09.12.149_crop00_11.jpg,GX010281.MP4_snapshot_09.12.149.JPG,train,KM_POST,11,3605,986,98,161
processed\train\KM_POST\GX010281.MP4_snapshot_10.15.155_crop00_11.jpg,C:\Users\ASUS G 16 JVR\Desktop\deepLearning_CNN\dataset\processed\train\KM_POST\GX010281.MP4_snapshot_10.15.155_crop00_11.jpg,GX010281.MP4_snapshot_10.15.155_crop00_11.jpg,GX010281.MP4_snapshot_10.15.155.JPG,train,KM_POST,11,2961,941,61,94
processed\train\KM_POST\GX010281.MP4_snapshot_11.16.500_crop00_11.jpg,C:\Users\ASUS G 16 JVR\Desktop\deepLearning_CNN\dataset\processed\train\KM_POST\GX010281.MP4_snapshot_11.16.500_crop00_11.jpg,GX010281.MP4_snapshot_11.16.500_crop00_11.jpg,GX010281.MP4_snapshot_11.16.500.JPG,train,KM_POST,11,3247,960,108,122
processed\train\KM_POST\GX010281.MP4_snapshot_13.05.369_crop00_11.jpg,C:\Users\ASUS G 16 JVR\Desktop\deepLearning_CNN\dataset\processed\train\KM_POST\GX010281.MP4_snapshot_13.05.369_crop00_11.jpg,GX010281.MP4_snapshot_13.05.369_crop00_11.jpg,GX010281.MP4_snapshot_13.05.369.JPG,train,KM_POST,11,655,992,61,79
processed\train\KM_POST\GX010281.MP4_snapshot_13.05.369_crop01_11.jpg,C:\Users\ASUS G 16 JVR\Desktop\deepLearning_CNN\dataset\processed\train\KM_POST\GX010281.MP4_snapshot_13.05.369_crop01_11.jpg,GX010281.MP4_snapshot_13.05.369_crop01_11.jpg,GX010281.MP4_snapshot_13.05.369.JPG,train,KM_POST,11,2743,952,55,67
processed\train\KM_POST\GX010281.MP4_snapshot_13.05.913_crop00_11.jpg,C:\Users\ASUS G 16 JVR\Desktop\deepLearning_CNN\dataset\processed\train\KM_POST\GX010281.MP4_snapshot_13.05.913_crop00_11.jpg,GX010281.MP4_snapshot_13.05.913_crop00_11.jpg,GX010281.MP4_snapshot_13.05.913.JPG,train,KM_POST,11,3262,976,100,126
processed\train\KM_POST\GX010281.MP4_snapshot_14.52.648_crop00_11.jpg,C:\Users\ASUS G 16 JVR\Desktop\deepLearning_CNN\dataset\processed\train\KM_POST\GX010281.MP4_snapshot_14.52.648_crop00_11.jpg,GX010281.MP4_snapshot_14.52.648_crop00_11.jpg,GX010281.MP4_snapshot_14.52.648.JPG,train,KM_POST,11,2684,950,51,63
processed\train\KM_POST\GX010281.MP4_snapshot_14.53.606_crop00_11.jpg,C:\Users\ASUS G 16 JVR\Desktop\deepLearning_CNN\dataset\processed\train\KM_POST\GX010281.MP4_snapshot_14.53.606_crop00_11.jpg,GX010281.MP4_snapshot_14.53.606_crop00_11.jpg,GX010281.MP4_snapshot_14.53.606.JPG,train,KM_POST,11,3607,992,126,155
processed\train\KM_POST\GX010281.MP4_snapshot_14.53.606_crop01_11.jpg,C:\Users\ASUS G 16 JVR\Desktop\deepLearning_CNN\dataset\processed\train\KM_POST\GX010281.MP4_snapshot_14.53.606_crop01_11.jpg,GX010281.MP4_snapshot_14.53.606_crop01_11.jpg,GX010281.MP4_snapshot_14.53.606.JPG,train,KM_POST,11,51,1013,92,120
processed\train\KM_POST\GX010281.MP4_snapshot_17.37.677_crop00_11.jpg,C:\Users\ASUS G 16 JVR\Desktop\deepLearning_CNN\dataset\processed\train\KM_POST\GX010281.MP4_snapshot_17.37.677_crop00_11.jpg,GX010281.MP4_snapshot_17.37.677_crop00_11.jpg,GX010281.MP4_snapshot_17.37.677.JPG,train,KM_POST,11,2696,946,47,63
processed\train\KM_POST\GX010281.MP4_snapshot_19.04.815_crop00_11.jpg,C:\Users\ASUS G 16 JVR\Desktop\deepLearning_CNN\dataset\processed\train\KM_POST\GX010281.MP4_snapshot_19.04.815_crop00_11.jpg,GX010281.MP4_snapshot_19.04.815_crop00_11.jpg,GX010281.MP4_snapshot_19.04.815.JPG,train,KM_POST,11,917,952,41,59
processed\train\KM_POST\GX010281.MP4_snapshot_19.04.815_crop01_11.jpg,C:\Users\ASUS G 16 JVR\Desktop\deepLearning_CNN\dataset\processed\train\KM_POST\GX010281.MP4_snapshot_19.04.815_crop01_11.jpg,GX010281.MP4_snapshot_19.04.815_crop01_11.jpg,GX010281.MP4_snapshot_19.04.815.JPG,train,KM_POST,11,2639,954,51,71
processed\train\KM_POST\GX010281.MP4_snapshot_19.05.647_crop00_11.jpg,C:\Users\ASUS G 16 JVR\Desktop\deepLearning_CNN\dataset\processed\train\KM_POST\GX010281.MP4_snapshot_19.05.647_crop00_11.jpg,GX010281.MP4_snapshot_19.05.647_crop00_11.jpg,GX010281.MP4_snapshot_19.05.647.JPG,train,KM_POST,11,3510,1009,138,165
processed\train\KM_POST\GX010281.MP4_snapshot_19.58.473_crop00_11.jpg,C:\Users\ASUS G 16 JVR\Desktop\deepLearning_CNN\dataset\processed\train\KM_POST\GX010281.MP4_snapshot_19.58.473_crop00_11.jpg,GX010281.MP4_snapshot_19.58.473_crop00_11.jpg,GX010281.MP4_snapshot_19.58.473.JPG,train,KM_POST,11,2855,972,69,85
processed\train\KM_POST\GX010281.MP4_snapshot_19.58.944_crop00_11.jpg,C:\Users\ASUS G 16 JVR\Desktop\deepLearning_CNN\dataset\processed\train\KM_POST\GX010281.MP4_snapshot_19.58.944_crop00_11.jpg,GX010281.MP4_snapshot_19.58.944_crop00_11.jpg,GX010281.MP4_snapshot_19.58.944.JPG,train,KM_POST,11,3438,1002,112,136
processed\train\KM_POST\GX010281.MP4_snapshot_21.40.315_crop00_11.jpg,C:\Users\ASUS G 16 JVR\Desktop\deepLearning_CNN\dataset\processed\train\KM_POST\GX010281.MP4_snapshot_21.40.315_crop00_11.jpg,GX010281.MP4_snapshot_21.40.315_crop00_11.jpg,GX010281.MP4_snapshot_21.40.315.JPG,train,KM_POST,11,1065,960,39,49
processed\train\KM_POST\GX010281.MP4_snapshot_21.40.315_crop01_11.jpg,C:\Users\ASUS G 16 JVR\Desktop\deepLearning_CNN\dataset\processed\train\KM_POST\GX010281.MP4_snapshot_21.40.315_crop01_11.jpg,GX010281.MP4_snapshot_21.40.315_crop01_11.jpg,GX010281.MP4_snapshot_21.40.315.JPG,train,KM_POST,11,2586,943,47,63
processed\train\CHILDREN_CROSSING\GX010281.MP4_snapshot_21.40.315_crop02_05.jpg,C:\Users\ASUS G 16 JVR\Desktop\deepLearning_CNN\dataset\processed\train\CHILDREN_CROSSING\GX010281.MP4_snapshot_21.40.315_crop02_05.jpg,GX010281.MP4_snapshot_21.40.315_crop02_05.jpg,GX010281.MP4_snapshot_21.40.315.JPG,train,CHILDREN_CROSSING,5,2473,789,53,55
processed\train\KM_POST\GX010281.MP4_snapshot_21.41.119_crop00_11.jpg,C:\Users\ASUS G 16 JVR\Desktop\deepLearning_CNN\dataset\processed\train\KM_POST\GX010281.MP4_snapshot_21.41.119_crop00_11.jpg,GX010281.MP4_snapshot_21.41.119_crop00_11.jpg,GX010281.MP4_snapshot_21.41.119.JPG,train,KM_POST,11,106,1000,79,106
processed\train\KM_POST\GX010281.MP4_snapshot_21.41.119_crop01_11.jpg,C:\Users\ASUS G 16 JVR\Desktop\deepLearning_CNN\dataset\processed\train\KM_POST\GX010281.MP4_snapshot_21.41.119_crop01_11.jpg,GX010281.MP4_snapshot_21.41.119_crop01_11.jpg,GX010281.MP4_snapshot_21.41.119.JPG,train,KM_POST,11,3353,986,110,146
processed\train\CHILDREN_CROSSING\GX010281.MP4_snapshot_21.41.119_crop02_05.jpg,C:\Users\ASUS G 16 JVR\Desktop\deepLearning_CNN\dataset\processed\train\CHILDREN_CROSSING\GX010281.MP4_snapshot_21.41.119_crop02_05.jpg,GX010281.MP4_snapshot_21.41.119_crop02_05.jpg,GX010281.MP4_snapshot_21.41.119.JPG,train,CHILDREN_CROSSING,5,2865,681,110,96
processed\train\KM_POST\GX010281.MP4_snapshot_24.13.484_crop00_11.jpg,C:\Users\ASUS G 16 JVR\Desktop\deepLearning_CNN\dataset\processed\train\KM_POST\GX010281.MP4_snapshot_24.13.484_crop00_11.jpg,GX010281.MP4_snapshot_24.13.484_crop00_11.jpg,GX010281.MP4_snapshot_24.13.484.JPG,train,KM_POST,11,2743,962,55,67
processed\train\KM_POST\GX010281.MP4_snapshot_24.14.182_crop00_11.jpg,C:\Users\ASUS G 16 JVR\Desktop\deepLearning_CNN\dataset\processed\train\KM_POST\GX010281.MP4_snapshot_24.14.182_crop00_11.jpg,GX010281.MP4_snapshot_24.14.182_crop00_11.jpg,GX010281.MP4_snapshot_24.14.182.JPG,train,KM_POST,11,3479,1000,106,138
processed\train\KM_POST\GX010281.MP4_snapshot_25.50.546_crop00_11.jpg,C:\Users\ASUS G 16 JVR\Desktop\deepLearning_CNN\dataset\processed\train\KM_POST\GX010281.MP4_snapshot_25.50.546_crop00_11.jpg,GX010281.MP4_snapshot_25.50.546_crop00_11.jpg,GX010281.MP4_snapshot_25.50.546.JPG,train,KM_POST,11,602,994,61,73
processed\train\KM_POST\GX010281.MP4_snapshot_25.50.546_crop01_11.jpg,C:\Users\ASUS G 16 JVR\Desktop\deepLearning_CNN\dataset\processed\train\KM_POST\GX010281.MP4_snapshot_25.50.546_crop01_11.jpg,GX010281.MP4_snapshot_25.50.546_crop01_11.jpg,GX010281.MP4_snapshot_25.50.546.JPG,train,KM_POST,11,2800,960,59,85
processed\train\KEEP_RIGHT\GX010281.MP4_snapshot_26.40.515_crop00_10.jpg,C:\Users\ASUS G 16 JVR\Desktop\deepLearning_CNN\dataset\processed\train\KEEP_RIGHT\GX010281.MP4_snapshot_26.40.515_crop00_10.jpg,GX010281.MP4_snapshot_26.40.515_crop00_10.jpg,GX010281.MP4_snapshot_26.40.515.JPG,train,KEEP_RIGHT,10,1621,864,81,81
processed\train\KM_POST\GX010281.MP4_snapshot_26.40.515_crop01_11.jpg,C:\Users\ASUS G 16 JVR\Desktop\deepLearning_CNN\dataset\processed\train\KM_POST\GX010281.MP4_snapshot_26.40.515_crop01_11.jpg,GX010281.MP4_snapshot_26.40.515_crop01_11.jpg,GX010281.MP4_snapshot_26.40.515.JPG,train,KM_POST,11,183,954,65,116
processed\train\KM_POST\GX010281.MP4_snapshot_26.40.515_crop02_11.jpg,C:\Users\ASUS G 16 JVR\Desktop\deepLearning_CNN\dataset\processed\train\KM_POST\GX010281.MP4_snapshot_26.40.515_crop02_11.jpg,GX010281.MP4_snapshot_26.40.515_crop02_11.jpg,GX010281.MP4_snapshot_26.40.515.JPG,train,KM_POST,11,3625,1039,104,191
processed\train\KM_POST\GX010281.MP4_snapshot_27.32.864_crop00_11.jpg,C:\Users\ASUS G 16 JVR\Desktop\deepLearning_CNN\dataset\processed\train\KM_POST\GX010281.MP4_snapshot_27.32.864_crop00_11.jpg,GX010281.MP4_snapshot_27.32.864_crop00_11.jpg,GX010281.MP4_snapshot_27.32.864.JPG,train,KM_POST,11,256,997,68,79
processed\train\KM_POST\GX010281.MP4_snapshot_27.32.864_crop01_11.jpg,C:\Users\ASUS G 16 JVR\Desktop\deepLearning_CNN\dataset\processed\train\KM_POST\GX010281.MP4_snapshot_27.32.864_crop01_11.jpg,GX010281.MP4_snapshot_27.32.864_crop01_11.jpg,GX010281.MP4_snapshot_27.32.864.JPG,train,KM_POST,11,2405,931,47,67
processed\train\KM_POST\GX010281.MP4_snapshot_29.20.475_crop00_11.jpg,C:\Users\ASUS G 16 JVR\Desktop\deepLearning_CNN\dataset\processed\train\KM_POST\GX010281.MP4_snapshot_29.20.475_crop00_11.jpg,GX010281.MP4_snapshot_29.20.475_crop00_11.jpg,GX010281.MP4_snapshot_29.20.475.JPG,train,KM_POST,11,2922,974,71,89
processed\train\KM_POST\GX010281.MP4_snapshot_29.20.475_crop01_11.jpg,C:\Users\ASUS G 16 JVR\Desktop\deepLearning_CNN\dataset\processed\train\KM_POST\GX010281.MP4_snapshot_29.20.475_crop01_11.jpg,GX010281.MP4_snapshot_29.20.475_crop01_11.jpg,GX010281.MP4_snapshot_29.20.475.JPG,train,KM_POST,11,248,1000,65,77
processed\train\KM_POST\GX010281.MP4_snapshot_29.20.909_crop00_11.jpg,C:\Users\ASUS G 16 JVR\Desktop\deepLearning_CNN\dataset\processed\train\KM_POST\GX010281.MP4_snapshot_29.20.909_crop00_11.jpg,GX010281.MP4_snapshot_29.20.909_crop00_11.jpg,GX010281.MP4_snapshot_29.20.909.JPG,train,KM_POST,11,3449,1009,110,140
processed\train\KM_POST\GX010281.MP4_snapshot_30.57.368_crop00_11.jpg,C:\Users\ASUS G 16 JVR\Desktop\deepLearning_CNN\dataset\processed\train\KM_POST\GX010281.MP4_snapshot_30.57.368_crop00_11.jpg,GX010281.MP4_snapshot_30.57.368_crop00_11.jpg,GX010281.MP4_snapshot_30.57.368.JPG,train,KM_POST,11,775,970,55,75
processed\train\KM_POST\GX010281.MP4_snapshot_30.57.368_crop01_11.jpg,C:\Users\ASUS G 16 JVR\Desktop\deepLearning_CNN\dataset\processed\train\KM_POST\GX010281.MP4_snapshot_30.57.368_crop01_11.jpg,GX010281.MP4_snapshot_30.57.368_crop01_11.jpg,GX010281.MP4_snapshot_30.57.368.JPG,train,KM_POST,11,2845,960,55,65
processed\train\KM_POST\GX010281.MP4_snapshot_31.35.831_crop00_11.jpg,C:\Users\ASUS G 16 JVR\Desktop\deepLearning_CNN\dataset\processed\train\KM_POST\GX010281.MP4_snapshot_31.35.831_crop00_11.jpg,GX010281.MP4_snapshot_31.35.831_crop00_11.jpg,GX010281.MP4_snapshot_31.35.831.JPG,train,KM_POST,11,512,1013,73,83
processed\train\KM_POST\GX010281.MP4_snapshot_31.35.831_crop01_11.jpg,C:\Users\ASUS G 16 JVR\Desktop\deepLearning_CNN\dataset\processed\train\KM_POST\GX010281.MP4_snapshot_31.35.831_crop01_11.jpg,GX010281.MP4_snapshot_31.35.831_crop01_11.jpg,GX010281.MP4_snapshot_31.35.831.JPG,train,KM_POST,11,2765,941,51,71
processed\train\KM_POST\GX010281.MP4_snapshot_33.17.271_crop00_11.jpg,C:\Users\ASUS G 16 JVR\Desktop\deepLearning_CNN\dataset\processed\train\KM_POST\GX010281.MP4_snapshot_33.17.271_crop00_11.jpg,GX010281.MP4_snapshot_33.17.271_crop00_11.jpg,GX010281.MP4_snapshot_33.17.271.JPG,train,KM_POST,11,2893,931,61,87
processed\train\KM_POST\GX010281.MP4_snapshot_33.17.271_crop01_11.jpg,C:\Users\ASUS G 16 JVR\Desktop\deepLearning_CNN\dataset\processed\train\KM_POST\GX010281.MP4_snapshot_33.17.271_crop01_11.jpg,GX010281.MP4_snapshot_33.17.271_crop01_11.jpg,GX010281.MP4_snapshot_33.17.271.JPG,train,KM_POST,11,651,972,63,85
processed\train\KM_POST\GX010281.MP4_snapshot_33.17.610_crop00_11.jpg,C:\Users\ASUS G 16 JVR\Desktop\deepLearning_CNN\dataset\processed\train\KM_POST\GX010281.MP4_snapshot_33.17.610_crop00_11.jpg,GX010281.MP4_snapshot_33.17.610_crop00_11.jpg,GX010281.MP4_snapshot_33.17.610.JPG,train,KM_POST,11,3209,937,87,122
processed\train\KM_POST\GX010281.MP4_snapshot_33.17.610_crop01_11.jpg,C:\Users\ASUS G 16 JVR\Desktop\deepLearning_CNN\dataset\processed\train\KM_POST\GX010281.MP4_snapshot_33.17.610_crop01_11.jpg,GX010281.MP4_snapshot_33.17.610_crop01_11.jpg,GX010281.MP4_snapshot_33.17.610.JPG,train,KM_POST,11,179,996,85,114
processed\train\KM_POST\GX010281.MP4_snapshot_34.52.360_crop00_11.jpg,C:\Users\ASUS G 16 JVR\Desktop\deepLearning_CNN\dataset\processed\train\KM_POST\GX010281.MP4_snapshot_34.52.360_crop00_11.jpg,GX010281.MP4_snapshot_34.52.360_crop00_11.jpg,GX010281.MP4_snapshot_34.52.360.JPG,train,KM_POST,11,3062,937,134,175
processed\train\KM_POST\GX020113.MP4_snapshot_02.49.613_crop00_11.jpg,C:\Users\ASUS G 16 JVR\Desktop\deepLearning_CNN\dataset\processed\train\KM_POST\GX020113.MP4_snapshot_02.49.613_crop00_11.jpg,GX020113.MP4_snapshot_02.49.613_crop00_11.jpg,GX020113.MP4_snapshot_02.49.613.JPG,train,KM_POST,11,2619,1273,73,100
processed\train\KM_POST\GX020113.MP4_snapshot_02.50.173_crop00_11.jpg,C:\Users\ASUS G 16 JVR\Desktop\deepLearning_CNN\dataset\processed\train\KM_POST\GX020113.MP4_snapshot_02.50.173_crop00_11.jpg,GX020113.MP4_snapshot_02.50.173_crop00_11.jpg,GX020113.MP4_snapshot_02.50.173.JPG,train,KM_POST,11,3166,1320,140,181
processed\train\KM_POST\GX020113.MP4_snapshot_03.59.554_crop00_11.jpg,C:\Users\ASUS G 16 JVR\Desktop\deepLearning_CNN\dataset\processed\train\KM_POST\GX020113.MP4_snapshot_03.59.554_crop00_11.jpg,GX020113.MP4_snapshot_03.59.554_crop00_11.jpg,GX020113.MP4_snapshot_03.59.554.JPG,train,KM_POST,11,2367,1255,51,73
processed\train\KM_POST\GX020113.MP4_snapshot_04.00.142_crop00_11.jpg,C:\Users\ASUS G 16 JVR\Desktop\deepLearning_CNN\dataset\processed\train\KM_POST\GX020113.MP4_snapshot_04.00.142_crop00_11.jpg,GX020113.MP4_snapshot_04.00.142_crop00_11.jpg,GX020113.MP4_snapshot_04.00.142.JPG,train,KM_POST,11,2891,1309,132,166
processed\train\KM_POST\GX020113.MP4_snapshot_04.49.789_crop00_11.jpg,C:\Users\ASUS G 16 JVR\Desktop\deepLearning_CNN\dataset\processed\train\KM_POST\GX020113.MP4_snapshot_04.49.789_crop00_11.jpg,GX020113.MP4_snapshot_04.49.789_crop00_11.jpg,GX020113.MP4_snapshot_04.49.789.JPG,train,KM_POST,11,2934,1253,57,126
processed\train\KM_POST\GX020113.MP4_snapshot_04.50.056_crop00_11.jpg,C:\Users\ASUS G 16 JVR\Desktop\deepLearning_CNN\dataset\processed\train\KM_POST\GX020113.MP4_snapshot_04.50.056_crop00_11.jpg,GX020113.MP4_snapshot_04.50.056_crop00_11.jpg,GX020113.MP4_snapshot_04.50.056.JPG,train,KM_POST,11,3451,1277,104,179
processed\train\KM_POST\GX020113.MP4_snapshot_05.42.427_crop00_11.jpg,C:\Users\ASUS G 16 JVR\Desktop\deepLearning_CNN\dataset\processed\train\KM_POST\GX020113.MP4_snapshot_05.42.427_crop00_11.jpg,GX020113.MP4_snapshot_05.42.427_crop00_11.jpg,GX020113.MP4_snapshot_05.42.427.JPG,train,KM_POST,11,2717,1238,69,85
processed\train\KM_POST\GX020113.MP4_snapshot_06.28.105_crop00_11.jpg,C:\Users\ASUS G 16 JVR\Desktop\deepLearning_CNN\dataset\processed\train\KM_POST\GX020113.MP4_snapshot_06.28.105_crop00_11.jpg,GX020113.MP4_snapshot_06.28.105_crop00_11.jpg,GX020113.MP4_snapshot_06.28.105.JPG,train,KM_POST,11,2397,1244,45,71
processed\train\KM_POST\GX020113.MP4_snapshot_10.02.413_crop00_11.jpg,C:\Users\ASUS G 16 JVR\Desktop\deepLearning_CNN\dataset\processed\train\KM_POST\GX020113.MP4_snapshot_10.02.413_crop00_11.jpg,GX020113.MP4_snapshot_10.02.413_crop00_11.jpg,GX020113.MP4_snapshot_10.02.413.JPG,train,KM_POST,11,2462,1244,46,68
processed\train\KM_POST\GX020113.MP4_snapshot_10.51.015_crop00_11.jpg,C:\Users\ASUS G 16 JVR\Desktop\deepLearning_CNN\dataset\processed\train\KM_POST\GX020113.MP4_snapshot_10.51.015_crop00_11.jpg,GX020113.MP4_snapshot_10.51.015_crop00_11.jpg,GX020113.MP4_snapshot_10.51.015.JPG,train,KM_POST,11,2542,1271,71,102
processed\train\KM_POST\GX020113.MP4_snapshot_10.51.331_crop00_11.jpg,C:\Users\ASUS G 16 JVR\Desktop\deepLearning_CNN\dataset\processed\train\KM_POST\GX020113.MP4_snapshot_10.51.331_crop00_11.jpg,GX020113.MP4_snapshot_10.51.331_crop00_11.jpg,GX020113.MP4_snapshot_10.51.331.JPG,train,KM_POST,11,2886,1300,110,143
processed\train\KM_POST\GX020113.MP4_snapshot_11.40.931_crop00_11.jpg,C:\Users\ASUS G 16 JVR\Desktop\deepLearning_CNN\dataset\processed\train\KM_POST\GX020113.MP4_snapshot_11.40.931_crop00_11.jpg,GX020113.MP4_snapshot_11.40.931_crop00_11.jpg,GX020113.MP4_snapshot_11.40.931.JPG,train,KM_POST,11,2454,1248,59,75
processed\train\KM_POST\GX020113.MP4_snapshot_11.41.484_crop00_11.jpg,C:\Users\ASUS G 16 JVR\Desktop\deepLearning_CNN\dataset\processed\train\KM_POST\GX020113.MP4_snapshot_11.41.484_crop00_11.jpg,GX020113.MP4_snapshot_11.41.484_crop00_11.jpg,GX020113.MP4_snapshot_11.41.484.JPG,train,KM_POST,11,3056,1291,132,167
processed\train\KM_POST\GX020113.MP4_snapshot_12.24.926_crop00_11.jpg,C:\Users\ASUS G 16 JVR\Desktop\deepLearning_CNN\dataset\processed\train\KM_POST\GX020113.MP4_snapshot_12.24.926_crop00_11.jpg,GX020113.MP4_snapshot_12.24.926_crop00_11.jpg,GX020113.MP4_snapshot_12.24.926.JPG,train,KM_POST,11,3142,1314,146,189
processed\train\KM_POST\GX020113.MP4_snapshot_13.09.865_crop00_11.jpg,C:\Users\ASUS G 16 JVR\Desktop\deepLearning_CNN\dataset\processed\train\KM_POST\GX020113.MP4_snapshot_13.09.865_crop00_11.jpg,GX020113.MP4_snapshot_13.09.865_crop00_11.jpg,GX020113.MP4_snapshot_13.09.865.JPG,train,KM_POST,11,2576,1283,57,126
processed\train\KM_POST\GX020113.MP4_snapshot_13.10.154_crop00_11.jpg,C:\Users\ASUS G 16 JVR\Desktop\deepLearning_CNN\dataset\processed\train\KM_POST\GX020113.MP4_snapshot_13.10.154_crop00_11.jpg,GX020113.MP4_snapshot_13.10.154_crop00_11.jpg,GX020113.MP4_snapshot_13.10.154.JPG,train,KM_POST,11,3046,1334,114,234
processed\train\KM_POST\GX020113.MP4_snapshot_14.00.111_crop00_11.jpg,C:\Users\ASUS G 16 JVR\Desktop\deepLearning_CNN\dataset\processed\train\KM_POST\GX020113.MP4_snapshot_14.00.111_crop00_11.jpg,GX020113.MP4_snapshot_14.00.111_crop00_11.jpg,GX020113.MP4_snapshot_14.00.111.JPG,train,KM_POST,11,2796,1271,116,163
processed\train\KM_POST\GX020113.MP4_snapshot_16.59.946_crop00_11.jpg,C:\Users\ASUS G 16 JVR\Desktop\deepLearning_CNN\dataset\processed\train\KM_POST\GX020113.MP4_snapshot_16.59.946_crop00_11.jpg,GX020113.MP4_snapshot_16.59.946_crop00_11.jpg,GX020113.MP4_snapshot_16.59.946.JPG,train,KM_POST,11,2314,1236,51,79
processed\train\KM_POST\GX020113.MP4_snapshot_18.05.987_crop00_11.jpg,C:\Users\ASUS G 16 JVR\Desktop\deepLearning_CNN\dataset\processed\train\KM_POST\GX020113.MP4_snapshot_18.05.987_crop00_11.jpg,GX020113.MP4_snapshot_18.05.987_crop00_11.jpg,GX020113.MP4_snapshot_18.05.987.JPG,train,KM_POST,11,2641,1215,46,66
processed\train\KM_POST\GX020113.MP4_snapshot_18.06.982_crop00_11.jpg,C:\Users\ASUS G 16 JVR\Desktop\deepLearning_CNN\dataset\processed\train\KM_POST\GX020113.MP4_snapshot_18.06.982_crop00_11.jpg,GX020113.MP4_snapshot_18.06.982_crop00_11.jpg,GX020113.MP4_snapshot_18.06.982.JPG,train,KM_POST,11,3200,1226,79,104
processed\train\ROAD_JUNCTION_ON_THE_LEFT\GX020113.MP4_snapshot_18.06.982_crop01_21.jpg,C:\Users\ASUS G 16 JVR\Desktop\deepLearning_CNN\dataset\processed\train\ROAD_JUNCTION_ON_THE_LEFT\GX020113.MP4_snapshot_18.06.982_crop01_21.jpg,GX020113.MP4_snapshot_18.06.982_crop01_21.jpg,GX020113.MP4_snapshot_18.06.982.JPG,train,ROAD_JUNCTION_ON_THE_LEFT,21,2393,1103,64,63
processed\train\KM_POST\GX020113.MP4_snapshot_20.45.203_crop00_11.jpg,C:\Users\ASUS G 16 JVR\Desktop\deepLearning_CNN\dataset\processed\train\KM_POST\GX020113.MP4_snapshot_20.45.203_crop00_11.jpg,GX020113.MP4_snapshot_20.45.203_crop00_11.jpg,GX020113.MP4_snapshot_20.45.203.JPG,train,KM_POST,11,2904,1269,120,159
processed\train\KM_POST\GX020113.MP4_snapshot_21.53.234_crop00_11.jpg,C:\Users\ASUS G 16 JVR\Desktop\deepLearning_CNN\dataset\processed\train\KM_POST\GX020113.MP4_snapshot_21.53.234_crop00_11.jpg,GX020113.MP4_snapshot_21.53.234_crop00_11.jpg,GX020113.MP4_snapshot_21.53.234.JPG,train,KM_POST,11,2771,1224,61,79
processed\train\KM_POST\GX020113.MP4_snapshot_21.54.042_crop00_11.jpg,C:\Users\ASUS G 16 JVR\Desktop\deepLearning_CNN\dataset\processed\train\KM_POST\GX020113.MP4_snapshot_21.54.042_crop00_11.jpg,GX020113.MP4_snapshot_21.54.042_crop00_11.jpg,GX020113.MP4_snapshot_21.54.042.JPG,train,KM_POST,11,3476,1234,124,142
processed\train\KM_POST\GX020113.MP4_snapshot_24.11.972_crop00_11.jpg,C:\Users\ASUS G 16 JVR\Desktop\deepLearning_CNN\dataset\processed\train\KM_POST\GX020113.MP4_snapshot_24.11.972_crop00_11.jpg,GX020113.MP4_snapshot_24.11.972_crop00_11.jpg,GX020113.MP4_snapshot_24.11.972.JPG,train,KM_POST,11,3422,1237,132,147
processed\train\KM_POST\GX020113.MP4_snapshot_25.42.144_crop00_11.jpg,C:\Users\ASUS G 16 JVR\Desktop\deepLearning_CNN\dataset\processed\train\KM_POST\GX020113.MP4_snapshot_25.42.144_crop00_11.jpg,GX020113.MP4_snapshot_25.42.144_crop00_11.jpg,GX020113.MP4_snapshot_25.42.144.JPG,train,KM_POST,11,2934,1220,61,128
processed\train\KM_POST\GX020113.MP4_snapshot_25.43.037_crop00_11.jpg,C:\Users\ASUS G 16 JVR\Desktop\deepLearning_CNN\dataset\processed\train\KM_POST\GX020113.MP4_snapshot_25.43.037_crop00_11.jpg,GX020113.MP4_snapshot_25.43.037_crop00_11.jpg,GX020113.MP4_snapshot_25.43.037.JPG,train,KM_POST,11,3555,1234,99,201
processed\train\KM_POST\GX020113.MP4_snapshot_26.51.476_crop00_11.jpg,C:\Users\ASUS G 16 JVR\Desktop\deepLearning_CNN\dataset\processed\train\KM_POST\GX020113.MP4_snapshot_26.51.476_crop00_11.jpg,GX020113.MP4_snapshot_26.51.476_crop00_11.jpg,GX020113.MP4_snapshot_26.51.476.JPG,train,KM_POST,11,2788,1232,63,75
processed\train\KM_POST\GX020113.MP4_snapshot_26.52.216_crop00_11.jpg,C:\Users\ASUS G 16 JVR\Desktop\deepLearning_CNN\dataset\processed\train\KM_POST\GX020113.MP4_snapshot_26.52.216_crop00_11.jpg,GX020113.MP4_snapshot_26.52.216_crop00_11.jpg,GX020113.MP4_snapshot_26.52.216.JPG,train,KM_POST,11,3205,1236,92,120
processed\train\KM_POST\GX020114.MP4_snapshot_01.49.781_crop00_11.jpg,C:\Users\ASUS G 16 JVR\Desktop\deepLearning_CNN\dataset\processed\train\KM_POST\GX020114.MP4_snapshot_01.49.781_crop00_11.jpg,GX020114.MP4_snapshot_01.49.781_crop00_11.jpg,GX020114.MP4_snapshot_01.49.781.JPG,train,KM_POST,11,2523,1100,33,59
processed\train\KM_POST\GX020114.MP4_snapshot_01.51.384_crop00_11.jpg,C:\Users\ASUS G 16 JVR\Desktop\deepLearning_CNN\dataset\processed\train\KM_POST\GX020114.MP4_snapshot_01.51.384_crop00_11.jpg,GX020114.MP4_snapshot_01.51.384_crop00_11.jpg,GX020114.MP4_snapshot_01.51.384.JPG,train,KM_POST,11,3335,1159,83,157
processed\train\KM_POST\GX020116.MP4_snapshot_01.49.576_crop00_11.jpg,C:\Users\ASUS G 16 JVR\Desktop\deepLearning_CNN\dataset\processed\train\KM_POST\GX020116.MP4_snapshot_01.49.576_crop00_11.jpg,GX020116.MP4_snapshot_01.49.576_crop00_11.jpg,GX020116.MP4_snapshot_01.49.576.JPG,train,KM_POST,11,2965,1061,69,91
processed\train\KM_POST\GX020116.MP4_snapshot_01.49.797_crop00_11.jpg,C:\Users\ASUS G 16 JVR\Desktop\deepLearning_CNN\dataset\processed\train\KM_POST\GX020116.MP4_snapshot_01.49.797_crop00_11.jpg,GX020116.MP4_snapshot_01.49.797_crop00_11.jpg,GX020116.MP4_snapshot_01.49.797.JPG,train,KM_POST,11,3308,1087,98,119
processed\train\KM_POST\GX020116.MP4_snapshot_09.02.663_crop00_11.jpg,C:\Users\ASUS G 16 JVR\Desktop\deepLearning_CNN\dataset\processed\train\KM_POST\GX020116.MP4_snapshot_09.02.663_crop00_11.jpg,GX020116.MP4_snapshot_09.02.663_crop00_11.jpg,GX020116.MP4_snapshot_09.02.663.JPG,train,KM_POST,11,3070,1068,79,100
processed\train\KM_POST\GX020116.MP4_snapshot_09.34.436_crop00_11.jpg,C:\Users\ASUS G 16 JVR\Desktop\deepLearning_CNN\dataset\processed\train\KM_POST\GX020116.MP4_snapshot_09.34.436_crop00_11.jpg,GX020116.MP4_snapshot_09.34.436_crop00_11.jpg,GX020116.MP4_snapshot_09.34.436.JPG,train,KM_POST,11,3378,1125,162,195
processed\train\SLOW_DOWN\GX020116.MP4_snapshot_09.34.436_crop01_23.jpg,C:\Users\ASUS G 16 JVR\Desktop\deepLearning_CNN\dataset\processed\train\SLOW_DOWN\GX020116.MP4_snapshot_09.34.436_crop01_23.jpg,GX020116.MP4_snapshot_09.34.436_crop01_23.jpg,GX020116.MP4_snapshot_09.34.436.JPG,train,SLOW_DOWN,23,2558,824,92,85
processed\train\KM_POST\GX020116.MP4_snapshot_13.31.776_crop00_11.jpg,C:\Users\ASUS G 16 JVR\Desktop\deepLearning_CNN\dataset\processed\train\KM_POST\GX020116.MP4_snapshot_13.31.776_crop00_11.jpg,GX020116.MP4_snapshot_13.31.776_crop00_11.jpg,GX020116.MP4_snapshot_13.31.776.JPG,train,KM_POST,11,3104,1101,110,148
processed\train\KM_POST\GX020273.MP4_snapshot_01.55.657_crop00_11.jpg,C:\Users\ASUS G 16 JVR\Desktop\deepLearning_CNN\dataset\processed\train\KM_POST\GX020273.MP4_snapshot_01.55.657_crop00_11.jpg,GX020273.MP4_snapshot_01.55.657_crop00_11.jpg,GX020273.MP4_snapshot_01.55.657.JPG,train,KM_POST,11,2624,1085,79,112
processed\train\KM_POST\GX020273.MP4_snapshot_03.20.391_crop00_11.jpg,C:\Users\ASUS G 16 JVR\Desktop\deepLearning_CNN\dataset\processed\train\KM_POST\GX020273.MP4_snapshot_03.20.391_crop00_11.jpg,GX020273.MP4_snapshot_03.20.391_crop00_11.jpg,GX020273.MP4_snapshot_03.20.391.JPG,train,KM_POST,11,2424,1080,52,74
processed\train\KM_POST\GX020273.MP4_snapshot_03.21.898_crop00_11.jpg,C:\Users\ASUS G 16 JVR\Desktop\deepLearning_CNN\dataset\processed\train\KM_POST\GX020273.MP4_snapshot_03.21.898_crop00_11.jpg,GX020273.MP4_snapshot_03.21.898_crop00_11.jpg,GX020273.MP4_snapshot_03.21.898.JPG,train,KM_POST,11,3323,1175,164,217
processed\train\KM_POST\GX020273.MP4_snapshot_04.40.279_crop00_11.jpg,C:\Users\ASUS G 16 JVR\Desktop\deepLearning_CNN\dataset\processed\train\KM_POST\GX020273.MP4_snapshot_04.40.279_crop00_11.jpg,GX020273.MP4_snapshot_04.40.279_crop00_11.jpg,GX020273.MP4_snapshot_04.40.279.JPG,train,KM_POST,11,2677,1104,83,110
processed\train\KM_POST\GX020273.MP4_snapshot_04.40.820_crop00_11.jpg,C:\Users\ASUS G 16 JVR\Desktop\deepLearning_CNN\dataset\processed\train\KM_POST\GX020273.MP4_snapshot_04.40.820_crop00_11.jpg,GX020273.MP4_snapshot_04.40.820_crop00_11.jpg,GX020273.MP4_snapshot_04.40.820.JPG,train,KM_POST,11,3053,1154,141,181
processed\train\KM_POST\GX020273.MP4_snapshot_05.52.787_crop00_11.jpg,C:\Users\ASUS G 16 JVR\Desktop\deepLearning_CNN\dataset\processed\train\KM_POST\GX020273.MP4_snapshot_05.52.787_crop00_11.jpg,GX020273.MP4_snapshot_05.52.787_crop00_11.jpg,GX020273.MP4_snapshot_05.52.787.JPG,train,KM_POST,11,3474,1164,181,236
processed\train\KM_POST\GX020273.MP4_snapshot_07.11.678_crop00_11.jpg,C:\Users\ASUS G 16 JVR\Desktop\deepLearning_CNN\dataset\processed\train\KM_POST\GX020273.MP4_snapshot_07.11.678_crop00_11.jpg,GX020273.MP4_snapshot_07.11.678_crop00_11.jpg,GX020273.MP4_snapshot_07.11.678.JPG,train,KM_POST,11,2415,1073,62,86
processed\train\KM_POST\GX020273.MP4_snapshot_07.13.008_crop00_11.jpg,C:\Users\ASUS G 16 JVR\Desktop\deepLearning_CNN\dataset\processed\train\KM_POST\GX020273.MP4_snapshot_07.13.008_crop00_11.jpg,GX020273.MP4_snapshot_07.13.008_crop00_11.jpg,GX020273.MP4_snapshot_07.13.008.JPG,train,KM_POST,11,3552,1192,224,291
processed\train\KM_POST\GX020273.MP4_snapshot_08.35.692_crop00_11.jpg,C:\Users\ASUS G 16 JVR\Desktop\deepLearning_CNN\dataset\processed\train\KM_POST\GX020273.MP4_snapshot_08.35.692_crop00_11.jpg,GX020273.MP4_snapshot_08.35.692_crop00_11.jpg,GX020273.MP4_snapshot_08.35.692.JPG,train,KM_POST,11,2705,1123,83,105
processed\train\KM_POST\GX020273.MP4_snapshot_09.56.756_crop00_11.jpg,C:\Users\ASUS G 16 JVR\Desktop\deepLearning_CNN\dataset\processed\train\KM_POST\GX020273.MP4_snapshot_09.56.756_crop00_11.jpg,GX020273.MP4_snapshot_09.56.756_crop00_11.jpg,GX020273.MP4_snapshot_09.56.756.JPG,train,KM_POST,11,2546,1092,64,93
processed\train\KM_POST\GX020273.MP4_snapshot_09.57.686_crop00_11.jpg,C:\Users\ASUS G 16 JVR\Desktop\deepLearning_CNN\dataset\processed\train\KM_POST\GX020273.MP4_snapshot_09.57.686_crop00_11.jpg,GX020273.MP4_snapshot_09.57.686_crop00_11.jpg,GX020273.MP4_snapshot_09.57.686.JPG,train,KM_POST,11,3437,1187,172,224
processed\train\KM_POST\GX020273.MP4_snapshot_11.20.378_crop00_11.jpg,C:\Users\ASUS G 16 JVR\Desktop\deepLearning_CNN\dataset\processed\train\KM_POST\GX020273.MP4_snapshot_11.20.378_crop00_11.jpg,GX020273.MP4_snapshot_11.20.378_crop00_11.jpg,GX020273.MP4_snapshot_11.20.378.JPG,train,KM_POST,11,2405,1077,60,91
processed\train\KM_POST\GX020273.MP4_snapshot_12.43.791_crop00_11.jpg,C:\Users\ASUS G 16 JVR\Desktop\deepLearning_CNN\dataset\processed\train\KM_POST\GX020273.MP4_snapshot_12.43.791_crop00_11.jpg,GX020273.MP4_snapshot_12.43.791_crop00_11.jpg,GX020273.MP4_snapshot_12.43.791.JPG,train,KM_POST,11,2627,1061,72,112
processed\train\KM_POST\GX020273.MP4_snapshot_12.44.445_crop00_11.jpg,C:\Users\ASUS G 16 JVR\Desktop\deepLearning_CNN\dataset\processed\train\KM_POST\GX020273.MP4_snapshot_12.44.445_crop00_11.jpg,GX020273.MP4_snapshot_12.44.445_crop00_11.jpg,GX020273.MP4_snapshot_12.44.445.JPG,train,KM_POST,11,3173,1099,143,207
processed\train\KM_POST\GX020273.MP4_snapshot_14.07.601_crop00_11.jpg,C:\Users\ASUS G 16 JVR\Desktop\deepLearning_CNN\dataset\processed\train\KM_POST\GX020273.MP4_snapshot_14.07.601_crop00_11.jpg,GX020273.MP4_snapshot_14.07.601_crop00_11.jpg,GX020273.MP4_snapshot_14.07.601.JPG,train,KM_POST,11,2593,1058,79,102
processed\train\KM_POST\GX020274.MP4_snapshot_00.36.481_crop00_11.jpg,C:\Users\ASUS G 16 JVR\Desktop\deepLearning_CNN\dataset\processed\train\KM_POST\GX020274.MP4_snapshot_00.36.481_crop00_11.jpg,GX020274.MP4_snapshot_00.36.481_crop00_11.jpg,GX020274.MP4_snapshot_00.36.481.JPG,train,KM_POST,11,2775,1108,60,86
processed\train\KEEP_RIGHT\GX020274.MP4_snapshot_00.36.481_crop01_10.jpg,C:\Users\ASUS G 16 JVR\Desktop\deepLearning_CNN\dataset\processed\train\KEEP_RIGHT\GX020274.MP4_snapshot_00.36.481_crop01_10.jpg,GX020274.MP4_snapshot_00.36.481_crop01_10.jpg,GX020274.MP4_snapshot_00.36.481.JPG,train,KEEP_RIGHT,10,1518,1082,93,98
processed\train\KEEP_RIGHT\GX020274.MP4_snapshot_00.36.762_crop00_10.jpg,C:\Users\ASUS G 16 JVR\Desktop\deepLearning_CNN\dataset\processed\train\KEEP_RIGHT\GX020274.MP4_snapshot_00.36.762_crop00_10.jpg,GX020274.MP4_snapshot_00.36.762_crop00_10.jpg,GX020274.MP4_snapshot_00.36.762.JPG,train,KEEP_RIGHT,10,1311,1070,143,143
processed\train\KM_POST\GX020274.MP4_snapshot_00.36.762_crop01_11.jpg,C:\Users\ASUS G 16 JVR\Desktop\deepLearning_CNN\dataset\processed\train\KM_POST\GX020274.MP4_snapshot_00.36.762_crop01_11.jpg,GX020274.MP4_snapshot_00.36.762_crop01_11.jpg,GX020274.MP4_snapshot_00.36.762.JPG,train,KM_POST,11,3055,1110,83,86
processed\train\KM_POST\GX020274.MP4_snapshot_05.15.410_crop00_11.jpg,C:\Users\ASUS G 16 JVR\Desktop\deepLearning_CNN\dataset\processed\train\KM_POST\GX020274.MP4_snapshot_05.15.410_crop00_11.jpg,GX020274.MP4_snapshot_05.15.410_crop00_11.jpg,GX020274.MP4_snapshot_05.15.410.JPG,train,KM_POST,11,1011,1218,72,105
processed\train\END_SPEED_LIMIT\GX020274.MP4_snapshot_05.15.410_crop01_08.jpg,C:\Users\ASUS G 16 JVR\Desktop\deepLearning_CNN\dataset\processed\train\END_SPEED_LIMIT\GX020274.MP4_snapshot_05.15.410_crop01_08.jpg,GX020274.MP4_snapshot_05.15.410_crop01_08.jpg,GX020274.MP4_snapshot_05.15.410.JPG,train,END_SPEED_LIMIT,8,2378,936,88,90
processed\train\KM_POST\GX020274.MP4_snapshot_07.00.014_crop00_11.jpg,C:\Users\ASUS G 16 JVR\Desktop\deepLearning_CNN\dataset\processed\train\KM_POST\GX020274.MP4_snapshot_07.00.014_crop00_11.jpg,GX020274.MP4_snapshot_07.00.014_crop00_11.jpg,GX020274.MP4_snapshot_07.00.014.JPG,train,KM_POST,11,727,1242,98,124
processed\train\KM_POST\GX020274.MP4_snapshot_08.36.521_crop00_11.jpg,C:\Users\ASUS G 16 JVR\Desktop\deepLearning_CNN\dataset\processed\train\KM_POST\GX020274.MP4_snapshot_08.36.521_crop00_11.jpg,GX020274.MP4_snapshot_08.36.521_crop00_11.jpg,GX020274.MP4_snapshot_08.36.521.JPG,train,KM_POST,11,862,1227,64,119
processed\train\KM_POST\GX020274.MP4_snapshot_10.09.645_crop00_11.jpg,C:\Users\ASUS G 16 JVR\Desktop\deepLearning_CNN\dataset\processed\train\KM_POST\GX020274.MP4_snapshot_10.09.645_crop00_11.jpg,GX020274.MP4_snapshot_10.09.645_crop00_11.jpg,GX020274.MP4_snapshot_10.09.645.JPG,train,KM_POST,11,539,1280,112,147
processed\train\KM_POST\GX020274.MP4_snapshot_14.41.263_crop00_11.jpg,C:\Users\ASUS G 16 JVR\Desktop\deepLearning_CNN\dataset\processed\train\KM_POST\GX020274.MP4_snapshot_14.41.263_crop00_11.jpg,GX020274.MP4_snapshot_14.41.263_crop00_11.jpg,GX020274.MP4_snapshot_14.41.263.JPG,train,KM_POST,11,1322,1144,38,52
processed\train\KM_POST\GX020274.MP4_snapshot_14.42.369_crop00_11.jpg,C:\Users\ASUS G 16 JVR\Desktop\deepLearning_CNN\dataset\processed\train\KM_POST\GX020274.MP4_snapshot_14.42.369_crop00_11.jpg,GX020274.MP4_snapshot_14.42.369_crop00_11.jpg,GX020274.MP4_snapshot_14.42.369.JPG,train,KM_POST,11,567,1223,100,136
processed\train\KM_POST\GX020274.MP4_snapshot_16.56.937_crop00_11.jpg,C:\Users\ASUS G 16 JVR\Desktop\deepLearning_CNN\dataset\processed\train\KM_POST\GX020274.MP4_snapshot_16.56.937_crop00_11.jpg,GX020274.MP4_snapshot_16.56.937_crop00_11.jpg,GX020274.MP4_snapshot_16.56.937.JPG,train,KM_POST,11,1371,1163,48,69
processed\train\KM_POST\GX020274.MP4_snapshot_16.57.959_crop00_11.jpg,C:\Users\ASUS G 16 JVR\Desktop\deepLearning_CNN\dataset\processed\train\KM_POST\GX020274.MP4_snapshot_16.57.959_crop00_11.jpg,GX020274.MP4_snapshot_16.57.959_crop00_11.jpg,GX020274.MP4_snapshot_16.57.959.JPG,train,KM_POST,11,977,1205,88,107
processed\train\KM_POST\GX020274.MP4_snapshot_19.24.232_crop00_11.jpg,C:\Users\ASUS G 16 JVR\Desktop\deepLearning_CNN\dataset\processed\train\KM_POST\GX020274.MP4_snapshot_19.24.232_crop00_11.jpg,GX020274.MP4_snapshot_19.24.232_crop00_11.jpg,GX020274.MP4_snapshot_19.24.232.JPG,train,KM_POST,11,1265,1165,45,69
processed\train\KM_POST\GX020274.MP4_snapshot_20.14.985_crop00_11.jpg,C:\Users\ASUS G 16 JVR\Desktop\deepLearning_CNN\dataset\processed\train\KM_POST\GX020274.MP4_snapshot_20.14.985_crop00_11.jpg,GX020274.MP4_snapshot_20.14.985_crop00_11.jpg,GX020274.MP4_snapshot_20.14.985.JPG,train,KM_POST,11,1275,1167,60,72
processed\train\KM_POST\GX020274.MP4_snapshot_22.41.410_crop00_11.jpg,C:\Users\ASUS G 16 JVR\Desktop\deepLearning_CNN\dataset\processed\train\KM_POST\GX020274.MP4_snapshot_22.41.410_crop00_11.jpg,GX020274.MP4_snapshot_22.41.410_crop00_11.jpg,GX020274.MP4_snapshot_22.41.410.JPG,train,KM_POST,11,1470,1163,45,67
processed\train\KM_POST\GX020274.MP4_snapshot_22.42.353_crop00_11.jpg,C:\Users\ASUS G 16 JVR\Desktop\deepLearning_CNN\dataset\processed\train\KM_POST\GX020274.MP4_snapshot_22.42.353_crop00_11.jpg,GX020274.MP4_snapshot_22.42.353_crop00_11.jpg,GX020274.MP4_snapshot_22.42.353.JPG,train,KM_POST,11,793,1249,114,145
processed\train\KM_POST\GX020274.MP4_snapshot_23.27.755_crop00_11.jpg,C:\Users\ASUS G 16 JVR\Desktop\deepLearning_CNN\dataset\processed\train\KM_POST\GX020274.MP4_snapshot_23.27.755_crop00_11.jpg,GX020274.MP4_snapshot_23.27.755_crop00_11.jpg,GX020274.MP4_snapshot_23.27.755.JPG,train,KM_POST,11,1375,1168,50,72
processed\train\KM_POST\GX020274.MP4_snapshot_23.28.574_crop00_11.jpg,C:\Users\ASUS G 16 JVR\Desktop\deepLearning_CNN\dataset\processed\train\KM_POST\GX020274.MP4_snapshot_23.28.574_crop00_11.jpg,GX020274.MP4_snapshot_23.28.574_crop00_11.jpg,GX020274.MP4_snapshot_23.28.574.JPG,train,KM_POST,11,665,1264,107,148
processed\train\KM_POST\GX020274.MP4_snapshot_24.18.591_crop00_11.jpg,C:\Users\ASUS G 16 JVR\Desktop\deepLearning_CNN\dataset\processed\train\KM_POST\GX020274.MP4_snapshot_24.18.591_crop00_11.jpg,GX020274.MP4_snapshot_24.18.591_crop00_11.jpg,GX020274.MP4_snapshot_24.18.591.JPG,train,KM_POST,11,627,1244,107,148
processed\train\KM_POST\GX020274.MP4_snapshot_26.13.032_crop00_11.jpg,C:\Users\ASUS G 16 JVR\Desktop\deepLearning_CNN\dataset\processed\train\KM_POST\GX020274.MP4_snapshot_26.13.032_crop00_11.jpg,GX020274.MP4_snapshot_26.13.032_crop00_11.jpg,GX020274.MP4_snapshot_26.13.032.JPG,train,KM_POST,11,563,1263,102,138
processed\train\KM_POST\GX020274.MP4_snapshot_27.11.851_crop00_11.jpg,C:\Users\ASUS G 16 JVR\Desktop\deepLearning_CNN\dataset\processed\train\KM_POST\GX020274.MP4_snapshot_27.11.851_crop00_11.jpg,GX020274.MP4_snapshot_27.11.851_crop00_11.jpg,GX020274.MP4_snapshot_27.11.851.JPG,train,KM_POST,11,1375,1185,33,60
processed\train\KM_POST\GX020274.MP4_snapshot_28.01.093_crop00_11.jpg,C:\Users\ASUS G 16 JVR\Desktop\deepLearning_CNN\dataset\processed\train\KM_POST\GX020274.MP4_snapshot_28.01.093_crop00_11.jpg,GX020274.MP4_snapshot_28.01.093_crop00_11.jpg,GX020274.MP4_snapshot_28.01.093.JPG,train,KM_POST,11,279,1299,153,169
processed\train\KM_POST\GX020274.MP4_snapshot_28.53.777_crop00_11.jpg,C:\Users\ASUS G 16 JVR\Desktop\deepLearning_CNN\dataset\processed\train\KM_POST\GX020274.MP4_snapshot_28.53.777_crop00_11.jpg,GX020274.MP4_snapshot_28.53.777_crop00_11.jpg,GX020274.MP4_snapshot_28.53.777.JPG,train,KM_POST,11,1346,1179,57,74
processed\train\KM_POST\GX020274.MP4_snapshot_28.54.514_crop00_11.jpg,C:\Users\ASUS G 16 JVR\Desktop\deepLearning_CNN\dataset\processed\train\KM_POST\GX020274.MP4_snapshot_28.54.514_crop00_11.jpg,GX020274.MP4_snapshot_28.54.514_crop00_11.jpg,GX020274.MP4_snapshot_28.54.514.JPG,train,KM_POST,11,200,1325,186,217
processed\train\KM_POST\GX020274.MP4_snapshot_29.40.586_crop00_11.jpg,C:\Users\ASUS G 16 JVR\Desktop\deepLearning_CNN\dataset\processed\train\KM_POST\GX020274.MP4_snapshot_29.40.586_crop00_11.jpg,GX020274.MP4_snapshot_29.40.586_crop00_11.jpg,GX020274.MP4_snapshot_29.40.586.JPG,train,KM_POST,11,1298,1185,52,70
processed\train\KM_POST\GX020274.MP4_snapshot_29.41.198_crop00_11.jpg,C:\Users\ASUS G 16 JVR\Desktop\deepLearning_CNN\dataset\processed\train\KM_POST\GX020274.MP4_snapshot_29.41.198_crop00_11.jpg,GX020274.MP4_snapshot_29.41.198_crop00_11.jpg,GX020274.MP4_snapshot_29.41.198.JPG,train,KM_POST,11,644,1267,105,123
processed\train\KM_POST\GX020274.MP4_snapshot_30.27.587_crop00_11.jpg,C:\Users\ASUS G 16 JVR\Desktop\deepLearning_CNN\dataset\processed\train\KM_POST\GX020274.MP4_snapshot_30.27.587_crop00_11.jpg,GX020274.MP4_snapshot_30.27.587_crop00_11.jpg,GX020274.MP4_snapshot_30.27.587.JPG,train,KM_POST,11,232,1330,143,173
processed\train\KM_POST\GX020274.MP4_snapshot_31.13.420_crop00_11.jpg,C:\Users\ASUS G 16 JVR\Desktop\deepLearning_CNN\dataset\processed\train\KM_POST\GX020274.MP4_snapshot_31.13.420_crop00_11.jpg,GX020274.MP4_snapshot_31.13.420_crop00_11.jpg,GX020274.MP4_snapshot_31.13.420.JPG,train,KM_POST,11,1321,1171,50,64
processed\train\KM_POST\GX020274.MP4_snapshot_31.59.647_crop00_11.jpg,C:\Users\ASUS G 16 JVR\Desktop\deepLearning_CNN\dataset\processed\train\KM_POST\GX020274.MP4_snapshot_31.59.647_crop00_11.jpg,GX020274.MP4_snapshot_31.59.647_crop00_11.jpg,GX020274.MP4_snapshot_31.59.647.JPG,train,KM_POST,11,1187,1201,61,77
processed\train\KM_POST\GX020274.MP4_snapshot_32.00.073_crop00_11.jpg,C:\Users\ASUS G 16 JVR\Desktop\deepLearning_CNN\dataset\processed\train\KM_POST\GX020274.MP4_snapshot_32.00.073_crop00_11.jpg,GX020274.MP4_snapshot_32.00.073_crop00_11.jpg,GX020274.MP4_snapshot_32.00.073.JPG,train,KM_POST,11,552,1284,116,156
processed\train\KM_POST\GX020274.MP4_snapshot_32.41.418_crop00_11.jpg,C:\Users\ASUS G 16 JVR\Desktop\deepLearning_CNN\dataset\processed\train\KM_POST\GX020274.MP4_snapshot_32.41.418_crop00_11.jpg,GX020274.MP4_snapshot_32.41.418_crop00_11.jpg,GX020274.MP4_snapshot_32.41.418.JPG,train,KM_POST,11,1293,1182,43,61
processed\train\KM_POST\GX020274.MP4_snapshot_32.41.978_crop00_11.jpg,C:\Users\ASUS G 16 JVR\Desktop\deepLearning_CNN\dataset\processed\train\KM_POST\GX020274.MP4_snapshot_32.41.978_crop00_11.jpg,GX020274.MP4_snapshot_32.41.978_crop00_11.jpg,GX020274.MP4_snapshot_32.41.978.JPG,train,KM_POST,11,801,1244,80,100
processed\train\DIRECTION\GX020274.MP4_snapshot_33.22.498_crop00_07.jpg,C:\Users\ASUS G 16 JVR\Desktop\deepLearning_CNN\dataset\processed\train\DIRECTION\GX020274.MP4_snapshot_33.22.498_crop00_07.jpg,GX020274.MP4_snapshot_33.22.498_crop00_07.jpg,GX020274.MP4_snapshot_33.22.498.JPG,train,DIRECTION,7,2876,740,334,256
processed\train\KM_POST\GX020274.MP4_snapshot_34.37.429_crop00_11.jpg,C:\Users\ASUS G 16 JVR\Desktop\deepLearning_CNN\dataset\processed\train\KM_POST\GX020274.MP4_snapshot_34.37.429_crop00_11.jpg,GX020274.MP4_snapshot_34.37.429_crop00_11.jpg,GX020274.MP4_snapshot_34.37.429.JPG,train,KM_POST,11,1271,1187,55,70
processed\train\KM_POST\GX020274.MP4_snapshot_34.37.905_crop00_11.jpg,C:\Users\ASUS G 16 JVR\Desktop\deepLearning_CNN\dataset\processed\train\KM_POST\GX020274.MP4_snapshot_34.37.905_crop00_11.jpg,GX020274.MP4_snapshot_34.37.905_crop00_11.jpg,GX020274.MP4_snapshot_34.37.905.JPG,train,KM_POST,11,781,1253,98,118
processed\train\KM_POST\GX020275.MP4_snapshot_00.30.433_crop00_11.jpg,C:\Users\ASUS G 16 JVR\Desktop\deepLearning_CNN\dataset\processed\train\KM_POST\GX020275.MP4_snapshot_00.30.433_crop00_11.jpg,GX020275.MP4_snapshot_00.30.433_crop00_11.jpg,GX020275.MP4_snapshot_00.30.433.JPG,train,KM_POST,11,2467,1010,63,88
processed\train\KM_POST\GX020275.MP4_snapshot_00.31.075_crop00_11.jpg,C:\Users\ASUS G 16 JVR\Desktop\deepLearning_CNN\dataset\processed\train\KM_POST\GX020275.MP4_snapshot_00.31.075_crop00_11.jpg,GX020275.MP4_snapshot_00.31.075_crop00_11.jpg,GX020275.MP4_snapshot_00.31.075.JPG,train,KM_POST,11,3220,1091,159,186
processed\train\KM_POST\GX020275.MP4_snapshot_01.23.689_crop00_11.jpg,C:\Users\ASUS G 16 JVR\Desktop\deepLearning_CNN\dataset\processed\train\KM_POST\GX020275.MP4_snapshot_01.23.689_crop00_11.jpg,GX020275.MP4_snapshot_01.23.689_crop00_11.jpg,GX020275.MP4_snapshot_01.23.689.JPG,train,KM_POST,11,2816,1049,109,138
processed\train\KM_POST\GX020275.MP4_snapshot_04.19.870_crop00_11.jpg,C:\Users\ASUS G 16 JVR\Desktop\deepLearning_CNN\dataset\processed\train\KM_POST\GX020275.MP4_snapshot_04.19.870_crop00_11.jpg,GX020275.MP4_snapshot_04.19.870_crop00_11.jpg,GX020275.MP4_snapshot_04.19.870.JPG,train,KM_POST,11,3117,1076,149,177
processed\train\KM_POST\GX020275.MP4_snapshot_05.09.328_crop00_11.jpg,C:\Users\ASUS G 16 JVR\Desktop\deepLearning_CNN\dataset\processed\train\KM_POST\GX020275.MP4_snapshot_05.09.328_crop00_11.jpg,GX020275.MP4_snapshot_05.09.328_crop00_11.jpg,GX020275.MP4_snapshot_05.09.328.JPG,train,KM_POST,11,2350,988,52,66
processed\train\KM_POST\GX020275.MP4_snapshot_05.10.149_crop00_11.jpg,C:\Users\ASUS G 16 JVR\Desktop\deepLearning_CNN\dataset\processed\train\KM_POST\GX020275.MP4_snapshot_05.10.149_crop00_11.jpg,GX020275.MP4_snapshot_05.10.149_crop00_11.jpg,GX020275.MP4_snapshot_05.10.149.JPG,train,KM_POST,11,3312,1082,167,197
processed\train\KM_POST\GX020275.MP4_snapshot_06.04.000_crop00_11.jpg,C:\Users\ASUS G 16 JVR\Desktop\deepLearning_CNN\dataset\processed\train\KM_POST\GX020275.MP4_snapshot_06.04.000_crop00_11.jpg,GX020275.MP4_snapshot_06.04.000_crop00_11.jpg,GX020275.MP4_snapshot_06.04.000.JPG,train,KM_POST,11,3070,1082,150,179
processed\train\KM_POST\GX030274.MP4_snapshot_00.23.352_crop00_11.jpg,C:\Users\ASUS G 16 JVR\Desktop\deepLearning_CNN\dataset\processed\train\KM_POST\GX030274.MP4_snapshot_00.23.352_crop00_11.jpg,GX030274.MP4_snapshot_00.23.352_crop00_11.jpg,GX030274.MP4_snapshot_00.23.352.JPG,train,KM_POST,11,1210,1171,49,104
processed\train\KM_POST\GX030274.MP4_snapshot_00.23.869_crop00_11.jpg,C:\Users\ASUS G 16 JVR\Desktop\deepLearning_CNN\dataset\processed\train\KM_POST\GX030274.MP4_snapshot_00.23.869_crop00_11.jpg,GX030274.MP4_snapshot_00.23.869_crop00_11.jpg,GX030274.MP4_snapshot_00.23.869.JPG,train,KM_POST,11,754,1220,92,159
processed\train\KM_POST\GX030274.MP4_snapshot_02.03.570_crop00_11.jpg,C:\Users\ASUS G 16 JVR\Desktop\deepLearning_CNN\dataset\processed\train\KM_POST\GX030274.MP4_snapshot_02.03.570_crop00_11.jpg,GX030274.MP4_snapshot_02.03.570_crop00_11.jpg,GX030274.MP4_snapshot_02.03.570.JPG,train,KM_POST,11,925,1218,79,104
processed\train\KM_POST\GX030274.MP4_snapshot_02.03.853_crop00_11.jpg,C:\Users\ASUS G 16 JVR\Desktop\deepLearning_CNN\dataset\processed\train\KM_POST\GX030274.MP4_snapshot_02.03.853_crop00_11.jpg,GX030274.MP4_snapshot_02.03.853_crop00_11.jpg,GX030274.MP4_snapshot_02.03.853.JPG,train,KM_POST,11,449,1271,118,155
processed\train\KM_POST\GX030274.MP4_snapshot_02.54.723_crop00_11.jpg,C:\Users\ASUS G 16 JVR\Desktop\deepLearning_CNN\dataset\processed\train\KM_POST\GX030274.MP4_snapshot_02.54.723_crop00_11.jpg,GX030274.MP4_snapshot_02.54.723_crop00_11.jpg,GX030274.MP4_snapshot_02.54.723.JPG,train,KM_POST,11,695,1248,102,122
processed\train\KM_POST\GX030274.MP4_snapshot_03.41.007_crop00_11.jpg,C:\Users\ASUS G 16 JVR\Desktop\deepLearning_CNN\dataset\processed\train\KM_POST\GX030274.MP4_snapshot_03.41.007_crop00_11.jpg,GX030274.MP4_snapshot_03.41.007_crop00_11.jpg,GX030274.MP4_snapshot_03.41.007.JPG,train,KM_POST,11,1204,1181,55,67
processed\train\KM_POST\GX030274.MP4_snapshot_04.46.600_crop00_11.jpg,C:\Users\ASUS G 16 JVR\Desktop\deepLearning_CNN\dataset\processed\train\KM_POST\GX030274.MP4_snapshot_04.46.600_crop00_11.jpg,GX030274.MP4_snapshot_04.46.600_crop00_11.jpg,GX030274.MP4_snapshot_04.46.600.JPG,train,KM_POST,11,1309,1181,45,61
processed\train\KM_POST\GX030274.MP4_snapshot_04.48.005_crop00_11.jpg,C:\Users\ASUS G 16 JVR\Desktop\deepLearning_CNN\dataset\processed\train\KM_POST\GX030274.MP4_snapshot_04.48.005_crop00_11.jpg,GX030274.MP4_snapshot_04.48.005_crop00_11.jpg,GX030274.MP4_snapshot_04.48.005.JPG,train,KM_POST,11,592,1260,105,123
processed\train\KM_POST\GX030274.MP4_snapshot_05.48.733_crop00_11.jpg,C:\Users\ASUS G 16 JVR\Desktop\deepLearning_CNN\dataset\processed\train\KM_POST\GX030274.MP4_snapshot_05.48.733_crop00_11.jpg,GX030274.MP4_snapshot_05.48.733_crop00_11.jpg,GX030274.MP4_snapshot_05.48.733.JPG,train,KM_POST,11,281,1295,126,153
processed\train\KM_POST\GX030274.MP4_snapshot_06.56.051_crop00_11.jpg,C:\Users\ASUS G 16 JVR\Desktop\deepLearning_CNN\dataset\processed\train\KM_POST\GX030274.MP4_snapshot_06.56.051_crop00_11.jpg,GX030274.MP4_snapshot_06.56.051_crop00_11.jpg,GX030274.MP4_snapshot_06.56.051.JPG,train,KM_POST,11,1212,1181,63,77
processed\train\KM_POST\GX030274.MP4_snapshot_06.57.043_crop00_11.jpg,C:\Users\ASUS G 16 JVR\Desktop\deepLearning_CNN\dataset\processed\train\KM_POST\GX030274.MP4_snapshot_06.57.043_crop00_11.jpg,GX030274.MP4_snapshot_06.57.043_crop00_11.jpg,GX030274.MP4_snapshot_06.57.043.JPG,train,KM_POST,11,708,1234,100,116
processed\train\KM_POST\GX030274.MP4_snapshot_08.08.961_crop00_11.jpg,C:\Users\ASUS G 16 JVR\Desktop\deepLearning_CNN\dataset\processed\train\KM_POST\GX030274.MP4_snapshot_08.08.961_crop00_11.jpg,GX030274.MP4_snapshot_08.08.961_crop00_11.jpg,GX030274.MP4_snapshot_08.08.961.JPG,train,KM_POST,11,460,1287,126,150
processed\train\KM_POST\GX030274.MP4_snapshot_08.58.925_crop00_11.jpg,C:\Users\ASUS G 16 JVR\Desktop\deepLearning_CNN\dataset\processed\train\KM_POST\GX030274.MP4_snapshot_08.58.925_crop00_11.jpg,GX030274.MP4_snapshot_08.58.925_crop00_11.jpg,GX030274.MP4_snapshot_08.58.925.JPG,train,KM_POST,11,1194,1179,57,75
processed\train\KM_POST\GX030274.MP4_snapshot_08.59.494_crop00_11.jpg,C:\Users\ASUS G 16 JVR\Desktop\deepLearning_CNN\dataset\processed\train\KM_POST\GX030274.MP4_snapshot_08.59.494_crop00_11.jpg,GX030274.MP4_snapshot_08.59.494_crop00_11.jpg,GX030274.MP4_snapshot_08.59.494.JPG,train,KM_POST,11,549,1250,114,132
processed\train\KM_POST\GX030274.MP4_snapshot_09.57.730_crop00_11.jpg,C:\Users\ASUS G 16 JVR\Desktop\deepLearning_CNN\dataset\processed\train\KM_POST\GX030274.MP4_snapshot_09.57.730_crop00_11.jpg,GX030274.MP4_snapshot_09.57.730_crop00_11.jpg,GX030274.MP4_snapshot_09.57.730.JPG,train,KM_POST,11,1287,1157,33,87
processed\train\SLOW_DOWN\photo_1_2025-04-06_09-38-07_crop00_23.jpg,C:\Users\ASUS G 16 JVR\Desktop\deepLearning_CNN\dataset\processed\train\SLOW_DOWN\photo_1_2025-04-06_09-38-07_crop00_23.jpg,photo_1_2025-04-06_09-38-07_crop00_23.jpg,photo_1_2025-04-06_09-38-07.jpg,train,SLOW_DOWN,23,623,234,89,93
processed\train\SLOW_DOWN\photo_2_2025-04-06_09-31-11_crop00_23.jpg,C:\Users\ASUS G 16 JVR\Desktop\deepLearning_CNN\dataset\processed\train\SLOW_DOWN\photo_2_2025-04-06_09-31-11_crop00_23.jpg,photo_2_2025-04-06_09-31-11_crop00_23.jpg,photo_2_2025-04-06_09-31-11.jpg,train,SLOW_DOWN,23,513,320,119,123
processed\train\40_SPEED_LIMIT\photo_2_2025-04-06_09-38-07_crop00_01.jpg,C:\Users\ASUS G 16 JVR\Desktop\deepLearning_CNN\dataset\processed\train\40_SPEED_LIMIT\photo_2_2025-04-06_09-38-07_crop00_01.jpg,photo_2_2025-04-06_09-38-07_crop00_01.jpg,photo_2_2025-04-06_09-38-07.jpg,train,40_SPEED_LIMIT,1,447,368,52,52
processed\train\ROAD_JUNCTION_ON_THE_RIGHT\photo_2_2025-04-06_09-38-07_crop01_22.jpg,C:\Users\ASUS G 16 JVR\Desktop\deepLearning_CNN\dataset\processed\train\ROAD_JUNCTION_ON_THE_RIGHT\photo_2_2025-04-06_09-38-07_crop01_22.jpg,photo_2_2025-04-06_09-38-07_crop01_22.jpg,photo_2_2025-04-06_09-38-07.jpg,train,ROAD_JUNCTION_ON_THE_RIGHT,22,443,422,59,54
processed\train\KEEP_RIGHT\photo_4_2025-04-06_09-43-05_crop00_10.jpg,C:\Users\ASUS G 16 JVR\Desktop\deepLearning_CNN\dataset\processed\train\KEEP_RIGHT\photo_4_2025-04-06_09-43-05_crop00_10.jpg,photo_4_2025-04-06_09-43-05_crop00_10.jpg,photo_4_2025-04-06_09-43-05.jpg,train,KEEP_RIGHT,10,606,376,106,109
processed\train\PEDESTRAIN_CR_AREA\photo_5_2025-04-06_09-38-07_crop00_18.jpg,C:\Users\ASUS G 16 JVR\Desktop\deepLearning_CNN\dataset\processed\train\PEDESTRAIN_CR_AREA\photo_5_2025-04-06_09-38-07_crop00_18.jpg,photo_5_2025-04-06_09-38-07_crop00_18.jpg,photo_5_2025-04-06_09-38-07.jpg,train,PEDESTRAIN_CR_AREA,18,707,475,60,58
processed\train\ROAD_JUNCTION_ON_THE_RIGHT\photo_5_2025-04-06_09-38-07_crop01_22.jpg,C:\Users\ASUS G 16 JVR\Desktop\deepLearning_CNN\dataset\processed\train\ROAD_JUNCTION_ON_THE_RIGHT\photo_5_2025-04-06_09-38-07_crop01_22.jpg,photo_5_2025-04-06_09-38-07_crop01_22.jpg,photo_5_2025-04-06_09-38-07.jpg,train,ROAD_JUNCTION_ON_THE_RIGHT,22,734,431,95,97
processed\train\SLOW_DOWN\photo_5_2025-04-06_09-38-07_crop02_23.jpg,C:\Users\ASUS G 16 JVR\Desktop\deepLearning_CNN\dataset\processed\train\SLOW_DOWN\photo_5_2025-04-06_09-38-07_crop02_23.jpg,photo_5_2025-04-06_09-38-07_crop02_23.jpg,photo_5_2025-04-06_09-38-07.jpg,train,SLOW_DOWN,23,743,525,85,85
processed\train\KEEP_RIGHT\photo_5_2025-04-06_09-38-07_crop03_10.jpg,C:\Users\ASUS G 16 JVR\Desktop\deepLearning_CNN\dataset\processed\train\KEEP_RIGHT\photo_5_2025-04-06_09-38-07_crop03_10.jpg,photo_5_2025-04-06_09-38-07_crop03_10.jpg,photo_5_2025-04-06_09-38-07.jpg,train,KEEP_RIGHT,10,152,574,45,47
processed\train\KEEP_RIGHT\photo_6_2025-04-06_09-43-05_crop00_10.jpg,C:\Users\ASUS G 16 JVR\Desktop\deepLearning_CNN\dataset\processed\train\KEEP_RIGHT\photo_6_2025-04-06_09-43-05_crop00_10.jpg,photo_6_2025-04-06_09-43-05_crop00_10.jpg,photo_6_2025-04-06_09-43-05.jpg,train,KEEP_RIGHT,10,712,438,157,169
processed\train\80_SPEED_LIMIT\photo_7_2025-04-06_09-31-11_crop00_03.jpg,C:\Users\ASUS G 16 JVR\Desktop\deepLearning_CNN\dataset\processed\train\80_SPEED_LIMIT\photo_7_2025-04-06_09-31-11_crop00_03.jpg,photo_7_2025-04-06_09-31-11_crop00_03.jpg,photo_7_2025-04-06_09-31-11.jpg,train,80_SPEED_LIMIT,3,602,240,377,407
processed\train\DIRECTION\photo_9_2025-04-06_09-31-11_crop00_07.jpg,C:\Users\ASUS G 16 JVR\Desktop\deepLearning_CNN\dataset\processed\train\DIRECTION\photo_9_2025-04-06_09-31-11_crop00_07.jpg,photo_9_2025-04-06_09-31-11_crop00_07.jpg,photo_9_2025-04-06_09-31-11.jpg,train,DIRECTION,7,597,95,173,139
processed\train\HOSPITAL\photo_9_2025-04-06_09-31-11_crop02_09.jpg,C:\Users\ASUS G 16 JVR\Desktop\deepLearning_CNN\dataset\processed\train\HOSPITAL\photo_9_2025-04-06_09-31-11_crop02_09.jpg,photo_9_2025-04-06_09-31-11_crop02_09.jpg,photo_9_2025-04-06_09-31-11.jpg,train,HOSPITAL,9,720,392,48,48
processed\train\NO_HORN\photo_9_2025-04-06_09-31-11_crop03_14.jpg,C:\Users\ASUS G 16 JVR\Desktop\deepLearning_CNN\dataset\processed\train\NO_HORN\photo_9_2025-04-06_09-31-11_crop03_14.jpg,photo_9_2025-04-06_09-31-11_crop03_14.jpg,photo_9_2025-04-06_09-31-11.jpg,train,NO_HORN,14,715,443,54,54
processed\train\KEEP_RIGHT\photo_11_2025-04-06_09-43-05_crop00_10.jpg,C:\Users\ASUS G 16 JVR\Desktop\deepLearning_CNN\dataset\processed\train\KEEP_RIGHT\photo_11_2025-04-06_09-43-05_crop00_10.jpg,photo_11_2025-04-06_09-43-05_crop00_10.jpg,photo_11_2025-04-06_09-43-05.jpg,train,KEEP_RIGHT,10,485,400,174,175
processed\train\PEDESTRAIN_CR_AREA\photo_12_2025-04-06_09-31-11_crop00_18.jpg,C:\Users\ASUS G 16 JVR\Desktop\deepLearning_CNN\dataset\processed\train\PEDESTRAIN_CR_AREA\photo_12_2025-04-06_09-31-11_crop00_18.jpg,photo_12_2025-04-06_09-31-11_crop00_18.jpg,photo_12_2025-04-06_09-31-11.jpg,train,PEDESTRAIN_CR_AREA,18,433,484,59,52
processed\train\ROAD_JUNCTION_ON_THE_RIGHT\photo_13_2025-04-06_09-38-07_crop00_22.jpg,C:\Users\ASUS G 16 JVR\Desktop\deepLearning_CNN\dataset\processed\train\ROAD_JUNCTION_ON_THE_RIGHT\photo_13_2025-04-06_09-38-07_crop00_22.jpg,photo_13_2025-04-06_09-38-07_crop00_22.jpg,photo_13_2025-04-06_09-38-07.jpg,train,ROAD_JUNCTION_ON_THE_RIGHT,22,805,129,138,140
processed\train\SLOW_DOWN\photo_13_2025-04-06_09-38-07_crop01_23.jpg,C:\Users\ASUS G 16 JVR\Desktop\deepLearning_CNN\dataset\processed\train\SLOW_DOWN\photo_13_2025-04-06_09-38-07_crop01_23.jpg,photo_13_2025-04-06_09-38-07_crop01_23.jpg,photo_13_2025-04-06_09-38-07.jpg,train,SLOW_DOWN,23,816,266,122,127
processed\train\PEDESTRAIN_CR_AREA\photo_13_2025-04-06_09-38-07_crop02_18.jpg,C:\Users\ASUS G 16 JVR\Desktop\deepLearning_CNN\dataset\processed\train\PEDESTRAIN_CR_AREA\photo_13_2025-04-06_09-38-07_crop02_18.jpg,photo_13_2025-04-06_09-38-07_crop02_18.jpg,photo_13_2025-04-06_09-38-07.jpg,train,PEDESTRAIN_CR_AREA,18,391,365,57,57
processed\train\60_SPEED_LIMIT\photo_15_2025-04-06_09-38-07_crop00_02.jpg,C:\Users\ASUS G 16 JVR\Desktop\deepLearning_CNN\dataset\processed\train\60_SPEED_LIMIT\photo_15_2025-04-06_09-38-07_crop00_02.jpg,photo_15_2025-04-06_09-38-07_crop00_02.jpg,photo_15_2025-04-06_09-38-07.jpg,train,60_SPEED_LIMIT,2,514,485,113,113
processed\train\CROSS_ROAD\photo_16_2025-04-06_09-29-53_crop00_06.jpg,C:\Users\ASUS G 16 JVR\Desktop\deepLearning_CNN\dataset\processed\train\CROSS_ROAD\photo_16_2025-04-06_09-29-53_crop00_06.jpg,photo_16_2025-04-06_09-29-53_crop00_06.jpg,photo_16_2025-04-06_09-29-53.jpg,train,CROSS_ROAD,6,598,485,180,184
processed\train\LEFT_BEND\photo_16_2025-04-06_09-29-53_crop01_12.jpg,C:\Users\ASUS G 16 JVR\Desktop\deepLearning_CNN\dataset\processed\train\LEFT_BEND\photo_16_2025-04-06_09-29-53_crop01_12.jpg,photo_16_2025-04-06_09-29-53_crop01_12.jpg,photo_16_2025-04-06_09-29-53.jpg,train,LEFT_BEND,12,604,674,184,184
processed\train\NO_ENTRY\photo_17_2025-04-06_09-29-53_crop00_13.jpg,C:\Users\ASUS G 16 JVR\Desktop\deepLearning_CNN\dataset\processed\train\NO_ENTRY\photo_17_2025-04-06_09-29-53_crop00_13.jpg,photo_17_2025-04-06_09-29-53_crop00_13.jpg,photo_17_2025-04-06_09-29-53.jpg,train,NO_ENTRY,13,682,351,118,121
processed\train\KEEP_RIGHT\photo_17_2025-04-06_09-29-53_crop01_10.jpg,C:\Users\ASUS G 16 JVR\Desktop\deepLearning_CNN\dataset\processed\train\KEEP_RIGHT\photo_17_2025-04-06_09-29-53_crop01_10.jpg,photo_17_2025-04-06_09-29-53_crop01_10.jpg,photo_17_2025-04-06_09-29-53.jpg,train,KEEP_RIGHT,10,800,651,104,118
processed\train\END_SPEED_LIMIT\photo_19_2025-04-06_09-38-07_crop00_08.jpg,C:\Users\ASUS G 16 JVR\Desktop\deepLearning_CNN\dataset\processed\train\END_SPEED_LIMIT\photo_19_2025-04-06_09-38-07_crop00_08.jpg,photo_19_2025-04-06_09-38-07_crop00_08.jpg,photo_19_2025-04-06_09-38-07.jpg,train,END_SPEED_LIMIT,8,387,403,87,88
processed\train\RIGHT_BEND\photo_20_2025-04-06_09-31-11_crop00_20.jpg,C:\Users\ASUS G 16 JVR\Desktop\deepLearning_CNN\dataset\processed\train\RIGHT_BEND\photo_20_2025-04-06_09-31-11_crop00_20.jpg,photo_20_2025-04-06_09-31-11_crop00_20.jpg,photo_20_2025-04-06_09-31-11.jpg,train,RIGHT_BEND,20,188,237,236,249
processed\train\NO_ENTRY\photo_24_2025-04-06_09-29-53_crop00_13.jpg,C:\Users\ASUS G 16 JVR\Desktop\deepLearning_CNN\dataset\processed\train\NO_ENTRY\photo_24_2025-04-06_09-29-53_crop00_13.jpg,photo_24_2025-04-06_09-29-53_crop00_13.jpg,photo_24_2025-04-06_09-29-53.jpg,train,NO_ENTRY,13,589,530,50,51
processed\train\KEEP_RIGHT\photo_24_2025-04-06_09-29-53_crop01_10.jpg,C:\Users\ASUS G 16 JVR\Desktop\deepLearning_CNN\dataset\processed\train\KEEP_RIGHT\photo_24_2025-04-06_09-29-53_crop01_10.jpg,photo_24_2025-04-06_09-29-53_crop01_10.jpg,photo_24_2025-04-06_09-29-53.jpg,train,KEEP_RIGHT,10,644,616,50,52
processed\train\ROAD_JUNCTION_ON_THE_LEFT\photo_25_2025-04-06_09-29-53_crop00_21.jpg,C:\Users\ASUS G 16 JVR\Desktop\deepLearning_CNN\dataset\processed\train\ROAD_JUNCTION_ON_THE_LEFT\photo_25_2025-04-06_09-29-53_crop00_21.jpg,photo_25_2025-04-06_09-29-53_crop00_21.jpg,photo_25_2025-04-06_09-29-53.jpg,train,ROAD_JUNCTION_ON_THE_LEFT,21,876,351,137,138
processed\train\KM_POST\photo_25_2025-04-06_09-29-53_crop01_11.jpg,C:\Users\ASUS G 16 JVR\Desktop\deepLearning_CNN\dataset\processed\train\KM_POST\photo_25_2025-04-06_09-29-53_crop01_11.jpg,photo_25_2025-04-06_09-29-53_crop01_11.jpg,photo_25_2025-04-06_09-29-53.jpg,train,KM_POST,11,1077,612,112,168
processed\train\SLOW_DOWN\photo_27_2025-04-06_09-31-11_crop00_23.jpg,C:\Users\ASUS G 16 JVR\Desktop\deepLearning_CNN\dataset\processed\train\SLOW_DOWN\photo_27_2025-04-06_09-31-11_crop00_23.jpg,photo_27_2025-04-06_09-31-11_crop00_23.jpg,photo_27_2025-04-06_09-31-11.jpg,train,SLOW_DOWN,23,545,437,64,96
processed\train\ROAD_JUNCTION_ON_THE_RIGHT\photo_34_2025-04-06_09-29-53_crop00_22.jpg,C:\Users\ASUS G 16 JVR\Desktop\deepLearning_CNN\dataset\processed\train\ROAD_JUNCTION_ON_THE_RIGHT\photo_34_2025-04-06_09-29-53_crop00_22.jpg,photo_34_2025-04-06_09-29-53_crop00_22.jpg,photo_34_2025-04-06_09-29-53.JPG,train,ROAD_JUNCTION_ON_THE_RIGHT,22,425,462,108,107
processed\train\KM_POST\photo_34_2025-04-06_09-29-53_crop01_11.jpg,C:\Users\ASUS G 16 JVR\Desktop\deepLearning_CNN\dataset\processed\train\KM_POST\photo_34_2025-04-06_09-29-53_crop01_11.jpg,photo_34_2025-04-06_09-29-53_crop01_11.jpg,photo_34_2025-04-06_09-29-53.JPG,train,KM_POST,11,480,686,68,100
processed\train\U_TURN\photo_35_2025-04-06_09-29-53_crop00_25.jpg,C:\Users\ASUS G 16 JVR\Desktop\deepLearning_CNN\dataset\processed\train\U_TURN\photo_35_2025-04-06_09-29-53_crop00_25.jpg,photo_35_2025-04-06_09-29-53_crop00_25.jpg,photo_35_2025-04-06_09-29-53.jpg,train,U_TURN,25,737,277,123,128
processed\train\KEEP_RIGHT\photo_35_2025-04-06_09-29-53_crop01_10.jpg,C:\Users\ASUS G 16 JVR\Desktop\deepLearning_CNN\dataset\processed\train\KEEP_RIGHT\photo_35_2025-04-06_09-29-53_crop01_10.jpg,photo_35_2025-04-06_09-29-53_crop01_10.jpg,photo_35_2025-04-06_09-29-53.jpg,train,KEEP_RIGHT,10,733,536,145,155
processed\train\SLOW_DOWN\photo_44_2025-04-06_09-29-53_crop00_23.jpg,C:\Users\ASUS G 16 JVR\Desktop\deepLearning_CNN\dataset\processed\train\SLOW_DOWN\photo_44_2025-04-06_09-29-53_crop00_23.jpg,photo_44_2025-04-06_09-29-53_crop00_23.jpg,photo_44_2025-04-06_09-29-53.jpg,train,SLOW_DOWN,23,352,433,81,80
processed\train\CHILDREN_CROSSING\photo_2025-04-08_10-21-42 (2)_crop00_05.jpg,C:\Users\ASUS G 16 JVR\Desktop\deepLearning_CNN\dataset\processed\train\CHILDREN_CROSSING\photo_2025-04-08_10-21-42 (2)_crop00_05.jpg,photo_2025-04-08_10-21-42 (2)_crop00_05.jpg,photo_2025-04-08_10-21-42 (2).jpg,train,CHILDREN_CROSSING,5,651,457,127,127
processed\train\SLOW_DOWN\photo_2025-04-08_10-21-42 (2)_crop01_23.jpg,C:\Users\ASUS G 16 JVR\Desktop\deepLearning_CNN\dataset\processed\train\SLOW_DOWN\photo_2025-04-08_10-21-42 (2)_crop01_23.jpg,photo_2025-04-08_10-21-42 (2)_crop01_23.jpg,photo_2025-04-08_10-21-42 (2).jpg,train,SLOW_DOWN,23,666,581,108,109
processed\train\NO_ENTRY\photo_2025-04-08_10-21-46_crop00_13.jpg,C:\Users\ASUS G 16 JVR\Desktop\deepLearning_CNN\dataset\processed\train\NO_ENTRY\photo_2025-04-08_10-21-46_crop00_13.jpg,photo_2025-04-08_10-21-46_crop00_13.jpg,photo_2025-04-08_10-21-46.jpg,train,NO_ENTRY,13,446,587,75,76
processed\train\KEEP_RIGHT\photo_2025-04-08_10-21-46_crop01_10.jpg,C:\Users\ASUS G 16 JVR\Desktop\deepLearning_CNN\dataset\processed\train\KEEP_RIGHT\photo_2025-04-08_10-21-46_crop01_10.jpg,photo_2025-04-08_10-21-46_crop01_10.jpg,photo_2025-04-08_10-21-46.jpg,train,KEEP_RIGHT,10,494,681,51,82
processed\train\NO_ENTRY\photo_2025-04-08_10-21-51_crop00_13.jpg,C:\Users\ASUS G 16 JVR\Desktop\deepLearning_CNN\dataset\processed\train\NO_ENTRY\photo_2025-04-08_10-21-51_crop00_13.jpg,photo_2025-04-08_10-21-51_crop00_13.jpg,photo_2025-04-08_10-21-51.jpg,train,NO_ENTRY,13,215,588,98,97
processed\train\KEEP_RIGHT\photo_2025-04-08_10-21-51_crop01_10.jpg,C:\Users\ASUS G 16 JVR\Desktop\deepLearning_CNN\dataset\processed\train\KEEP_RIGHT\photo_2025-04-08_10-21-51_crop01_10.jpg,photo_2025-04-08_10-21-51_crop01_10.jpg,photo_2025-04-08_10-21-51.jpg,train,KEEP_RIGHT,10,280,742,100,104
processed\train\U_TURN\photo_2025-04-08_10-21-51_crop02_25.jpg,C:\Users\ASUS G 16 JVR\Desktop\deepLearning_CNN\dataset\processed\train\U_TURN\photo_2025-04-08_10-21-51_crop02_25.jpg,photo_2025-04-08_10-21-51_crop02_25.jpg,photo_2025-04-08_10-21-51.jpg,train,U_TURN,25,566,716,39,38
processed\train\ROAD_JUNCTION_ON_THE_LEFT\photo_2025-04-08_10-22-02 (2)_crop00_21.jpg,C:\Users\ASUS G 16 JVR\Desktop\deepLearning_CNN\dataset\processed\train\ROAD_JUNCTION_ON_THE_LEFT\photo_2025-04-08_10-22-02 (2)_crop00_21.jpg,photo_2025-04-08_10-22-02 (2)_crop00_21.jpg,photo_2025-04-08_10-22-02 (2).jpg,train,ROAD_JUNCTION_ON_THE_LEFT,21,541,550,76,78
processed\train\CHILDREN_CROSSING\photo_2025-04-08_10-22-09_crop00_05.jpg,C:\Users\ASUS G 16 JVR\Desktop\deepLearning_CNN\dataset\processed\train\CHILDREN_CROSSING\photo_2025-04-08_10-22-09_crop00_05.jpg,photo_2025-04-08_10-22-09_crop00_05.jpg,photo_2025-04-08_10-22-09.jpg,train,CHILDREN_CROSSING,5,556,571,68,73
processed\train\SLOW_DOWN\photo_2025-04-08_10-22-09_crop01_23.jpg,C:\Users\ASUS G 16 JVR\Desktop\deepLearning_CNN\dataset\processed\train\SLOW_DOWN\photo_2025-04-08_10-22-09_crop01_23.jpg,photo_2025-04-08_10-22-09_crop01_23.jpg,photo_2025-04-08_10-22-09.jpg,train,SLOW_DOWN,23,561,644,64,60
processed\train\ROAD_JUNCTION_ON_THE_LEFT\photo_2025-04-08_10-22-30_crop01_21.jpg,C:\Users\ASUS G 16 JVR\Desktop\deepLearning_CNN\dataset\processed\train\ROAD_JUNCTION_ON_THE_LEFT\photo_2025-04-08_10-22-30_crop01_21.jpg,photo_2025-04-08_10-22-30_crop01_21.jpg,photo_2025-04-08_10-22-30.jpg,train,ROAD_JUNCTION_ON_THE_LEFT,21,424,501,63,65
processed\train\NO_HORN\photo_2025-04-08_10-22-31 (2)_crop00_14.jpg,C:\Users\ASUS G 16 JVR\Desktop\deepLearning_CNN\dataset\processed\train\NO_HORN\photo_2025-04-08_10-22-31 (2)_crop00_14.jpg,photo_2025-04-08_10-22-31 (2)_crop00_14.jpg,photo_2025-04-08_10-22-31 (2).jpg,train,NO_HORN,14,915,661,97,97
processed\train\HOSPITAL\photo_2025-04-08_10-22-31 (2)_crop01_09.jpg,C:\Users\ASUS G 16 JVR\Desktop\deepLearning_CNN\dataset\processed\train\HOSPITAL\photo_2025-04-08_10-22-31 (2)_crop01_09.jpg,photo_2025-04-08_10-22-31 (2)_crop01_09.jpg,photo_2025-04-08_10-22-31 (2).jpg,train,HOSPITAL,9,645,725,47,49
processed\train\RIGHT_BEND\photo_2025-04-08_10-22-31_crop00_20.jpg,C:\Users\ASUS G 16 JVR\Desktop\deepLearning_CNN\dataset\processed\train\RIGHT_BEND\photo_2025-04-08_10-22-31_crop00_20.jpg,photo_2025-04-08_10-22-31_crop00_20.jpg,photo_2025-04-08_10-22-31.jpg,train,RIGHT_BEND,20,686,641,96,99
processed\train\CROSS_ROAD\photo_2025-04-08_10-22-40_crop00_06.jpg,C:\Users\ASUS G 16 JVR\Desktop\deepLearning_CNN\dataset\processed\train\CROSS_ROAD\photo_2025-04-08_10-22-40_crop00_06.jpg,photo_2025-04-08_10-22-40_crop00_06.jpg,photo_2025-04-08_10-22-40.jpg,train,CROSS_ROAD,6,791,416,113,113
processed\train\PEDESTRAIN_CROSSING\photo_2025-04-08_10-22-43 (5)_crop00_17.jpg,C:\Users\ASUS G 16 JVR\Desktop\deepLearning_CNN\dataset\processed\train\PEDESTRAIN_CROSSING\photo_2025-04-08_10-22-43 (5)_crop00_17.jpg,photo_2025-04-08_10-22-43 (5)_crop00_17.jpg,photo_2025-04-08_10-22-43 (5).jpg,train,PEDESTRAIN_CROSSING,17,859,457,99,101
processed\train\PRIORITY_ROAD\photo_2025-04-08_10-22-52_crop00_19.jpg,C:\Users\ASUS G 16 JVR\Desktop\deepLearning_CNN\dataset\processed\train\PRIORITY_ROAD\photo_2025-04-08_10-22-52_crop00_19.jpg,photo_2025-04-08_10-22-52_crop00_19.jpg,photo_2025-04-08_10-22-52.jpg,train,PRIORITY_ROAD,19,824,490,83,87
processed\train\CARRIAGE_WAY_NARROWS\photo_2025-04-08_10-23-02 (4)_crop01_04.jpg,C:\Users\ASUS G 16 JVR\Desktop\deepLearning_CNN\dataset\processed\train\CARRIAGE_WAY_NARROWS\photo_2025-04-08_10-23-02 (4)_crop01_04.jpg,photo_2025-04-08_10-23-02 (4)_crop01_04.jpg,photo_2025-04-08_10-23-02 (4).jpg,train,CARRIAGE_WAY_NARROWS,4,556,511,146,138
processed\train\HOSPITAL\photo_2025-04-08_10-23-02_crop00_09.jpg,C:\Users\ASUS G 16 JVR\Desktop\deepLearning_CNN\dataset\processed\train\HOSPITAL\photo_2025-04-08_10-23-02_crop00_09.jpg,photo_2025-04-08_10-23-02_crop00_09.jpg,photo_2025-04-08_10-23-02.jpg,train,HOSPITAL,9,857,411,138,134
processed\train\LEFT_BEND\photo_2025-04-08_10-23-02_crop01_12.jpg,C:\Users\ASUS G 16 JVR\Desktop\deepLearning_CNN\dataset\processed\train\LEFT_BEND\photo_2025-04-08_10-23-02_crop01_12.jpg,photo_2025-04-08_10-23-02_crop01_12.jpg,photo_2025-04-08_10-23-02.jpg,train,LEFT_BEND,12,362,667,42,46
processed\train\CHILDREN_CROSSING\photo_2025-04-08_10-23-03 (2)_crop00_05.jpg,C:\Users\ASUS G 16 JVR\Desktop\deepLearning_CNN\dataset\processed\train\CHILDREN_CROSSING\photo_2025-04-08_10-23-03 (2)_crop00_05.jpg,photo_2025-04-08_10-23-03 (2)_crop00_05.jpg,photo_2025-04-08_10-23-03 (2).jpg,train,CHILDREN_CROSSING,5,846,440,68,67
processed\train\ROAD_JUNCTION_ON_THE_LEFT\photo_2025-04-08_10-23-03 (5)_crop00_21.jpg,C:\Users\ASUS G 16 JVR\Desktop\deepLearning_CNN\dataset\processed\train\ROAD_JUNCTION_ON_THE_LEFT\photo_2025-04-08_10-23-03 (5)_crop00_21.jpg,photo_2025-04-08_10-23-03 (5)_crop00_21.jpg,photo_2025-04-08_10-23-03 (5).jpg,train,ROAD_JUNCTION_ON_THE_LEFT,21,864,361,207,209
